# vtk DataFile Version 2.0
mesh, Created by Gmsh 4.15.2 
ASCII
DATASET UNSTRUCTURED_GRID
POINTS 2409 double
-5.91073488120188e-17 4.998277129465497e-06 0
1.12e-05 0 0
0 6e-05 0
3.94e-05 6e-05 0
3.940000000005913e-05 2.49913856473275e-06 0
3.38e-05 0 0
1.486140001796086e-07 4.997543229652936e-06 0
2.972135039159963e-07 4.995341601802094e-06 0
4.457840160617353e-07 4.991672460670015e-06 0
5.943110443565015e-07 4.986536164161828e-06 0
7.427801007815882e-07 4.979933213295839e-06 0
8.911767029731356e-07 4.971864252154653e-06 0
1.039486375634807e-06 4.962330067822357e-06 0
1.187694651949764e-06 4.951331590307731e-06 0
1.335787074991881e-06 4.938869892453545e-06 0
1.483749199135859e-06 4.924946189831898e-06 0
1.631566591466378e-06 4.909561840625647e-06 0
1.77922483318593e-06 4.892718345495932e-06 0
1.9267095210213e-06 4.874417347435783e-06 0
2.074006268628531e-06 4.854660631609863e-06 0
2.221100707996228e-06 4.83345012518033e-06 0
2.367978490847086e-06 4.810787897118855e-06 0
2.514625290037488e-06 4.786676158004803e-06 0
2.66102680095504e-06 4.761117259809609e-06 0
2.807168742913907e-06 4.734113695667343e-06 0
2.953036860547823e-06 4.705668099631533e-06 0
3.09861692520062e-06 4.675783246418214e-06 0
3.243894736314152e-06 4.644462051135285e-06 0
3.388856122813527e-06 4.611707568998132e-06 0
3.533486944489348e-06 4.577522995031631e-06 0
3.677773093377064e-06 4.541911663758482e-06 0
3.821700495133116e-06 4.504877048873939e-06 0
3.965255110407811e-06 4.466422762906979e-06 0
4.108422936214785e-06 4.426552556867908e-06 0
4.251190007296929e-06 4.385270319882487e-06 0
4.39354239748861e-06 4.342580078812545e-06 0
4.535466221074106e-06 4.298485997863201e-06 0
4.676947634142079e-06 4.252992378176658e-06 0
4.817972835935976e-06 4.20610365741265e-06 0
4.958528070200216e-06 4.157824409315577e-06 0
5.098599626522044e-06 4.108159343268351e-06 0
5.238173841668906e-06 4.057113303833035e-06 0
5.37723710092121e-06 4.00469127027827e-06 0
5.515775839400422e-06 3.95089835609357e-06 0
5.653776543392176e-06 3.895739808490548e-06 0
5.791225751664503e-06 3.839221007891058e-06 0
5.928110056780903e-06 3.781347467402381e-06 0
6.064416106408162e-06 3.722124832279438e-06 0
6.200130604618801e-06 3.661558879374121e-06 0
6.335240313188023e-06 3.599655516571812e-06 0
6.469732052885033e-06 3.536420782215084e-06 0
6.603592704758602e-06 3.471860844514702e-06 0
6.736809211416747e-06 3.405982000947933e-06 0
6.869368578300413e-06 3.338790677644281e-06 0
7.00125787495102e-06 3.270293428758634e-06 0
7.132464236271766e-06 3.200496935831955e-06 0
7.262974863782541e-06 3.129408007139518e-06 0
7.392777026868355e-06 3.057033577026819e-06 0
7.52185806402113e-06 2.983380705233153e-06 0
7.650205384074807e-06 2.908456576202957e-06 0
7.777806467433477e-06 2.832268498385047e-06 0
7.904648867292652e-06 2.75482390351969e-06 0
8.030720210853367e-06 2.676130345913677e-06 0
8.15600820052908e-06 2.596195501703456e-06 0
8.280500615145247e-06 2.515027168106349e-06 0
8.404185311131411e-06 2.432633262659985e-06 0
8.527050223705767e-06 2.349021822449986e-06 0
8.649083368051999e-06 2.264201003325991e-06 0
8.770272840488349e-06 2.178179079106092e-06 0
8.890606819628735e-06 2.090964440769773e-06 0
9.010073567535896e-06 2.002565595639414e-06 0
9.128661430866327e-06 1.912991166550452e-06 0
9.246358842007057e-06 1.822249891010242e-06 0
9.363154320203939e-06 1.730350620345803e-06 0
9.479036472681582e-06 1.637302318840389e-06 0
9.593993995754644e-06 1.543114062859076e-06 0
9.708015675930439e-06 1.447795039963419e-06 0
9.821090391002769e-06 1.351354548015244e-06 0
9.933207111136819e-06 1.253801994269702e-06 0
1.004435489994506e-05 1.155146894457637e-06 0
1.015452291555407e-05 1.055398871857351e-06 0
1.026370041166205e-05 9.545676563559636e-07 0
1.037187673858708e-05 8.526630835002622e-07 0
1.047904134430597e-05 7.496950935373167e-07 0
1.058518377548352e-05 6.456737304448581e-07 0
1.069029367849221e-05 5.406091409515467e-07 0
1.079436080042211e-05 4.345115735472123e-07 0
1.089737499008107e-05 3.273913774831315e-07 0
1.099932619898477e-05 2.192590017626121e-07 0
1.110020448233709e-05 1.101249941216194e-07 0
0 5.604231483649441e-05 0
0 5.208462967298881e-05 0
0 4.812694450948323e-05 0
0 4.416925934597764e-05 0
0 4.021157418247205e-05 0
0 3.625388901896647e-05 0
0 3.229620385546088e-05 0
0 2.833851869195529e-05 0
0 2.438083352844968e-05 0
0 2.042314836494406e-05 0
0 1.647288678356742e-05 0
0 1.319789622109801e-05 0
0 1.086323311318043e-05 0
0 9.198206861192132e-06 0
0 8.010749668839606e-06 0
0 7.163883286854329e-06 0
0 6.559918307473631e-06 0
0 6.129184767258597e-06 0
0 5.821995853970756e-06 0
0 5.602916010599164e-06 0
0 5.443516710359878e-06 0
0 5.295103516728415e-06 0
0 5.146690323096959e-06 0
3.546e-05 6e-05 0
3.152e-05 6e-05 0
2.758e-05 6e-05 0
2.364e-05 6e-05 0
1.969999999999999e-05 6e-05 0
1.575999999999998e-05 6e-05 0
1.181999999999996e-05 6e-05 0
7.879999999999945e-06 6e-05 0
3.939999999999972e-06 6e-05 0
3.94e-05 2.645392607455442e-06 0
3.94e-05 2.791646650178134e-06 0
3.94e-05 2.937900692900826e-06 0
3.94e-05 3.0930014245363e-06 0
3.94e-05 3.303771097193248e-06 0
3.94e-05 3.597857877886445e-06 0
3.94e-05 4.008196945851136e-06 0
3.94e-05 4.580742809240914e-06 0
3.94e-05 5.37961570721303e-06 0
3.94e-05 6.494282338696712e-06 0
3.94e-05 8.049576209901799e-06 0
3.94e-05 1.021967622840599e-05 0
3.94e-05 1.324787448913652e-05 0
3.94e-05 1.709881413467667e-05 0
3.94e-05 2.099892194061512e-05 0
3.94e-05 2.489902974655357e-05 0
3.94e-05 2.879913755249206e-05 0
3.94e-05 3.269924535843055e-05 0
3.94e-05 3.659935316436903e-05 0
3.94e-05 4.049946097030753e-05 0
3.94e-05 4.439956877624602e-05 0
3.94e-05 4.829967658218452e-05 0
3.94e-05 5.219978438812302e-05 0
3.94e-05 5.60998921940615e-05 0
3.389915778518212e-05 1.083661682790692e-07 0
3.40004122079644e-05 2.147759171592158e-07 0
3.410372467537842e-05 3.191886887273386e-07 0
3.420905581003517e-05 4.215646862151865e-07 0
3.43163654651337e-05 5.218648891678371e-07 0
3.442561273976305e-05 6.200510683162806e-07 0
3.45367559944915e-05 7.16085800148445e-07 0
3.464975286723744e-05 8.099324811731141e-07 0
3.476456028941559e-05 9.015553418713009e-07 0
3.48811345023525e-05 9.909194603297186e-07 0
3.499943107396513e-05 1.077990775551251e-06 0
3.511940491569608e-05 1.162736100437215e-06 0
3.524101029969899e-05 1.245123134436598e-06 0
3.536420087626766e-05 1.325120475857344e-06 0
3.548892969150218e-05 1.402697633835081e-06 0
3.561514920520532e-05 1.477825039954645e-06 0
3.574281130900239e-05 1.550474059520053e-06 0
3.587186734467771e-05 1.620617002468575e-06 0
3.60022681227206e-05 1.688227133924736e-06 0
3.613396394107386e-05 1.753278684390304e-06 0
3.626690460407767e-05 1.815746859566268e-06 0
3.64010394416016e-05 1.87560784980317e-06 0
3.653631732835736e-05 1.932838839176094e-06 0
3.667268670338527e-05 1.987418014180947e-06 0
3.681009558970649e-05 2.03932457204861e-06 0
3.694849161413411e-05 2.088538728673916e-06 0
3.708782202723499e-05 2.135041726156309e-06 0
3.722803372343519e-05 2.178815839949391e-06 0
3.73690732612611e-05 2.219844385616617e-06 0
3.751088688370846e-05 2.258111725190531e-06 0
3.765342053873192e-05 2.293603273133163e-06 0
3.779661989984677e-05 2.326305501895272e-06 0
3.794043038683545e-05 2.356205947072365e-06 0
3.808479718655071e-05 2.383293212155475e-06 0
3.822966527380756e-05 2.40755697287493e-06 0
3.837497943235603e-05 2.428987981135426e-06 0
3.852068427592674e-05 2.447578068540929e-06 0
3.866672426934133e-05 2.463320149508049e-06 0
3.881304374967959e-05 2.476208223966688e-06 0
3.895958694749529e-05 2.486237379646974e-06 0
3.910629800807262e-05 2.493403793951551e-06 0
3.925312101271515e-05 2.497704735412564e-06 0
1.134966887417218e-05 0 0
1.149933774834437e-05 0 0
1.164900662251656e-05 0 0
1.179867549668874e-05 0 0
1.194834437086093e-05 0 0
1.209801324503311e-05 0 0
1.22476821192053e-05 0 0
1.239735099337748e-05 0 0
1.254701986754967e-05 0 0
1.269668874172185e-05 0 0
1.284635761589404e-05 0 0
1.299602649006622e-05 0 0
1.314569536423841e-05 0 0
1.32953642384106e-05 0 0
1.344503311258278e-05 0 0
1.359470198675497e-05 0 0
1.374437086092715e-05 0 0
1.389403973509934e-05 0 0
1.404370860927152e-05 0 0
1.419337748344371e-05 0 0
1.434304635761589e-05 0 0
1.449271523178808e-05 0 0
1.464238410596027e-05 0 0
1.479205298013245e-05 0 0
1.494172185430464e-05 0 0
1.509139072847682e-05 0 0
1.524105960264901e-05 0 0
1.539072847682119e-05 0 0
1.554039735099338e-05 0 0
1.569006622516556e-05 0 0
1.583973509933775e-05 0 0
1.598940397350994e-05 0 0
1.613907284768212e-05 0 0
1.628874172185431e-05 0 0
1.643841059602649e-05 0 0
1.658807947019868e-05 0 0
1.673774834437086e-05 0 0
1.688741721854305e-05 0 0
1.703708609271524e-05 0 0
1.718675496688742e-05 0 0
1.73364238410596e-05 0 0
1.748609271523179e-05 0 0
1.763576158940397e-05 0 0
1.778543046357616e-05 0 0
1.793509933774835e-05 0 0
1.808476821192053e-05 0 0
1.823443708609272e-05 0 0
1.83841059602649e-05 0 0
1.853377483443709e-05 0 0
1.868344370860928e-05 0 0
1.883311258278146e-05 0 0
1.898278145695365e-05 0 0
1.913245033112583e-05 0 0
1.928211920529802e-05 0 0
1.94317880794702e-05 0 0
1.958145695364239e-05 0 0
1.973112582781458e-05 0 0
1.988079470198676e-05 0 0
2.003046357615895e-05 0 0
2.018013245033113e-05 0 0
2.032980132450332e-05 0 0
2.047947019867551e-05 0 0
2.062913907284769e-05 0 0
2.077880794701987e-05 0 0
2.092847682119206e-05 0 0
2.107814569536424e-05 0 0
2.122781456953643e-05 0 0
2.137748344370861e-05 0 0
2.15271523178808e-05 0 0
2.167682119205299e-05 0 0
2.182649006622517e-05 0 0
2.197615894039736e-05 0 0
2.212582781456954e-05 0 0
2.227549668874173e-05 0 0
2.242516556291391e-05 0 0
2.25748344370861e-05 0 0
2.272450331125828e-05 0 0
2.287417218543047e-05 0 0
2.302384105960265e-05 0 0
2.317350993377484e-05 0 0
2.332317880794702e-05 0 0
2.347284768211921e-05 0 0
2.362251655629139e-05 0 0
2.377218543046358e-05 0 0
2.392185430463576e-05 0 0
2.407152317880795e-05 0 0
2.422119205298013e-05 0 0
2.437086092715232e-05 0 0
2.45205298013245e-05 0 0
2.467019867549669e-05 0 0
2.481986754966887e-05 0 0
2.496953642384106e-05 0 0
2.511920529801324e-05 0 0
2.526887417218543e-05 0 0
2.541854304635761e-05 0 0
2.55682119205298e-05 0 0
2.571788079470198e-05 0 0
2.586754966887417e-05 0 0
2.601721854304635e-05 0 0
2.616688741721854e-05 0 0
2.631655629139073e-05 0 0
2.646622516556291e-05 0 0
2.66158940397351e-05 0 0
2.676556291390728e-05 0 0
2.691523178807947e-05 0 0
2.706490066225165e-05 0 0
2.721456953642383e-05 0 0
2.736423841059602e-05 0 0
2.751390728476821e-05 0 0
2.766357615894039e-05 0 0
2.781324503311257e-05 0 0
2.796291390728476e-05 0 0
2.811258278145695e-05 0 0
2.826225165562913e-05 0 0
2.841192052980132e-05 0 0
2.85615894039735e-05 0 0
2.871125827814569e-05 0 0
2.886092715231787e-05 0 0
2.901059602649006e-05 0 0
2.916026490066224e-05 0 0
2.930993377483443e-05 0 0
2.945960264900661e-05 0 0
2.96092715231788e-05 0 0
2.975894039735099e-05 0 0
2.990860927152317e-05 0 0
3.005827814569535e-05 0 0
3.020794701986754e-05 0 0
3.035761589403972e-05 0 0
3.050728476821191e-05 0 0
3.065695364238409e-05 0 0
3.080662251655628e-05 0 0
3.095629139072847e-05 0 0
3.110596026490065e-05 0 0
3.125562913907284e-05 0 0
3.140529801324503e-05 0 0
3.155496688741721e-05 0 0
3.17046357615894e-05 0 0
3.185430463576159e-05 0 0
3.200397350993377e-05 0 0
3.215364238410595e-05 0 0
3.230331125827814e-05 0 0
3.245298013245033e-05 0 0
3.260264900662252e-05 0 0
3.275231788079471e-05 0 0
3.290198675496688e-05 0 0
3.305165562913907e-05 0 0
3.320132450331126e-05 0 0
3.335099337748345e-05 0 0
3.350066225165563e-05 0 0
3.365033112582782e-05 0 0
1.725502444415588e-05 1.23218967095319e-07 0
1.9502977312615e-05 1.305329187575719e-07 0
2.160846862471554e-05 1.238357494907941e-07 0
8.166732863394346e-06 2.758808000158869e-06 0
2.353215331054998e-05 1.283709162224354e-07 0
2.534370860927152e-05 1.296170471889266e-07 0
1.546556291390729e-05 1.2961704718893e-07 0
2.700968593950142e-05 1.274941088986031e-07 0
2.861445505978243e-05 1.125116125426393e-07 0
7.127306591580956e-06 3.349023224337185e-06 0
6.047551388090055e-06 3.869780651507619e-06 0
9.135191589491862e-06 2.064028115163202e-06 0
3.013311258278145e-05 1.2961704718893e-07 0
3.523351086482091e-05 1.390438530979249e-06 0
1.411854304635762e-05 1.2961704718893e-07 0
5.066106221970137e-06 4.251336782183308e-06 0
3.148006951259344e-05 1.295299673974661e-07 0
3.602189597573157e-05 1.830650310660097e-06 0
9.948104512830275e-06 1.418117452113325e-06 0
2.055312295612819e-05 1.280653347593679e-07 0
1.832006835095096e-05 1.457015413854624e-07 0
1.307296212340941e-05 1.21716014650295e-07 0
4.21555793771028e-06 4.529551348756239e-06 0
3.360813268664606e-06 4.747947325090006e-06 0
3.450865147454398e-05 8.675513104870801e-07 0
2.265477879238514e-05 1.502929491432322e-07 0
2.444355420062761e-05 1.368698057279994e-07 0
1.637464207633141e-05 1.246261625983893e-07 0
3.669608852821552e-05 2.133150433935706e-06 0
3.237814569536423e-05 1.296170471889266e-07 0
2.628190488405495e-06 4.896372439011165e-06 0
1.051356304048824e-05 8.838026344054636e-07 0
2.937052978340515e-05 1.487437277524379e-07 0
2.787408403114024e-05 1.323928238434488e-07 0
2.609020074864071e-05 1.173308411022446e-07 0
1.231036833875195e-05 1.241254373670372e-07 0
3.726302172952001e-05 2.321473935478245e-06 0
3.784342675500381e-05 2.467597951023543e-06 0
8.661523780010074e-06 2.412295215995519e-06 0
7.63912014675854e-06 3.050319477139974e-06 0
2.032036293689124e-06 4.990211569554859e-06 0
6.594594134563374e-06 3.61359345418796e-06 0
3.312781572592494e-05 1.31017099168831e-07 0
3.088140521809818e-05 1.296946974312079e-07 0
1.486903355320175e-05 1.223621708320274e-07 0
1.095271249786704e-05 4.737783798469398e-07 0
3.115277166238924e-06 1.833782503051293e-05 0
3.78941420764413e-05 9.113051642687511e-06 0
3.405638759794575e-05 4.530149340084406e-07 0
1.289061778547519e-06 5.082833959490047e-06 0
3.486489003919376e-05 1.137083409675352e-06 0
3.826528341082562e-05 2.553973787433133e-06 0
3.561165528013581e-05 1.621342556520473e-06 0
1.171984184319039e-05 1.269271190179827e-07 0
9.613987153137295e-06 1.706549263108737e-06 0
4.642687365039857e-06 4.393917208973181e-06 0
3.772075525784202e-06 4.643736585371415e-06 0
1.568017756354895e-06 1.002433304510123e-05 0
2.487428877148533e-05 1.257311913620419e-07 0
3.192908733730348e-05 1.296946974312181e-07 0
2.654187610874571e-05 1.237222923995786e-07 0
1.366574456787356e-05 1.011982684434125e-07 0
1.591868514682223e-05 1.465782550158294e-07 0
2.400550664522484e-05 1.315614726246052e-07 0
2.742420643535505e-05 1.229219818960721e-07 0
3.874074889151393e-05 4.838752522093803e-06 0
3.602240756255929e-05 3.854940706733828e-05 0
8.237237877250249e-07 5.100328300079683e-06 0
6.377625053565381e-07 7.551797580635183e-06 0
3.872961708935099e-05 2.602500767084303e-06 0
3.609498130257901e-05 2.716346697569695e-05 0
3.32958715906694e-06 3.426375294958459e-05 0
3.909497465998993e-05 3.80302741186881e-06 0
2.847900623271512e-07 6.300359970638872e-06 0
1.773693990789343e-05 5.663196497378553e-05 0
1.469064794047104e-07 5.686742355089617e-06 0
3.924157346769494e-05 3.198386260864763e-06 0
3.642124590851655e-05 1.51733443119066e-05 0
3.358226259920228e-05 1.334219503762407e-07 0
3.593146423144538e-06 4.606067293861373e-05 0
3.696800053379885e-05 2.246777009577368e-06 0
3.428595737700534e-05 6.655688938653294e-07 0
3.755679310867618e-05 2.408058567541335e-06 0
3.64195181647897e-05 2.022265434389172e-06 0
1.114457656725322e-05 2.495018570735142e-07 0
1.73009940957486e-06 5.029605896026001e-06 0
1.017671582721816e-05 1.188425114376789e-06 0
1.07269632019346e-05 6.802131099749458e-07 0
8.911888686340442e-06 2.234375878599163e-06 0
3.051707934945385e-06 4.816801707298759e-06 0
5.025118210840158e-07 5.127570260376118e-06 0
9.389187017009637e-06 1.885506289301688e-06 0
2.33042024514556e-06 4.945106756257745e-06 0
3.902684695186387e-05 2.61701916157385e-06 0
3.282715231788078e-05 1.294010941362486e-07 0
1.516863309221164e-05 1.306342285606106e-07 0
1.276116665852099e-05 1.342499400300839e-07 0
1.456754966887417e-05 1.2961704718893e-07 0
1.201628945238307e-05 1.197900766920718e-07 0
1.336925710992061e-05 1.293346990310484e-07 0
3.615195328619526e-06 2.679534935276553e-05 0
2.556202780541223e-05 5.663269273013883e-05 0
3.587427902582853e-05 4.627221325909119e-05 0
1.236283897191949e-07 5.372551836825837e-06 0
9.882663487219675e-06 5.688464839091011e-05 0
3.385687651130976e-05 2.609911524386612e-07 0
1.142171375916611e-05 1.314134094912198e-07 0
3.929897608621803e-05 2.866487099765223e-06 0
3.318336639551386e-05 5.6272877462331e-05 0
2.298045190169177e-07 5.130779565937563e-06 0
3.741215095963871e-06 5.388854090327337e-05 0
2.795672553926206e-06 1.417382969038229e-05 0
6.118544756149346e-06 1.588071198711773e-05 0
6.619431242651576e-06 1.988236921927988e-05 0
9.786119535885868e-06 1.734655803848933e-05 0
1.039028329946205e-05 2.133006484671463e-05 0
1.360960690519675e-05 1.877710743022178e-05 0
1.427721197446448e-05 2.272723569516352e-05 0
1.288914922913863e-05 1.482142262753828e-05 0
1.672342719032523e-05 1.62373205955433e-05 0
1.58949938862262e-05 1.181613343235389e-05 0
1.979464479861017e-05 1.362510697422884e-05 0
2.048240008365668e-05 1.763729613854575e-05 0
1.901628076076272e-05 9.742181357847694e-06 0
1.231119707158051e-05 1.13486254140069e-05 0
2.241934846162271e-05 1.06032216615662e-05 0
2.269362192304161e-05 7.808366288931858e-06 0
2.515252411750677e-05 8.406924031021604e-06 0
1.901316553537433e-05 6.394375902520997e-06 0
2.502667777127995e-05 5.484129576944837e-06 0
2.737862040037432e-05 6.489045973938661e-06 0
2.25696539876993e-05 4.774740260376793e-06 0
2.725829602808183e-05 4.215329620777033e-06 0
2.603869763990426e-05 1.230842465345517e-05 0
1.106398732669969e-05 2.528763706974756e-05 0
1.49366336555831e-05 2.667601856701056e-05 0
1.184666024092727e-05 2.921579619196167e-05 0
1.562345586329048e-05 3.061833861372464e-05 0
1.870971715449449e-05 2.807893853679543e-05 0
1.936785818039387e-05 3.202526829503624e-05 0
1.627722009997432e-05 3.45645508884432e-05 0
2.002162249487726e-05 3.597148066235611e-05 0
1.693098447901328e-05 3.851076336514998e-05 0
2.067538682640274e-05 3.991769306193283e-05 0
2.311317096715706e-05 3.343119517030108e-05 0
1.758474881287938e-05 4.245697576984638e-05 0
2.132915115284423e-05 4.386390545453224e-05 0
2.441978916803465e-05 4.132462274903475e-05 0
2.507355349190728e-05 4.52708351377487e-05 0
1.384034647498973e-05 4.105004608816841e-05 0
1.44941108006788e-05 4.499625848008451e-05 0
2.198291547704832e-05 4.781011784385875e-05 0
2.816419150697564e-05 4.273155243200783e-05 0
2.8806273666342e-05 4.667970019026703e-05 0
2.75106103671957e-05 3.878485251893336e-05 0
1.07497084622522e-05 4.3589328797758e-05 0
1.140347278591872e-05 4.753554118631055e-05 0
1.009594413905293e-05 3.964311640976575e-05 0
1.514787512410202e-05 4.894247086821292e-05 0
5.449118415403806e-06 1.242446887401848e-05 0
1.655999903442649e-05 7.67252993951641e-06 0
1.581698194240989e-05 5.408436788271889e-06 0
1.839855484531523e-05 3.696729481279642e-06 0
1.264483022910512e-05 6.692880165953907e-06 0
1.172870108263026e-05 5.124403768459877e-05 0
8.358749687890426e-06 4.991352695630504e-05 0
6.989719856322626e-06 4.230187791212062e-05 0
3.197482907065594e-05 3.994742851086396e-05 0
3.060106519883206e-05 3.624605733859469e-05 0
9.040126672374626e-06 1.270071564782664e-05 0
8.542650883312172e-06 9.413465110614187e-06 0
7.930293743311855e-06 2.786958044514374e-05 0
8.905343666752632e-06 3.173636295233892e-05 0
6.253843922731811e-06 3.817423416102013e-05 0
2.363477418286617e-07 5.924095439511294e-06 0
4.52374903869283e-07 5.825025661572713e-06 0
3.759892635028979e-07 5.518202762379539e-06 0
5.384445446793276e-07 5.618443332799721e-06 0
6.595535875534377e-07 5.816295411258985e-06 0
8.437006106790591e-07 5.707063176223494e-06 0
9.075102774045015e-07 5.916511877292762e-06 0
1.08159810364982e-06 5.704656072541649e-06 0
1.17741602496691e-06 5.984777737341975e-06 0
1.38878929928871e-06 5.761909901689616e-06 0
1.569378592352809e-06 6.129793897393146e-06 0
1.017478695963034e-06 5.476037947562755e-06 0
9.435037610242632e-07 6.201616288845237e-06 0
5.05406068561476e-07 5.426761118299563e-06 0
3.658932405506182e-07 5.365894266095244e-06 0
7.702011155816988e-07 5.465592369353855e-06 0
1.183956682117537e-06 5.513540220043971e-06 0
1.438365423571941e-06 5.514764286516157e-06 0
1.124423195711775e-06 5.355517904716602e-06 0
9.741970220730315e-07 5.328632883900936e-06 0
1.056440761059674e-06 5.215490616715528e-06 0
1.247887764498849e-06 5.384630375490845e-06 0
4.912375880358261e-07 5.278506049740804e-06 0
6.276645595983701e-07 5.322946265995961e-06 0
3.913004836541574e-05 3.431663395876584e-06 0
3.881836233722668e-05 3.589640111928624e-06 0
3.870942304886009e-05 3.888469539478317e-06 0
3.842143813126409e-05 3.555512613070314e-06 0
3.849901359398256e-05 3.248773933644653e-06 0
3.808195103222541e-05 3.347519653923137e-06 0
3.798499559739291e-05 3.705461618641382e-06 0
3.825514290951535e-05 3.05477219648768e-06 0
3.884374220658263e-05 3.190073264292922e-06 0
3.775416544847128e-05 7.097034784712396e-06 0
3.59182894223962e-05 8.359696137434616e-06 0
3.614973844257634e-05 6.411562374027961e-06 0
3.401589838382962e-05 7.040023764462695e-06 0
3.387415083185288e-05 5.396565126757863e-06 0
3.563069328796007e-05 4.404079864378715e-06 0
3.357744473949655e-05 9.569838976495491e-06 0
3.238118819127133e-05 5.314732084362705e-06 0
3.243798954370094e-05 4.12525540002538e-06 0
3.062379283396049e-05 5.290651776911405e-06 0
3.091898999762676e-05 3.2489815414861e-06 0
3.237912124677827e-05 2.409250197631791e-06 0
3.387787442413785e-05 3.499785459083383e-06 0
3.06668411516129e-05 7.174929383998843e-06 0
3.101086544569596e-05 1.056001467949399e-05 0
2.992114169139476e-05 3.841177548534458e-06 0
2.95767307685911e-05 2.619098548548696e-06 0
3.084125879336754e-05 2.104332400186395e-06 0
3.739341449581336e-05 5.808005202713852e-06 0
5.225189274322505e-07 6.791960902095895e-06 0
1.173790764331149e-06 7.050392681379751e-06 0
1.466182101253804e-06 7.791469534884267e-06 0
2.037642762227294e-06 7.061810448089877e-06 0
2.407479984851458e-06 7.982759850989738e-06 0
2.977139621245127e-06 7.072268836058086e-06 0
2.507930996488169e-06 6.447020338110991e-06 0
3.562975791504531e-06 6.5499520848022e-06 0
3.882070311301514e-06 7.257811797003546e-06 0
4.309248621172331e-06 6.462281140798006e-06 0
4.769347129950386e-06 7.212489849413363e-06 0
5.12085743921201e-06 6.32697797790673e-06 0
4.765343587232976e-06 5.805252807215479e-06 0
5.47157674142012e-06 5.809324748271156e-06 0
5.906330104618564e-06 6.212280069159437e-06 0
6.202965073158158e-06 5.640507918318055e-06 0
6.694314908344481e-06 6.029030424894333e-06 0
6.963913021468377e-06 5.387683813657982e-06 0
7.499122921138382e-06 5.882173791420568e-06 0
7.796054469649848e-06 5.295745170587069e-06 0
8.403261215299126e-06 5.744806265305779e-06 0
8.648171230101937e-06 4.816060041322624e-06 0
8.046126866674246e-06 4.431553332984835e-06 0
8.836861469679749e-06 4.221133933193094e-06 0
9.39111169217251e-06 4.61334644015911e-06 0
9.639061969798583e-06 3.912023514290232e-06 0
8.413836582341986e-06 3.797181891241151e-06 0
5.702378740189053e-06 5.187710524585101e-06 0
5.620159588551606e-06 4.015477182751305e-06 0
3.130067416874304e-06 5.859031555386233e-06 0
1.023642855953939e-05 4.428217522727179e-06 0
1.035305735606681e-05 3.578933154404119e-06 0
1.108899507437072e-05 4.161136427899024e-06 0
1.126399873190295e-05 3.357105453086e-06 0
1.204426856407679e-05 3.821880583045856e-06 0
1.196841766399434e-05 2.691934243055799e-06 0
1.135933122442818e-05 2.224376626869589e-06 0
1.217755599099827e-05 1.90724075269196e-06 0
1.282288031883793e-05 2.233051948775834e-06 0
1.151770182832593e-05 1.484235483637633e-06 0
1.290286167948069e-05 1.612576081825361e-06 0
1.344443530208992e-05 1.796497190439228e-06 0
1.354799461398599e-05 1.326116914647912e-06 0
1.401985705504043e-05 1.519827046965564e-06 0
1.411245325336866e-05 2.152587125397669e-06 0
1.459948980489406e-05 1.828545091015873e-06 0
1.301524617489937e-05 9.527794577555084e-07 0
1.397457270303093e-05 9.925651040309015e-07 0
9.704195777052799e-06 3.153307504432076e-06 0
1.477821853452108e-05 2.4816732065906e-06 0
1.536594716862849e-05 1.977055404416784e-06 0
1.409981213094867e-05 3.006520917488735e-06 0
1.522608825915113e-05 1.253885503126699e-06 0
1.585940257076781e-05 1.528765871144332e-06 0
1.564183696007851e-05 9.413519113325974e-07 0
1.601479016154663e-05 2.178285522032573e-06 0
1.648446649428428e-05 1.641103318135805e-06 0
6.40921972231172e-06 7.029378264111138e-06 0
4.28073094608665e-06 8.257171919746626e-06 0
1.004524243595153e-05 5.437388385741193e-06 0
1.064648866068001e-05 2.642457520724366e-06 0
1.674264333634821e-05 2.405358202874143e-06 0
1.7077374062486e-05 1.833317121323803e-06 0
1.692195757259556e-05 1.067025146801757e-06 0
1.681251434511284e-05 1.241444357962437e-07 0
9.18335055952702e-06 3.480957258863872e-06 0
4.03769253895082e-06 5.817636146284672e-06 0
7.315454759900728e-06 4.604090865059558e-06 0
6.554242617127598e-06 4.831892071011741e-06 0
1.223015098823378e-05 1.338305861481849e-06 0
1.4651392620426e-05 1.092454117832259e-06 0
1.605862182829263e-05 3.048668904965352e-06 0
5.145154116367538e-06 5.190468338076738e-06 0
5.657196597467828e-06 8.250709066992046e-06 0
8.231027597850161e-06 7.163550356688702e-06 0
1.508493731280067e-05 3.253404599433171e-06 0
1.446781070801698e-05 4.216266118841707e-06 0
9.428140155340055e-06 6.540685100975837e-06 0
1.745546175804621e-05 2.306422934716547e-06 0
1.802983671583331e-05 1.831777960529018e-06 0
1.890813870096871e-05 1.373584161864757e-07 0
1.76748390584198e-05 1.231167476045824e-06 0
1.786026490066226e-05 1.2961704718893e-07 0
1.831621223908041e-05 1.436001910932151e-06 0
1.858661601517437e-05 1.847153629070736e-06 0
1.893253404945912e-05 1.472516911803419e-06 0
1.921438516026644e-05 1.836228507985341e-06 0
1.954602386954399e-05 1.476748605771235e-06 0
2.010259219329125e-05 1.297846051400865e-07 0
1.982821649651532e-05 1.850203422820758e-06 0
2.014347322656464e-05 1.490190443889328e-06 0
2.04428626119781e-05 1.86867414344175e-06 0
2.076987102734066e-05 1.487341924220187e-06 0
2.115742965764404e-05 1.262712953133883e-07 0
2.012779255670368e-05 2.618663256856542e-06 0
2.10692207426018e-05 1.884075660468014e-06 0
2.140282634558693e-05 1.513775162706661e-06 0
2.170223617860881e-05 1.897542816183938e-06 0
2.201723423819058e-05 1.528316811921115e-06 0
2.221590062789529e-05 1.300293779894621e-07 0
2.233919558902579e-05 1.921431269328118e-06 0
2.267558378584305e-05 1.535751053668291e-06 0
2.310575947052246e-05 1.419809358178413e-07 0
2.298736357131147e-05 1.940138111059161e-06 0
2.332133294841368e-05 1.553127101265328e-06 0
2.363443553461467e-05 1.956086406928206e-06 0
2.398079639709412e-05 1.552521481928902e-06 0
2.43002039049535e-05 1.97776934862992e-06 0
2.467088174743994e-05 1.596669192722235e-06 0
2.49791884983888e-05 1.998864586661332e-06 0
2.532148185842765e-05 1.574417438204323e-06 0
2.136249105847482e-05 2.636577122597426e-06 0
1.861692760378052e-05 9.339744969877358e-07 0
1.983450865415674e-05 9.745217784466089e-07 0
2.230079228336959e-05 9.996577751696478e-07 0
2.497141786612837e-05 1.0153547135534e-06 0
2.366893887860986e-05 9.805879628887584e-07 0
2.112716328856786e-05 9.510607848522949e-07 0
2.564656094552137e-05 2.019430603092451e-06 0
2.599206633200757e-05 1.595509550749116e-06 0
2.632751253871759e-05 2.04266912677175e-06 0
2.667759566989549e-05 1.639506611894375e-06 0
2.635522037569176e-05 1.044858500918869e-06 0
2.701851325362234e-05 2.069766802673444e-06 0
2.736619676274861e-05 1.673313835177798e-06 0
2.771748585157948e-05 2.097025149466071e-06 0
2.811606542224336e-05 1.68934396657227e-06 0
2.77491167447967e-05 1.067908640642438e-06 0
2.396126694488588e-05 2.778550946871024e-06 0
2.52985468202358e-05 2.838610331476773e-06 0
2.075635726175649e-05 3.419285167319997e-06 0
2.044856514744204e-05 9.571315534953696e-07 0
2.166638887936803e-05 9.702206215594523e-07 0
2.299060866190966e-05 9.379263578853025e-07 0
2.432563365927099e-05 1.013193537630412e-06 0
2.565450258711295e-05 9.889950666875814e-07 0
2.702623464484998e-05 1.089747568140674e-06 0
1.916705832444106e-05 8.974695537300741e-07 0
1.804253910819801e-05 8.845089284230184e-07 0
2.843934036621565e-05 2.124114461917353e-06 0
2.884484760922715e-05 1.562072688693572e-06 0
2.844182010757769e-05 1.07283695852313e-06 0
1.890284861121685e-05 2.667377598231606e-06 0
2.263978624938112e-05 2.690085458686368e-06 0
1.956564909548149e-05 3.463083177742198e-06 0
1.623357179388787e-05 1.110930331606669e-06 0
1.306580597916575e-05 3.270277806236359e-06 0
2.004136059708557e-06 6.436586578078459e-06 0
2.275402236843559e-06 6.00816820343561e-06 0
1.703660615717247e-06 5.817106101686046e-06 0
2.800246110441797e-05 3.019608109367325e-06 0
2.663772531372696e-05 2.930672623218984e-06 0
2.591753121047811e-05 3.762621314218782e-06 0
2.454572740283654e-05 3.707664351068119e-06 0
5.425071399013065e-06 3.085282158218874e-05 0
1.185627358121627e-05 4.96961733269505e-06 0
1.565186074233684e-06 1.192263258790723e-05 0
3.332970113428525e-05 1.292532082860339e-05 0
3.846360934517193e-05 5.785254825211174e-06 0
3.779318377392136e-05 4.754550329652348e-06 0
3.659890430371993e-05 4.92351068420685e-06 0
3.660847296647957e-05 3.820307379272711e-06 0
3.562704198654092e-05 3.420621607800553e-06 0
3.835829665706098e-05 4.159497704738647e-06 0
1.554511336813541e-05 5.312749166939389e-05 0
9.305759727027795e-07 8.605819061748739e-06 0
2.025429619224805e-05 4.701597310120108e-06 0
6.944064771584878e-06 2.395363469938022e-05 0
4.825911711151789e-06 9.834067166047078e-06 0
3.116108725507237e-06 9.233587277481279e-06 0
3.687992391021702e-05 1.147665984151698e-05 0
3.28536583741144e-05 1.682021975518104e-05 0
3.608452044178609e-07 5.218872490154445e-06 0
3.917583184365305e-05 2.613528568755127e-06 0
3.909822410406059e-05 2.739647186657153e-06 0
3.894694042427716e-05 2.741483319135215e-06 0
3.901339519511208e-05 2.872382006150591e-06 0
3.8866245671969e-05 2.870287681031687e-06 0
3.879725026421541e-05 2.736329262331391e-06 0
3.871648165309927e-05 2.864017925344167e-06 0
3.864728230833448e-05 2.73079657827145e-06 0
3.856660854168551e-05 2.857995277702945e-06 0
3.849765101589797e-05 2.720907305909156e-06 0
3.841694899883219e-05 2.846961757743628e-06 0
3.863621127742775e-05 2.990647551078019e-06 0
3.834585267305488e-05 2.707966748163615e-06 0
3.826680758174865e-05 2.842755749943577e-06 0
3.819566703787939e-05 2.704100417245252e-06 0
3.811685333090287e-05 2.832591141003714e-06 0
3.804746432259488e-05 2.705028171843603e-06 0
3.796702991662725e-05 2.832240263071255e-06 0
3.773758608889546e-05 3.365489435436243e-06 0
3.756709505639098e-05 3.781355174056144e-06 0
3.733300970111212e-05 3.420086297987366e-06 0
3.749213301805162e-05 3.14344571545774e-06 0
3.715849359107695e-05 3.107634211952753e-06 0
3.732115354587478e-05 2.793910429617897e-06 0
3.789719742278972e-05 2.704581456899464e-06 0
3.781710328855353e-05 2.82788149579731e-06 0
3.774696340476786e-05 2.699460055883531e-06 0
3.788677958381244e-05 2.960542837557147e-06 0
3.766723310614864e-05 2.821620758154835e-06 0
3.759570438016494e-05 2.688778570953427e-06 0
3.768155290412043e-05 2.554605457012254e-06 0
3.751205757713824e-05 2.814657363518251e-06 0
3.743211960810378e-05 2.672562014754685e-06 0
3.726147737492568e-05 2.642712460227756e-06 0
3.713795876989966e-05 2.759932905567953e-06 0
3.709761973728418e-05 2.599842635671664e-06 0
3.697450825320707e-05 2.7120393441274e-06 0
3.694837634944971e-05 2.557779452689075e-06 0
3.681703461491534e-05 2.656553546792465e-06 0
3.706203596623351e-05 2.448967339635363e-06 0
3.736640792096702e-05 2.542662042256208e-06 0
3.691886462944461e-05 2.399970738722602e-06 0
3.795709863943072e-05 2.583764513292759e-06 0
3.720808207495065e-05 2.497677706955983e-06 0
3.810104891523041e-05 2.579142195209522e-06 0
3.69209710382119e-05 3.437230721423735e-06 0
3.67872637252022e-05 3.071736692731766e-06 0
3.710846270084349e-05 3.842457385437852e-06 0
3.751874852343966e-05 2.554500683046783e-06 0
3.858074443212678e-05 2.591482874583895e-06 0
3.628374516308401e-05 1.962210255527032e-06 0
3.629972796231723e-05 2.108629633377622e-06 0
3.64390015393753e-05 2.169284378330748e-06 0
3.631738858742851e-05 2.2580888802261e-06 0
3.645950068600725e-05 2.318127662578409e-06 0
3.63391961348854e-05 2.410946536500017e-06 0
3.648063032061064e-05 2.469478189978787e-06 0
3.660165209439414e-05 2.375510214898952e-06 0
3.661670169737339e-05 2.531405717998429e-06 0
3.649636281521063e-05 2.635278288949042e-06 0
3.674834209861611e-05 2.431560731404249e-06 0
3.671698135393449e-05 2.275922683782624e-06 0
3.375135877874201e-05 1.387197153549073e-07 0
3.366234290163985e-05 2.646895632875564e-07 0
3.350546998940139e-05 2.630003783467585e-07 0
3.357844453295362e-05 3.946014616540209e-07 0
3.342854035478273e-05 3.933535016774621e-07 0
3.35070018892568e-05 5.262779906875455e-07 0
3.335389078621862e-05 2.621788985266268e-07 0
3.327833968283538e-05 3.924860554950458e-07 0
3.376084592513786e-05 3.898510215503279e-07 0
3.367232964525555e-05 5.232468661041799e-07 0
3.36041731474385e-05 6.72650032965263e-07 0
3.382661182420465e-05 5.222909290428663e-07 0
3.391235143999237e-05 4.034300330131013e-07 0
3.320358481889026e-05 2.619510066309851e-07 0
3.312687529316268e-05 3.916634992840388e-07 0
3.320190787615657e-05 5.23455436466272e-07 0
3.303554010109843e-05 5.259436025545786e-07 0
3.312951197245097e-05 6.759553671198462e-07 0
3.292437361210893e-05 6.812918719734446e-07 0
3.305752912701427e-05 8.794716740920532e-07 0
3.280369318794303e-05 8.718898342026351e-07 0
3.272993907128462e-05 6.706427696041018e-07 0
3.255884090945117e-05 8.228126156755618e-07 0
3.293075308794317e-05 1.138170348164663e-06 0
3.244149683803172e-05 6.535826214551688e-07 0
3.230350796349255e-05 8.006774660938597e-07 0
3.241302826420393e-05 1.10503589334467e-06 0
3.206008177458541e-05 1.033407114642875e-06 0
3.219209754225763e-05 6.588399476811133e-07 0
3.327663140038441e-05 1.097557524959101e-06 0
3.310955681289568e-05 1.478168490499319e-06 0
3.353739568124715e-05 1.355946074499534e-06 0
3.343155914272162e-05 1.831049312353036e-06 0
3.392370300611008e-05 1.825039462003052e-06 0
3.402833039316626e-05 1.37481658819895e-06 0
3.431905317203147e-05 1.771154016026116e-06 0
3.436814640651787e-05 1.39957784788945e-06 0
3.258766619886762e-05 4.560651941517336e-07 0
3.415053180739873e-05 2.13056984182105e-06 0
3.452271369330086e-05 2.029260327827658e-06 0
3.296369926499538e-05 3.889564061246566e-07 0
3.373502179138302e-05 1.123830171773585e-06 0
3.444019089320106e-05 2.42440522435562e-06 0
3.487212791698942e-05 2.251226277613291e-06 0
3.477755880752515e-05 2.732635799002931e-06 0
3.495671241902321e-05 1.908514992130594e-06 0
3.522678336084705e-05 2.535498330229755e-06 0
3.618799763531849e-05 2.347165083690936e-06 0
3.62295055131157e-05 2.525633465099603e-06 0
3.230417226012027e-05 4.483283566785542e-07 0
3.221769009522327e-05 1.428191202493909e-06 0
3.179000658407354e-05 1.383882416733149e-06 0
3.171000586889392e-05 1.020209470373481e-06 0
3.140065881423445e-05 1.237240816467159e-06 0
3.125827689755108e-05 9.603743681703522e-07 0
3.148460656778825e-05 6.462469549430845e-07 0
3.101555340674623e-05 1.140442728933131e-06 0
3.088638925995205e-05 8.945740473445021e-07 0
3.065772684430672e-05 1.058457285789071e-06 0
3.053234439108219e-05 8.1651508249082e-07 0
3.033185805606547e-05 9.770332741888997e-07 0
3.058210370088152e-05 1.296112562181082e-07 0
3.021671379186388e-05 7.588164302282143e-07 0
3.003350489815694e-05 9.013971931906847e-07 0
2.993199277047724e-05 7.076831074487824e-07 0
2.968405422472068e-05 1.296946974311706e-07 0
2.976598600120156e-05 8.34010772170454e-07 0
2.96752791460363e-05 6.554828978408073e-07 0
2.952074094474958e-05 7.739140023575513e-07 0
2.94543435537054e-05 5.670047833952882e-07 0
2.930261799778681e-05 7.025487737447464e-07 0
2.920935812712232e-05 5.269190101847058e-07 0
2.895821590736702e-05 1.189985938056523e-07 0
2.909024079352787e-05 6.753740970997736e-07 0
2.957968142608696e-05 1.121611384809483e-06 0
3.007055485620214e-05 1.260068401314328e-06 0
2.90365483324321e-05 4.959866189166526e-07 0
2.890856502152707e-05 6.297879628067689e-07 0
2.886249369929293e-05 4.573213495032808e-07 0
2.874062644278452e-05 5.769759152621589e-07 0
2.915782076519072e-05 3.771418825465169e-07 0
2.986599733931595e-05 4.700974617368695e-07 0
3.041868652718369e-05 5.333763787164792e-07 0
2.894470478525787e-05 8.305208036718294e-07 0
3.110956049533342e-05 6.300041300060388e-07 0
3.118092924628411e-05 1.29670740964308e-07 0
2.957326358191025e-05 4.423327029602849e-07 0
2.869913265638449e-05 4.174393447681598e-07 0
2.83583245582645e-05 1.40601599250612e-07 0
2.858216307996813e-05 5.269535336485902e-07 0
2.854186171439098e-05 3.687184076289863e-07 0
2.842552266963869e-05 4.753645024814865e-07 0
3.07478079789976e-05 5.70772349500893e-07 0
3.011766999928558e-05 4.982941845436393e-07 0
2.846149503455668e-05 6.529287619835465e-07 0
2.829962353359925e-05 5.869887567615088e-07 0
2.82745402503647e-05 4.213005713927346e-07 0
2.814649955410942e-05 5.203243239273013e-07 0
2.812891706997629e-05 3.636640847085627e-07 0
2.800338097179897e-05 4.549074558609862e-07 0
2.812076905230742e-05 6.960432426661429e-07 0
2.929001252609092e-05 3.875184283539383e-07 0
3.527999019738394e-05 2.192836244717341e-06 0
3.558457050786129e-05 2.488489713938218e-06 0
3.556967273232401e-05 2.141450389288953e-06 0
3.342236504302435e-05 6.757221683838255e-07 0
3.352774029694356e-05 8.432574516311115e-07 0
3.148617224575475e-05 1.747973586728759e-06 0
2.897920747279225e-05 3.528006776074768e-07 0
2.909277759828385e-05 2.336126014947046e-07 0
3.461555853175716e-05 1.692394539682016e-06 0
2.797681067408886e-05 2.762448657029726e-07 0
2.786280733509522e-05 3.915035932233391e-07 0
2.787547831688383e-05 5.465147379643845e-07 0
2.77381563393385e-05 4.782066758543188e-07 0
2.772582792178729e-05 3.298188458758332e-07 0
2.759426845856802e-05 4.089866248497854e-07 0
2.761102534520137e-05 5.682507625417623e-07 0
2.745744457573487e-05 4.937857035529259e-07 0
2.747558140790367e-05 6.901325732691776e-07 0
2.731828537001044e-05 5.910114532186784e-07 0
2.731056442507957e-05 4.195107748544973e-07 0
2.717446356554014e-05 5.017830462754997e-07 0
2.717078842616718e-05 3.452384670558563e-07 0
2.703521708812538e-05 4.175652975942231e-07 0
2.703378542500887e-05 5.682328813080609e-07 0
2.689116566122154e-05 4.880435978200489e-07 0
2.688833949990688e-05 6.563776504001098e-07 0
2.674484738845841e-05 5.631680856026073e-07 0
2.675312896252838e-05 4.019942137239741e-07 0
2.660575609983128e-05 4.66935285518987e-07 0
2.659324159140302e-05 6.4213506431814e-07 0
2.645420227182063e-05 5.340598932049707e-07 0
2.647316599999464e-05 3.778279257936779e-07 0
2.632309094624025e-05 4.293102513280926e-07 0
2.62933329497564e-05 6.065105563293211e-07 0
2.616689475210457e-05 4.83015594521485e-07 0
2.577836183714374e-05 1.218160094645359e-07 0
2.614156574299213e-05 6.411021267367137e-07 0
2.601304014341968e-05 5.325145834066822e-07 0
2.63491470576501e-05 2.810238135426494e-07 0
2.604587127097637e-05 3.818252275187607e-07 0
2.589004867372941e-05 4.215829276853241e-07 0
2.585528422461684e-05 5.809025696593865e-07 0
2.573238149375047e-05 4.62919130323348e-07 0
2.569388914390622e-05 6.219457835458811e-07 0
2.557833650426264e-05 5.024824301466018e-07 0
2.562132756899933e-05 3.582481884749518e-07 0
2.547138807871828e-05 3.859699838699861e-07 0
2.542363652977385e-05 5.341352702505421e-07 0
2.531630397308331e-05 4.139194674134393e-07 0
2.526657454571302e-05 5.603236098074434e-07 0
2.515750123007346e-05 4.42337484630533e-07 0
2.510947467401669e-05 5.915755314626857e-07 0
2.499165238589302e-05 4.740923486361396e-07 0
2.494543232243312e-05 6.424543668107419e-07 0
2.482034046603393e-05 5.115346344600509e-07 0
2.477444516152033e-05 6.720890355444432e-07 0
2.465494131189315e-05 5.448457096847981e-07 0
2.470762500456211e-05 3.929057033857999e-07 0
2.454756332017372e-05 4.158023171240557e-07 0
2.448959959015497e-05 5.689207153790519e-07 0
2.438642232498236e-05 4.379994737554161e-07 0
2.432719403714063e-05 5.844458488166636e-07 0
2.421998126914006e-05 4.590368576868653e-07 0
2.416299775305198e-05 6.090261957237184e-07 0
2.40507087734541e-05 4.831414937394768e-07 0
2.399355731185492e-05 6.372018580850406e-07 0
2.389154143191778e-05 5.040804110560763e-07 0
2.53840217233168e-05 6.65319736434504e-07 0
2.427984701375802e-05 3.227688193948912e-07 0
2.504220191513317e-05 3.327726435308368e-07 0
2.394912681646959e-05 3.604429572799866e-07 0
2.379918261453335e-05 3.775220488743546e-07 0
2.373431489276183e-05 5.151674890389015e-07 0
2.364718304280659e-05 3.86601987350528e-07 0
2.357866769268656e-05 5.205936946848837e-07 0
2.349229273521206e-05 3.946524458611962e-07 0
2.342488641831973e-05 5.285004905731042e-07 0
2.333680857941077e-05 4.017273219435661e-07 0
2.326888822039348e-05 5.411127341421512e-07 0
2.318086831093312e-05 4.102046483984314e-07 0
2.311156358615733e-05 5.539851523447107e-07 0
2.302143440484093e-05 4.208897428736797e-07 0
2.295172070592189e-05 5.67275077721909e-07 0
2.285382078908439e-05 4.334285954110749e-07 0
2.278997442689126e-05 5.789669570360211e-07 0
2.268488071443227e-05 4.456551778403932e-07 0
2.335730657616539e-05 6.755235035374822e-07 0
2.262481170448637e-05 5.945366694397515e-07 0
2.252195371715367e-05 4.626864411894873e-07 0
2.292392438755951e-05 3.028828055505666e-07 0
2.246064724141179e-05 5.969232791582042e-07 0
2.235128562979878e-05 4.765230224810176e-07 0
2.242981023324739e-05 3.357849916380603e-07 0
2.229572891337059e-05 6.346196540717142e-07 0
2.217788639997176e-05 4.967808989028838e-07 0
2.190841792675116e-05 1.270530271707796e-07 0
2.211265920876159e-05 6.56883874972804e-07 0
2.20145219692126e-05 5.111220609130321e-07 0
2.207898656315452e-05 3.71188308935123e-07 0
2.192532762209291e-05 3.744048850942087e-07 0
2.185509563437522e-05 5.121718131605933e-07 0
2.177457514835172e-05 3.793048674597253e-07 0
2.169987573607217e-05 5.092660333689026e-07 0
2.162255185512939e-05 3.800574086644817e-07 0
2.154759203422889e-05 5.097899440087258e-07 0
2.147059589984688e-05 3.810059485328602e-07 0
2.139564550345039e-05 5.10948803489257e-07 0
2.131890564345348e-05 3.801603863521889e-07 0
2.12436307636699e-05 5.120422933439516e-07 0
2.116671188564279e-05 3.823311788769052e-07 0
2.085565623685217e-05 1.293361537065465e-07 0
2.109130756903952e-05 5.118718782291791e-07 0
2.101377296854566e-05 3.830711369344502e-07 0
2.093862053839954e-05 5.117080610044639e-07 0
2.08608951753887e-05 3.845483729324732e-07 0
2.078571797053443e-05 5.154221611926792e-07 0
2.070771944809502e-05 3.859073634789324e-07 0
2.063246648832357e-05 5.184672485035441e-07 0
2.055347696313035e-05 3.874538645006715e-07 0
2.047872639749185e-05 5.207170852804052e-07 0
2.039941143186594e-05 3.88790033772567e-07 0
2.032468227329873e-05 5.227826977578867e-07 0
2.024573434974375e-05 3.915061903710184e-07 0
2.017037654043349e-05 5.253166537886182e-07 0
1.980257465015114e-05 1.302603964998343e-07 0
2.009107672035403e-05 3.937705090655282e-07 0
2.001553902365625e-05 5.278391702764841e-07 0
1.993584700742253e-05 3.952907283207058e-07 0
1.986020055916954e-05 5.304944102270159e-07 0
1.97801020005818e-05 3.984512205417845e-07 0
1.970435380876256e-05 5.334149647542188e-07 0
1.962384428015956e-05 3.995256695599718e-07 0
1.954795633630571e-05 5.364133237148566e-07 0
1.920728476821192e-05 1.296170471889266e-07 0
1.946691840660154e-05 4.037010618719692e-07 0
1.939091992468436e-05 5.399234637753238e-07 0
1.930936714578729e-05 4.045015439322786e-07 0
1.923321311697445e-05 5.418911861070885e-07 0
1.915113447985739e-05 4.094550400862818e-07 0
1.907489431738877e-05 5.472139689288041e-07 0
1.899223925838252e-05 4.10406682897344e-07 0
1.860860927152318e-05 1.2961704718893e-07 0
1.891582585883574e-05 5.5112949902993e-07 0
1.883251456199138e-05 4.138357332526327e-07 0
1.875593877933624e-05 5.557420082578397e-07 0
1.867188903236064e-05 4.166694553269018e-07 0
1.859513416754748e-05 5.603499477609053e-07 0
1.85102985726353e-05 4.207409436583191e-07 0
1.843339620665875e-05 5.657078874600641e-07 0
1.834774909894967e-05 4.251767344978727e-07 0
2.145689548162058e-05 6.248243370802716e-07 0
2.071759373853325e-05 6.534571134676786e-07 0
2.0095316465264e-05 6.640014787525578e-07 0
2.032392777939022e-05 2.58677800229222e-07 0
2.138895093176809e-05 2.515328409397955e-07 0
1.827065910628537e-05 5.712257560304792e-07 0
1.818416347873314e-05 4.299375984379001e-07 0
1.947908238973755e-05 6.83691282203389e-07 0
1.810715222183242e-05 5.745809440166525e-07 0
1.801678940544733e-05 4.386044492034021e-07 0
1.794144453189667e-05 5.813480477407e-07 0
1.785026370400631e-05 4.451621900224259e-07 0
1.756839787613298e-05 1.48244122220915e-07 0
1.777514988153486e-05 5.914482695577225e-07 0
1.768236847751684e-05 4.521253268375801e-07 0
1.760747138670439e-05 5.997007121959174e-07 0
1.751349190068288e-05 4.593270878220951e-07 0
1.743843310798439e-05 6.085053914002806e-07 0
1.734257705906338e-05 4.66915290135e-07 0
1.726770020703563e-05 6.174602491345882e-07 0
1.717043473895026e-05 4.75150363949195e-07 0
1.709536938248284e-05 6.276289123223252e-07 0
1.701057463090924e-05 4.876032052146634e-07 0
1.692349718145927e-05 6.387104832233299e-07 0
1.683627443660328e-05 4.727470243849011e-07 0
1.674800495681404e-05 6.466776943533668e-07 0
1.664480670770764e-05 4.999864740603665e-07 0
1.709555651942065e-05 3.536163838320753e-07 0
1.80957874952382e-05 3.01293526988227e-07 0
1.656790333871832e-05 6.54644440512155e-07 0
1.647669968118633e-05 5.096958435195148e-07 0
1.654956050609158e-05 3.693220526878415e-07 0
1.736363452663391e-05 7.902625069366838e-07 0
1.639629615874445e-05 3.690591274221486e-07 0
1.631541242847235e-05 4.971668636452789e-07 0
1.624581853618552e-05 3.66941837085413e-07 0
1.61654166992803e-05 4.909527490107112e-07 0
1.609097866780148e-05 3.595054232181173e-07 0
1.600383862161432e-05 4.805652224326894e-07 0
1.608945293836166e-05 6.311169360155255e-07 0
1.591681686818795e-05 6.234738294943046e-07 0
1.583785418081334e-05 4.694958743372229e-07 0
1.574350148982275e-05 6.052523556626813e-07 0
1.567232033723052e-05 4.503978260090983e-07 0
1.557830460297722e-05 5.955205701025108e-07 0
1.55046975538081e-05 4.354074442938717e-07 0
1.541395588494056e-05 5.859731292405923e-07 0
1.534011300871726e-05 4.181490820979223e-07 0
1.524480189067262e-05 5.539687330924038e-07 0
1.517974134374522e-05 4.040217779600758e-07 0
1.508475450658948e-05 5.308084734427913e-07 0
1.50231848754712e-05 3.848252782639284e-07 0
1.491622927068167e-05 5.053646539241992e-07 0
1.499332126972246e-05 6.72522913548084e-07 0
1.481153380261763e-05 6.47590232335523e-07 0
1.474544504318948e-05 4.796369972935222e-07 0
1.463483563050972e-05 6.067711532727833e-07 0
1.458254179891165e-05 4.48630662948886e-07 0
1.446887565420869e-05 5.711273812977825e-07 0
1.442115272322091e-05 4.159290103146894e-07 0
1.430930501894626e-05 5.33182374001551e-07 0
1.435252208370335e-05 6.952186059281077e-07 0
1.426276579577088e-05 3.852659864861296e-07 0
1.415661911448491e-05 4.936589938112583e-07 0
1.435395980564765e-05 2.680813588428685e-07 0
1.529706709031579e-05 7.393991846878048e-07 0
1.575776391067174e-05 3.275706347316044e-07 0
1.741369642426211e-05 3.385381272100381e-07 0
1.469055121959085e-05 3.371776455308746e-07 0
1.411316910330893e-05 3.51536174305242e-07 0
1.40088743309868e-05 4.553184821352648e-07 0
1.396701451572399e-05 3.164217329740249e-07 0
1.386056179520335e-05 4.177047553458815e-07 0
1.390503721060594e-05 5.786982807498662e-07 0
1.375086087350198e-05 5.281695927351519e-07 0
1.371075451850545e-05 3.806940355751922e-07 0
1.35943271267474e-05 4.805780978256815e-07 0
1.362632446358261e-05 6.468084380527149e-07 0
1.346703281604119e-05 5.902382103194367e-07 0
1.344127918077675e-05 4.290880992016963e-07 0
1.331379534010014e-05 5.302278252306082e-07 0
1.329782632461236e-05 3.761159329408099e-07 0
1.316946524458467e-05 4.683589434186311e-07 0
1.333437453498716e-05 7.008051304219782e-07 0
1.616026207933992e-05 2.451469548413301e-07 0
2.275021457396078e-05 7.856204334724577e-07 0
2.460667225342496e-05 2.723414177370285e-07 0
2.325153409307075e-05 2.749329622727053e-07 0
2.37362766556483e-05 2.561538067763588e-07 0
1.874918893794428e-05 2.849339822326616e-07 0
2.554462567896237e-05 2.507635529221488e-07 0
1.835225702517305e-05 7.098349848820987e-07 0
1.670586070258893e-05 3.555926987849073e-07 0
1.660612220497863e-05 2.416344213653225e-07 0
1.683567207426597e-05 3.28604740625314e-07 0
2.811717846299135e-05 2.290721051144824e-07 0
1.774716522911286e-05 3.272398822688801e-07 0
1.90690576327768e-05 2.779688149541448e-07 0
1.76994658815054e-05 7.533619728282686e-07 0
2.224951774497385e-05 3.38561188836821e-07 0
1.900022014766262e-05 7.065361979327881e-07 0
1.84226243889799e-05 2.916206811571507e-07 0
2.487727742439055e-05 3.711032514670893e-07 0
2.592649912739846e-05 2.875655673007345e-07 0
1.315739600444593e-05 3.271267520315717e-07 0
1.302758846543629e-05 4.079567378597785e-07 0
1.304368256859666e-05 5.592267676296571e-07 0
1.290208181242107e-05 4.968539108616131e-07 0
1.28862421710981e-05 3.516734834895825e-07 0
1.276047601637288e-05 4.299033213382003e-07 0
1.276825814158466e-05 5.898480199758019e-07 0
1.262930713382377e-05 5.109931097985566e-07 0
1.262638288627136e-05 3.572680815689136e-07 0
1.248443780838774e-05 4.28373584881441e-07 0
1.249252767181493e-05 5.944696986946906e-07 0
1.233774087187363e-05 5.053829254998918e-07 0
1.234454675145573e-05 6.965262907316386e-07 0
1.21905239613359e-05 5.934574309279401e-07 0
1.253156887791866e-05 7.882457215338456e-07 0
1.218823107436405e-05 4.205898475302612e-07 0
1.204164488684966e-05 4.960937700342755e-07 0
1.203284376862442e-05 6.392778920181449e-07 0
1.188244530858769e-05 5.709816072871221e-07 0
1.192430977331982e-05 7.91691695908788e-07 0
1.168966530351917e-05 6.305327575913038e-07 0
1.188828146537145e-05 3.897716545545643e-07 0
1.167007592157142e-05 8.690114092514001e-07 0
1.147553783820727e-05 7.180150828010145e-07 0
1.149351302764954e-05 5.293043960514162e-07 0
1.132013892311715e-05 6.020032994196994e-07 0
1.128029511801572e-05 7.757762438099276e-07 0
1.13479436207395e-05 4.419263974424696e-07 0
1.115965699767407e-05 6.613085906258099e-07 0
1.110646550346126e-05 8.25435418136679e-07 0
1.123651878675478e-05 9.533979230585573e-07 0
1.10451832265708e-05 1.001380970722457e-06 0
1.100916805798012e-05 7.094404153658718e-07 0
1.149258724262944e-05 3.671360991030077e-07 0
1.163016852047492e-05 4.325667738484843e-07 0
1.118651670050091e-05 1.145912564592811e-06 0
1.098336387515227e-05 1.185571588230119e-06 0
1.086769632634365e-05 1.033722761526923e-06 0
1.076665253189194e-05 1.193086932628864e-06 0
1.089685559069591e-05 1.365372187431734e-06 0
1.070033763667551e-05 1.373951683350529e-06 0
1.059376246599015e-05 1.236104323737935e-06 0
1.052866556819248e-05 1.379606688266629e-06 0
1.061773295287726e-05 1.539750267236494e-06 0
1.041407156958176e-05 1.519052126891572e-06 0
1.052892234924928e-05 1.726847794867431e-06 0
1.031219418623938e-05 1.710804915478876e-06 0
1.077324068810824e-05 1.723086779494838e-06 0
1.040372207902826e-05 1.924572777043189e-06 0
1.01938984525506e-05 1.877844368775531e-06 0
1.011732888983179e-05 1.712075598135197e-06 0
1.002352997241943e-05 1.853323640488985e-06 0
1.007872633104512e-05 2.026952268391044e-06 0
9.895102187538663e-06 1.976616468857223e-06 0
9.963199661384129e-06 2.179653759229289e-06 0
9.778303239201075e-06 2.155142538542136e-06 0
9.834728377941589e-06 2.342834150319556e-06 0
9.622917604818903e-06 2.299931810111553e-06 0
9.959577809757149e-06 1.703222606332175e-06 0
9.711925163558668e-06 1.975385189286511e-06 0
1.04517169061724e-05 1.240368049459811e-06 0
9.712406259336525e-06 2.550734838089901e-06 0
9.483642648989041e-06 2.486291474555242e-06 0
9.41409873886543e-06 2.292473868631262e-06 0
9.300251042097313e-06 2.43505736358533e-06 0
9.340372477205521e-06 2.628537328857867e-06 0
9.154599636472313e-06 2.544485872846064e-06 0
9.193634522620505e-06 2.751814920989469e-06 0
9.013501867778692e-06 2.682437351302572e-06 0
8.981198661434152e-06 2.518530274184594e-06 0
8.850466212355969e-06 2.624410517914977e-06 0
8.419908286693342e-06 2.589910402048431e-06 0
8.874511062497446e-06 2.787408588390192e-06 0
8.719448439318049e-06 2.721028656199819e-06 0
8.736459269581298e-06 2.880498819423537e-06 0
8.585282691518746e-06 2.81605626773623e-06 0
8.602992966232088e-06 2.973418338878208e-06 0
8.450463856949201e-06 2.911118437068387e-06 0
8.4720043346607e-06 3.067403760325954e-06 0
8.321746706528275e-06 3.006056095089265e-06 0
7.908296653902175e-06 2.903394941507448e-06 0
8.340765042467085e-06 3.167004259145322e-06 0
8.497696724088037e-06 3.241098959377634e-06 0
8.187914877013768e-06 3.103767350709339e-06 0
8.208215856677862e-06 3.26696968921205e-06 0
8.052634669696145e-06 3.203175882583112e-06 0
8.075488625472836e-06 3.393814162701402e-06 0
7.914436957522002e-06 3.30948949337747e-06 0
7.934903064330491e-06 3.468298528976643e-06 0
7.773729998182716e-06 3.409825921570384e-06 0
7.382228834947446e-06 3.199973563372895e-06 0
7.823474978359777e-06 3.589027313846408e-06 0
7.64828352320529e-06 3.514177568477216e-06 0
7.661628843256742e-06 3.693706596855296e-06 0
7.480513660949253e-06 3.602964585326974e-06 0
7.507252383114232e-06 3.808502510005698e-06 0
7.319149842597274e-06 3.743209649227965e-06 0
6.846928596872222e-06 3.467173334435617e-06 0
7.350465857991108e-06 3.938910046341272e-06 0
7.168571858880455e-06 3.855131419728117e-06 0
7.152294190485544e-06 3.677973088852029e-06 0
7.008406611785161e-06 3.775334839614674e-06 0
7.003472495037473e-06 3.946127986260071e-06 0
6.854389378701188e-06 3.868209609377223e-06 0
6.857664945743811e-06 4.037578747435984e-06 0
6.704732152058329e-06 3.957794805830339e-06 0
6.32423564510889e-06 3.735897562930248e-06 0
6.709932521910864e-06 4.129202605451863e-06 0
6.570158783731563e-06 4.044819165432803e-06 0
6.559903539588976e-06 4.249646648476207e-06 0
6.412551439545816e-06 4.117469086380374e-06 0
6.4009902035009e-06 4.313596729274938e-06 0
6.256319243994574e-06 4.228082315435878e-06 0
6.271096649221685e-06 4.433096575923714e-06 0
6.085994958799312e-06 4.308348948409908e-06 0
6.079690158043154e-06 4.539671874862066e-06 0
5.9105245124245e-06 4.423212101080041e-06 0
5.912621134668327e-06 4.245251715922707e-06 0
5.758817077905794e-06 4.328618661055175e-06 0
5.370232827369063e-06 4.165636734037395e-06 0
5.747570122743538e-06 4.502808069341365e-06 0
5.60032926924988e-06 4.404550343685951e-06 0
5.585494685694861e-06 4.570816611570315e-06 0
5.443747802181399e-06 4.475337902556603e-06 0
5.428121175677029e-06 4.639043250259427e-06 0
5.285657723198856e-06 4.546414999010773e-06 0
5.273266401063076e-06 4.715838417204666e-06 0
5.126993509633344e-06 4.620186808300294e-06 0
7.859039576719184e-06 3.818449857569188e-06 0
6.576427561649101e-06 3.888508322035313e-06 0
7.632210005074693e-06 3.349905469057637e-06 0
6.267527793825244e-06 4.059066075527756e-06 0
6.741123687596988e-06 4.344791558053435e-06 0
9.994266872701543e-06 2.618268539515106e-06 0
8.882070056457005e-06 2.979796952134517e-06 0
5.11526213221852e-06 4.792437540619442e-06 0
4.977571065068334e-06 4.687595733446976e-06 0
4.995193836921315e-06 4.531669691410252e-06 0
4.854543184833048e-06 4.586909073290386e-06 0
4.824271887973393e-06 4.73385311125789e-06 0
4.714156966808279e-06 4.636835948853038e-06 0
4.682213281523012e-06 4.783829223477804e-06 0
4.580098336899835e-06 4.686221707830452e-06 0
4.540171426410428e-06 4.838461689033121e-06 0
4.666647159907061e-06 4.948380058099037e-06 0
4.497945816336832e-06 5.007342773401729e-06 0
4.36672868346993e-06 4.867254237712726e-06 0
4.321602041153555e-06 5.060104628646993e-06 0
4.183840168682808e-06 4.937319321689964e-06 0
4.143767734492717e-06 5.115643011148871e-06 0
4.02366790415053e-06 4.993037643717551e-06 0
3.968805019187416e-06 5.170237600734639e-06 0
3.847993676445084e-06 5.022115604108633e-06 0
3.785465242202678e-06 5.21607615568595e-06 0
3.666387281634098e-06 5.093522549979531e-06 0
3.606159270334557e-06 5.276508263976888e-06 0
3.48169435605932e-06 5.126374689467876e-06 0
4.067929155462979e-06 4.833097610212989e-06 0
3.714984329367491e-06 4.932327751495824e-06 0
3.415510057774046e-06 5.338588846865882e-06 0
3.292283066129772e-06 5.192119896638486e-06 0
4.629295152986913e-06 5.184266174620691e-06 0
3.335848428480989e-06 5.030392477545578e-06 0
3.174925720145973e-06 5.069994822977548e-06 0
3.124159025603767e-06 5.223832995700514e-06 0
3.016526590960567e-06 5.097420973944657e-06 0
2.962305045984877e-06 5.244817268567613e-06 0
2.862025579548412e-06 5.123055909358311e-06 0
2.807092199487461e-06 5.268663596014352e-06 0
2.709236301429688e-06 5.150816320881046e-06 0
2.653558391981528e-06 5.292806195575013e-06 0
2.725470298984132e-06 5.451191496951538e-06 0
2.556611021541066e-06 5.175845619545392e-06 0
2.501086057240498e-06 5.317641658163723e-06 0
2.404302511736451e-06 5.200319739650217e-06 0
2.348771426526982e-06 5.341945888411144e-06 0
2.252029032704288e-06 5.224560950248518e-06 0
2.19633813550839e-06 5.365587638253738e-06 0
2.099378937388038e-06 5.248149825985339e-06 0
2.043813736520326e-06 5.390818237452892e-06 0
1.946231553083702e-06 5.272550645384456e-06 0
1.89055803695865e-06 5.415835913290154e-06 0
1.791800720254289e-06 5.294067656282683e-06 0
1.722257562500568e-06 5.443324453683262e-06 0
1.636341676318504e-06 5.318083569334265e-06 0
2.440609406025795e-06 5.484392929094613e-06 0
4.283553785047959e-06 5.284078326082554e-06 0
1.986077767263275e-06 5.555841847804785e-06 0
3.571827279405635e-06 5.502413768803545e-06 0
9.519890873611623e-06 2.152861644821396e-06 0
7.900095275140478e-06 3.15870835957466e-06 0
3.061602218234847e-06 5.369861494836008e-06 0
5.301117773049844e-06 4.399741484384055e-06 0
9.276634679727762e-06 2.263584535866537e-06 0
9.376450649948551e-06 2.140443524054129e-06 0
4.886507448774038e-06 4.44226343811768e-06 0
7.044134031990353e-06 4.147362891801833e-06 0
1.24955023376998e-05 2.816871911449265e-07 0
3.475453947492555e-06 4.949550725487881e-06 0
7.293722303035999e-06 3.57085048402106e-06 0
7.39529412354949e-06 3.469687591162047e-06 0
6.019627195063231e-06 4.158995714880766e-06 0
5.903379424605217e-06 4.082820889544344e-06 0
1.019660591402789e-05 1.542535175396153e-06 0
1.028915646381759e-05 1.400917970473005e-06 0
6.861970659978014e-06 3.707041477047596e-06 0
2.916869634509051e-06 4.980839792060981e-06 0
7.560961946773531e-06 4.047036231065007e-06 0
3.840434161698042e-06 4.849875174869634e-06 0
4.204478161629367e-06 4.77721608713994e-06 0
4.353533915008678e-06 4.717582506400743e-06 0
5.269759140879021e-06 4.90743759687843e-06 0
1.018078228954072e-05 2.22150272411127e-06 0
4.090898727250996e-06 4.675748067479027e-06 0
7.301871649549056e-06 4.223951511850051e-06 0
1.119774865528266e-05 5.120048236412808e-07 0
6.364043725769149e-06 3.952726507590733e-06 0
1.049900964849432e-05 1.117238536294632e-06 0
5.622854607209035e-06 4.251658752114222e-06 0
3.219001228610642e-06 4.922482580725351e-06 0
5.727258235979222e-06 4.665092455018349e-06 0
8.179836050901392e-06 2.944049055538722e-06 0
7.741435560870092e-06 3.251483737298292e-06 0
5.151123392408272e-06 4.472589717811859e-06 0
9.065509919096174e-06 2.419357432178532e-06 0
1.136192254403965e-05 1.083326007141238e-06 0
2.759154709717239e-05 2.664762490893463e-07 0
9.804866034823971e-06 1.856777988064949e-06 0
1.667983702632221e-05 8.723404105745771e-07 0
6.717498909231775e-06 3.809138498039955e-06 0
1.725100896512294e-05 3.523833122201259e-07 0
2.411464912847562e-05 3.451025983590935e-07 0
2.417778598708001e-05 2.030362109538703e-07 0
1.037940613493097e-05 1.128382319982097e-06 0
2.729375424306278e-05 7.881548783092877e-07 0
2.257995381205261e-05 3.159372391111188e-07 0
2.275530193523523e-05 3.021718291959776e-07 0
1.600398083284079e-05 7.899969480206401e-07 0
1.015733815020259e-05 1.40739582957702e-06 0
2.689776635854881e-05 3.405099261834252e-07 0
2.675996263396862e-05 2.47228791657084e-07 0
1.559827782013884e-05 3.210876632397239e-07 0
1.567790689188455e-05 2.173076143160605e-07 0
2.732676144597895e-05 2.52449986003185e-07 0
2.716091579415276e-05 2.008205263594782e-07 0
3.402096006235812e-05 2.522846049816767e-06 0
2.881213295325146e-05 3.069154659350194e-07 0
1.938585701188007e-05 2.718891607824623e-07 0
2.247938840045714e-05 1.573253867005231e-07 0
1.527296967958928e-05 2.807659158696242e-07 0
1.758321234994796e-05 3.128228334530423e-07 0
1.485367700987826e-05 3.648969883092299e-07 0
5.447845408223752e-06 4.316559285631023e-06 0
3.551480710497645e-05 2.816031610354367e-06 0
3.586371838408691e-05 2.665262641950312e-06 0
3.582546635702273e-05 2.360108627826184e-06 0
2.366625381120036e-05 7.168320901863631e-07 0
1.091785206503423e-05 8.567298442875652e-07 0
1.07522116436545e-05 9.041405486914326e-07 0
1.070107867192898e-05 1.028176693954713e-06 0
3.371611067081161e-05 8.005442854834634e-07 0
8.025283394125377e-06 3.027127000758468e-06 0
2.179102157324584e-05 6.291909114134889e-07 0
6.251934212215319e-06 3.919017590963606e-06 0
2.445659916571524e-06 5.061785299525336e-06 0
1.002533805554928e-05 1.571575743304966e-06 0
9.880935509198128e-06 1.575157603153697e-06 0
1.790890819936502e-05 2.896717076685486e-07 0
8.565043700939972e-06 2.660762268037778e-06 0
2.116355182892292e-05 6.909035363455773e-07 0
1.487385195401731e-05 8.582405869359063e-07 0
1.205133748361652e-05 3.413299288500574e-07 0
1.22066852258293e-05 2.585783109964079e-07 0
2.924446478501837e-05 2.497951824950834e-07 0
3.953244488920043e-06 4.763235523488626e-06 0
2.284327579269577e-05 1.566472550047878e-07 0
1.163906726981088e-05 2.672398392662275e-07 0
2.520195313096932e-05 2.93179252424741e-07 0
2.509997511622857e-05 1.827982440576924e-07 0
1.848482985577354e-06 5.152847155081837e-06 0
2.77269210945017e-05 1.969267137140771e-07 0
8.826603748408428e-06 2.471986072471503e-06 0
2.143406330334949e-06 5.108906013745851e-06 0
1.234998252214951e-05 3.541603027504002e-07 0
8.300943340252101e-06 2.848952451099476e-06 0
1.592146762953128e-05 3.209827446103364e-07 0
8.430928704965374e-06 2.750735314077618e-06 0
2.620096887349436e-05 3.350786838977925e-07 0
1.826012076614477e-05 2.953049501108274e-07 0
1.97000115422972e-05 2.667408293330636e-07 0
5.774620837569353e-06 4.162586314293633e-06 0
1.637000445465525e-05 6.611475553305768e-07 0
3.604648064933168e-05 2.456042137005024e-06 0
4.945478050153512e-06 4.854212064669822e-06 0
7.138432348107827e-06 3.514113292208958e-06 0
7.010196263687216e-06 3.61844621049251e-06 0
2.57782611599313e-05 3.341350410867864e-07 0
1.452976281372296e-05 2.832691881624702e-07 0
1.543379239431959e-05 2.915795094842851e-07 0
3.932053212449437e-06 5.376923818651044e-06 0
9.575636046768706e-06 2.74941118121982e-06 0
1.136229271503545e-05 2.842735183042981e-07 0
3.191745082775914e-05 7.864177972785195e-07 0
2.74433005701039e-05 3.344734172299656e-07 0
2.661465829954241e-05 3.242609159612056e-07 0
3.513997749580751e-05 3.07310315265687e-06 0
3.508828105485838e-05 3.689539516037506e-06 0
1.186775758448649e-05 1.034584282092297e-06 0
2.58036298207025e-05 7.81920364776851e-07 0
2.042066860959232e-05 7.134927564534129e-07 0
8.266088596322097e-06 3.482689651492945e-06 0
2.233582699675697e-05 2.107680422604496e-07 0
1.262195327721915e-05 2.123919315682587e-07 0
2.001805377822561e-05 2.630016258953487e-07 0
2.44393193122544e-05 2.909915113763279e-07 0
2.340155948173763e-05 2.633068980340523e-07 0
1.858782174026363e-05 2.888426043824918e-07 0
8.695855033668499e-06 2.567719289140996e-06 0
9.467741240612288e-06 2.012739413387242e-06 0
1.35594524210157e-05 3.248142604210511e-07 0
2.459661100996535e-05 7.151803863277748e-07 0
2.747563433545743e-06 5.00984725743854e-06 0
2.839104960350317e-05 3.105179259584571e-07 0
2.824548572075817e-05 2.643053028492548e-07 0
2.85077876550662e-05 2.145432693586223e-07 0
1.174358699350993e-05 3.625738943116684e-07 0
3.602517555109893e-05 2.268355182063227e-06 0
3.588843779740199e-05 2.162761673518186e-06 0
3.603881317413469e-05 2.105052508977209e-06 0
3.592109556104906e-05 2.007634790743539e-06 0
3.578292888345433e-05 2.043740459778064e-06 0
3.581502300643298e-05 1.900830090330195e-06 0
3.567622733242741e-05 1.936488215438308e-06 0
3.571088423769904e-05 1.801152733496073e-06 0
3.556668671240742e-05 1.844745185878544e-06 0
2.623106922482161e-05 1.654507416798128e-07 0
2.764497557620784e-05 7.523260620546441e-07 0
1.800667525958353e-05 1.530217663531276e-07 0
1.816363132828823e-05 1.457638889546508e-07 0
8.047688279410753e-06 2.850667143611861e-06 0
2.308177335734168e-05 2.95101941695177e-07 0
7.264291295166272e-06 3.419065114667749e-06 0
3.616744027421263e-05 2.188740714341293e-06 0
2.411198072354012e-05 8.134960232383563e-07 0
1.195134552698989e-05 2.383445109094853e-07 0
1.890957722522066e-05 2.817493392322621e-07 0
1.70307684548957e-05 8.192963643111506e-07 0
3.285854604413556e-05 1.902581778706912e-06 0
3.316045718324497e-05 2.451224395023702e-06 0
2.64279318998096e-05 7.113926188448321e-07 0
2.660361506944386e-05 8.662996473485004e-07 0
1.341380825769823e-05 2.713728238715383e-07 0
6.984044697030824e-06 3.450692773925902e-06 0
3.554040734387577e-05 1.98112001513169e-06 0
3.542170064559074e-05 1.879300235652922e-06 0
3.547977583106317e-05 1.71950260566014e-06 0
3.532033542093538e-05 1.767005239009617e-06 0
3.534710873316315e-05 1.618676420282352e-06 0
3.520348400133019e-05 1.669415663365304e-06 0
3.526448841575887e-05 1.94435559922354e-06 0
3.712045477565547e-05 2.274634892440923e-06 0
3.54836667058987e-05 1.551995272279304e-06 0
3.498585179749437e-05 1.2243192364315e-06 0
3.484970943699631e-05 1.286360396275903e-06 0
3.472835453210341e-05 1.19790356527428e-06 0
3.497239583598422e-05 1.373342435378974e-06 0
3.471295259453293e-05 1.348690127965572e-06 0
3.459295657433711e-05 1.257115464395022e-06 0
3.46081652071028e-05 1.108509650960933e-06 0
3.447190246434329e-05 1.168341643705849e-06 0
3.456273145105763e-05 1.400799430206993e-06 0
3.448797953285267e-05 1.019568416859949e-06 0
3.4347987976368e-05 1.083523984690638e-06 0
3.436417177844306e-05 9.260168730131432e-07 0
3.42232162666141e-05 9.857243620497715e-07 0
3.420824426000698e-05 1.144677882318056e-06 0
3.408296413254346e-05 1.056218357193778e-06 0
3.40964851724738e-05 8.976146813389486e-07 0
3.439229351560363e-05 7.669185720116122e-07 0
3.424247092048687e-05 8.311425897476122e-07 0
3.410382573175006e-05 7.269878912714175e-07 0
3.39668557190725e-05 8.278899023555719e-07 0
3.396230366726418e-05 6.743367659957939e-07 0
3.416720265587255e-05 5.633581200557942e-07 0
3.683667289205699e-05 2.18378612329836e-06 0
3.462742752837749e-05 9.590518053804358e-07 0
3.53591103261385e-05 1.471472018053675e-06 0
3.740926837205878e-05 2.35604851486708e-06 0
3.615360035439974e-05 1.897957777563679e-06 0
3.88785234589117e-05 2.609440137502306e-06 0
3.510814596867389e-05 1.309192822946104e-06 0
3.509744409878095e-05 1.454806671551669e-06 0
3.495922479088658e-05 1.52313019715373e-06 0
3.474575534975759e-05 1.049170538915339e-06 0
3.483582517425679e-05 1.437144208575599e-06 0
3.481061254800348e-05 1.595524228188027e-06 0
3.494848289953618e-05 1.675425065339457e-06 0
3.481375925433985e-05 1.759514991397964e-06 0
1.689166016099397e-06 5.171841122999683e-06 0
1.540990068955177e-06 5.193932184290139e-06 0
1.49475694991854e-06 5.338183965670356e-06 0
1.399126755923765e-06 5.208231960042288e-06 0
1.438694115694574e-06 5.064406477273946e-06 0
1.238631903868363e-06 5.227388414600927e-06 0
1.255313422129003e-07 5.518630912934113e-06 0
3.843102521781174e-05 2.572788850568629e-06 0
7.622878453595258e-06 3.196696373383208e-06 0
1.980237577668798e-05 7.234616532699634e-07 0
8.54669801723535e-06 2.506761639724569e-06 0
9.02329849348458e-06 2.147301313016348e-06 0
6.735811955770625e-06 3.53944464560845e-06 0
4.501500533976313e-06 4.440036922911439e-06 0
6.703119084198062e-07 5.106503961322389e-06 0
7.479482138401808e-07 5.231205366026943e-06 0
1.105297688948278e-05 3.490190521578476e-07 0
5.509569816223112e-06 4.08299138574904e-06 0
4.362221860311914e-06 4.480434355764177e-06 0
5.760108003743777e-06 4.010255736269845e-06 0
1.063751405875413e-05 7.961589981408461e-07 0
6.455231590163667e-06 3.676722957833824e-06 0
5.212433208378997e-06 4.197273908238133e-06 0
9.25046562637171e-06 1.97601532139454e-06 0
9.549901792626914e-06 1.882672921731507e-06 0
3.494514109533906e-06 4.717184729921216e-06 0
5.910240909181717e-06 3.932919572392024e-06 0
1.126201091325654e-05 1.468115277445216e-07 0
1.08294835111921e-05 5.786582709904853e-07 0
8.292503668496583e-06 2.676604806199039e-06 0
3.637454295351418e-06 4.685493339392148e-06 0
8.788896324890358e-06 2.32525590782892e-06 0
7.775793875672187e-06 2.975085218295471e-06 0
9.731052811595523e-07 5.089313438284413e-06 0
6.303357807533362e-06 4.686631236594112e-06 0
6.05560950973128e-06 4.800360617950901e-06 0
3.89400409361037e-05 3.024219652253184e-06 0
3.909880805641831e-05 3.020957199499413e-06 0
2.169188058545857e-05 2.530270135536618e-07 0
1.845894039735099e-05 1.46274675639484e-07 0
3.327751899537528e-05 1.30632644395879e-07 0
3.305013050833222e-05 2.602501465549837e-07 0
2.047738087050781e-05 2.577501917779487e-07 0
1.024051244784298e-05 3.043102655297102e-06 0
3.927078646448365e-05 3.015451058718493e-06 0
1.382278441054687e-05 2.76081434439306e-07 0
1.392776600522616e-05 1.754794400502056e-07 0
3.65569302938293e-05 2.078598331180364e-06 0
1.292593036083024e-05 6.793177200332574e-07 0
1.276720195483478e-05 7.924658515849706e-07 0
1.274746953296493e-05 1.102288214653665e-06 0
3.657824777297647e-05 2.225537218294477e-06 0
3.26564488513984e-05 1.419077670391624e-06 0
1.49520778059143e-05 2.507432163740227e-07 0
1.738437272369681e-05 2.018386778616107e-05 0
2.115159137269453e-05 2.159181093585718e-05 0
2.424147881797152e-05 1.905154459918529e-05 0
2.489647947573026e-05 2.299756532509739e-05 0
2.780037472486023e-05 2.048820234881178e-05 0
2.859003486781359e-05 2.44118598305397e-05 0
2.55429180015798e-05 2.694499245896992e-05 0
2.92660315937065e-05 2.835438194179827e-05 0
3.193360597059591e-05 2.109281987379424e-05 0
2.687559608189515e-05 1.64817233232691e-05 0
2.619877637140702e-05 3.089099322959161e-05 0
2.994346154999279e-05 3.229732488272694e-05 0
3.29511542450439e-05 2.96824741399133e-05 0
3.361615129977755e-05 3.362087993660859e-05 0
2.245899672127078e-05 2.948434418050347e-05 0
1.804438795932853e-05 2.413260541843365e-05 0
9.601771547064493e-06 3.565828173280793e-05 0
2.685551821669264e-05 3.483813891711863e-05 0
1.254764546043179e-05 3.315467119561046e-05 0
2.376601634006001e-05 3.737799717994612e-05 0
1.887518281816266e-05 5.029449759072725e-05 0
1.321565203342109e-05 3.709690494665762e-05 0
1.823566403095257e-05 4.639403766787701e-05 0
2.27332793690611e-05 5.140564465960692e-05 0
2.573504442981098e-05 4.919115839936018e-05 0
2.942499156455792e-05 5.052162197471391e-05 0
7.659070447784073e-06 4.612861150447461e-05 0
3.222237433613557e-05 4.436278599816744e-05 0
2.180068178084973e-05 2.553837614260951e-05 0
2.123727962115687e-05 2.532025997991529e-07 0
3.297678794853517e-05 1.298273601321009e-07 0
2.562795475059055e-05 1.215275812724969e-07 0
3.10311810677708e-05 1.297583996498415e-07 0
3.095625383581395e-05 2.5956216675626e-07 0
3.080633834064953e-05 2.594344395356345e-07 0
3.088696625238028e-05 3.860598174819167e-07 0
3.103057343057273e-05 3.764045708095905e-07 0
3.072894612096104e-05 4.169807344939254e-07 0
3.098700689355417e-05 5.115162504253998e-07 0
3.122730168758039e-05 4.606845781156364e-07 0
3.110609065919319e-05 2.496342610368093e-07 0
3.125672730234601e-05 2.490395342625863e-07 0
3.207885105997343e-05 1.29707639138257e-07 0
3.200394423089903e-05 2.595118951220027e-07 0
3.185404649829406e-05 2.594574622276501e-07 0
3.192889164545519e-05 3.893714783609802e-07 0
3.17789011449274e-05 3.892632854230239e-07 0
3.207618960908002e-05 3.833197346043521e-07 0
3.170412823959113e-05 2.593450133072967e-07 0
3.162900659130756e-05 3.887553979405093e-07 0
3.170350863865706e-05 5.158852651542979e-07 0
3.200101439473446e-05 5.110427980487479e-07 0
3.215068555736189e-05 2.569318706767766e-07 0
1.696224350844536e-05 1.202245935504417e-07 0
1.53158940397351e-05 1.296170471887267e-07 0
1.157417218543047e-05 1.296170471887301e-07 0
1.710541248587592e-05 1.183884530417544e-07 0
1.875827814569537e-05 1.296170471887233e-07 0
2.639761745108653e-05 1.35759715070724e-07 0
2.983381794739066e-05 1.29707639138196e-07 0
2.975893985449009e-05 2.562459337374784e-07 0
2.990875649177787e-05 2.52148841649909e-07 0
2.960930807155975e-05 2.520765708478783e-07 0
2.99835013179051e-05 1.284364102174283e-07 0
1.771775985334126e-05 1.211460577852522e-07 0
1.353070798933511e-05 1.547050088988171e-07 0
1.248304956199663e-05 1.34091949572887e-07 0
1.292444996006155e-05 1.249849422784912e-07 0
3.222801708932142e-05 1.292335817219424e-07 0
1.74112582781457e-05 1.296170471887199e-07 0
1.47173116525139e-05 1.264015822093927e-07 0
2.070493412534916e-05 1.289533667165683e-07 0
1.322069019340209e-05 1.164838765111759e-07 0
1.427003274436891e-05 1.297513105776568e-07 0
3.028283319249797e-05 1.296946974311266e-07 0
3.020804224065098e-05 2.558078422325516e-07 0
3.035778128180584e-05 2.583044538071933e-07 0
3.027618177542942e-05 4.060009728997994e-07 0
1.607382409316278e-05 1.249499495439884e-07 0
2.205664053122566e-05 1.271899674490189e-07 0
2.383278911350073e-05 1.269550365033093e-07 0
2.10074897815413e-05 1.287849053465925e-07 0
2.472758976746459e-05 1.307570114563556e-07 0
2.878924869524795e-05 1.512265711371391e-07 0
2.953206148347961e-05 1.315652742565847e-07 0
3.252786630508073e-05 1.296946974311672e-07 0
3.245300623232357e-05 2.558379866657591e-07 0
3.26049752354903e-05 2.50826318136314e-07 0
3.073178807947022e-05 1.296170471887131e-07 0
3.177942055126233e-05 1.296326908463877e-07 0
3.267787977111058e-05 1.281331265351823e-07 0
3.043248133698492e-05 1.294130182291262e-07 0
3.133066024530256e-05 1.278080600734241e-07 0
3.162966334483967e-05 1.296004875542816e-07 0
3.06562883760897e-05 2.639343404116476e-07 0
3.058128483010335e-05 3.890948631151922e-07 0
1.922782386205953e-05 2.777797222215093e-07 0
3.155442796539168e-05 2.594260222747141e-07 0
3.148685351501323e-05 3.838384077748256e-07 0
3.230017487326868e-05 2.493749973657339e-07 0
3.005837338818534e-05 2.537998577270344e-07 0
2.998390968561971e-05 3.891826843034748e-07 0
1.905761589403974e-05 1.291464700998715e-07 0
3.178950147332709e-06 5.003188384372036e-05 0
3.587173452882564e-05 1.773763699062575e-06 0
2.947189718916509e-05 2.556579035107128e-07 0
3.275512544842055e-05 2.542639440796608e-07 0
3.050716706421184e-05 2.594710906047635e-07 0
1.376078612720807e-05 5.684223766092066e-05 0
2.906503606031264e-05 5.656990306625592e-05 0
2.166316128555094e-05 5.691026443351145e-05 0
3.508623633914056e-05 1.770038819260006e-06 0
3.602403216827373e-05 1.903525304052708e-05 0
3.140686093259828e-05 2.56429899787168e-07 0
1.442004056553558e-05 1.303816348543951e-07 0
2.330869431394341e-05 1.495121955837506e-05 0
3.290149176939254e-05 2.579030509725263e-07 0
3.581564833252988e-05 4.233847743033573e-05 0
3.60482976057544e-05 5.023681416904973e-05 0
3.585286106799201e-05 2.316980130940758e-05 0
1.275296236905873e-05 2.861590174001864e-07 0
1.117931940046375e-05 1.411121290270359e-06 0
1.09931661683613e-05 1.628390765288683e-06 0
3.590099222759354e-06 4.842090811984111e-06 0
2.062996709525245e-05 2.577390080100002e-07 0
3.467578903996278e-05 1.50310660044626e-06 0
1.954665152356807e-05 2.715124352386763e-07 0
1.511165343323821e-05 2.669225659495963e-07 0
3.342846633322278e-05 1.315389786075836e-07 0
9.800823065014257e-06 1.708732582730079e-06 0
2.017109216993931e-05 2.616004710357853e-07 0
2.325543728383644e-05 1.289256009443293e-07 0
1.985856344180934e-05 2.672788399845928e-07 0
1.935244720345372e-05 1.292093841444137e-07 0
3.252583904439738e-05 4.832230208309448e-05 0
2.025203027984077e-05 1.29260368133993e-07 0
2.537334379623531e-05 2.741601727509013e-07 0
3.18532851449368e-05 5.170952865178138e-07 0
3.286281532195932e-05 5.259370575626132e-07 0
2.594237326432527e-05 1.444922252855832e-07 0
1.098230071956934e-05 1.927919336043907e-06 0
1.96476068033139e-05 1.312548636003433e-07 0
1.994884039027051e-05 1.317209112533138e-07 0
4.920667130384517e-06 4.299296348660042e-06 0
2.702777944370151e-05 2.716636537544061e-07 0
1.886652284809962e-06 5.012659727854102e-06 0
2.45848550869448e-05 1.25696251550632e-07 0
2.078316820830421e-05 2.583039268264888e-07 0
1.301084104193709e-05 2.533587025222368e-07 0
2.716805878713592e-05 6.555901842550163e-07 0
2.305540611981304e-05 7.170144996257501e-07 0
2.267594795548814e-05 1.087770606840253e-06 0
3.335257555299279e-05 5.267843077277941e-07 0
1.658617408118418e-05 1.174470431540679e-06 0
2.040262223484097e-05 1.289589491500875e-07 0
3.878537796447653e-05 3.004115879653678e-06 0
3.848338216654795e-05 2.974477013318869e-06 0
3.700965701949066e-05 2.896524106986347e-06 0
3.244811150795515e-05 2.564580067852501e-05 0
7.257153567317656e-06 3.272380068031316e-06 0
2.865596936572262e-05 2.710954931927579e-07 0
1.130736792036614e-06 5.088114681203501e-06 0
3.062560719198193e-06 4.958756319504924e-06 0
7.12483382751202e-06 8.15361709689076e-06 0
6.691560254830236e-06 1.032554573237933e-05 0
2.668979971498891e-05 1.168876724992741e-07 0
1.086621457936891e-05 7.03014083843036e-07 0
1.652383592948613e-05 1.222291125368918e-07 0
2.093619967638495e-05 2.584789010353066e-07 0
8.940858825183925e-06 2.375909997330531e-06 0
3.572913161624657e-05 2.182224328579293e-06 0
6.032102024561994e-06 4.028174675811853e-06 0
3.43416676957048e-05 1.234242030209519e-06 0
1.995744521765477e-06 5.132393365009397e-06 0
3.204144860798323e-06 4.7812056585489e-06 0
2.684193404654623e-05 1.17945411784919e-07 0
2.800539200299237e-05 5.866540520599661e-07 0
2.788419270489643e-05 7.410195305689703e-07 0
2.812049187825801e-05 9.364762013010912e-07 0
7.616011046549425e-06 4.36461014389745e-06 0
3.347594602664435e-06 2.232594505564343e-05 0
2.108836681502242e-05 2.577728080568646e-07 0
1.510647068635177e-05 8.331706676101004e-07 0
1.534822803426486e-05 9.632050770061724e-07 0
9.680312544121919e-06 1.833699435066872e-06 0
3.90424390930194e-05 3.204698099492589e-06 0
1.121814423768941e-05 3.659548707113776e-07 0
1.216120608954101e-05 7.857256344484535e-07 0
4.460082033085977e-06 4.600775861827852e-06 0
3.73196023733206e-06 4.782966541079898e-06 0
1.106056415002744e-05 5.694047950287218e-07 0
1.502241841122456e-05 1.284436969527101e-07 0
3.926460328196829e-05 2.728816575034819e-06 0
1.318524551280769e-05 6.213973535063806e-07 0
3.042822029574683e-05 3.692495518286842e-07 0
3.058474825370328e-05 5.698496523583722e-07 0
3.024923237298643e-05 5.87789390198417e-07 0
2.903349674420457e-06 4.839100126235999e-06 0
3.542111394863034e-05 2.070038873608429e-06 0
3.510514450143795e-05 2.039753308624855e-06 0
2.474576482458056e-05 8.845381594436917e-07 0
3.321117149014909e-06 5.571014057252203e-06 0
3.501483563685326e-06 5.811637087213062e-06 0
1.179429853867524e-07 5.22673806148918e-06 0
3.133447870846357e-05 3.873045029365661e-07 0
3.133852937559741e-05 5.472139358656523e-07 0
3.266646250729765e-06 4.171516075893607e-05 0
2.727173778697406e-05 1.103196456834781e-07 0
1.007541060486728e-05 1.314462201953585e-06 0
1.215937903513284e-05 1.218945219257202e-07 0
2.339703531323805e-05 1.041206830401614e-07 0
3.507876535621321e-05 1.600595962868422e-06 0
2.184976027760981e-06 4.970566766875228e-06 0
3.375000067913576e-05 6.530195844973966e-07 0
2.771228510358447e-06 4.868904716840501e-06 0
3.351982142257136e-06 4.882571008786304e-06 0
2.130687935076812e-05 1.251578364796951e-07 0
2.293465677375628e-06 5.08520758771715e-06 0
2.591306349075857e-06 5.035104855759934e-06 0
1.040710232834509e-05 1.000414083178513e-06 0
1.37815776053599e-05 6.753573064508784e-07 0
1.369390769477634e-05 8.399469374117975e-07 0
2.14590908357466e-05 1.265382020284915e-07 0
2.758874172185431e-05 1.199339998991573e-07 0
2.660442018378214e-05 5.319844786630638e-05 0
3.616508063259117e-05 2.040194123776862e-06 0
6.037627786980551e-06 5.691439409763731e-05 0
1.404773985854159e-05 5.918031161701027e-07 0
1.187350993377481e-05 1.192863237489511e-07 0
1.571629022885031e-06 5.44794956008554e-06 0
2.479696796680506e-06 4.922638900946313e-06 0
4.607301079805005e-06 4.542256538716903e-06 0
2.154025645544418e-05 2.526661938683509e-07 0
3.624180343665566e-05 5.406387335739059e-05 0
3.291581001736656e-05 5.216934352532282e-05 0
1.441063450478211e-05 6.24661330345998e-06 0
1.723268945708058e-05 9.682042393675735e-07 0
2.42853162183319e-05 1.082552861988504e-07 0
3.770636264127582e-05 2.410034150121112e-06 0
2.357413144045826e-05 2.630276366470304e-07 0
9.736872164222477e-06 1.575001884598523e-06 0
3.522353757655994e-05 1.533635887983474e-06 0
3.897066915583286e-05 4.236358885640717e-06 0
2.176008338416345e-05 1.27048508613417e-07 0
4.748069129761725e-06 4.489879922160878e-06 0
1.417535701218121e-05 6.584628146933207e-07 0
1.419657818053465e-05 8.659787667598971e-07 0
2.184557674359009e-05 2.555713990919656e-07 0
2.669005445656852e-06 5.94175279678226e-06 0
6.44439753448385e-06 3.830693760795996e-06 0
1.097818020952065e-05 6.535342986886533e-06 0
3.281947838344844e-05 3.823249257482954e-07 0
2.832676741305977e-05 8.034924871048411e-07 0
3.586266854317775e-05 3.009205497771063e-06 0
3.6178191960428e-05 2.888611666770894e-06 0
3.615458720554856e-05 3.274036871177348e-06 0
3.177788288730771e-05 6.432371621588017e-07 0
3.652591986392098e-05 3.393110243902717e-06 0
7.505536455324797e-06 3.276996786983897e-06 0
2.199524865074057e-05 2.547287995655354e-07 0
1.585710900154376e-06 5.049048951841223e-06 0
3.803665617261373e-05 2.966626268268522e-06 0
3.79387710597895e-05 3.138457436720375e-06 0
3.773626033854833e-05 3.09997169691909e-06 0
1.622416592580582e-05 7.861158416678543e-07 0
1.643497137850092e-05 8.833441247875154e-07 0
3.929405362811429e-06 4.621330543447948e-06 0
1.19019007513748e-05 1.403041073713488e-06 0
3.266516734807591e-05 3.673787167536784e-07 0
2.921757615671146e-05 1.202809394605843e-07 0
7.762182201825143e-06 3.109104730177622e-06 0
4.782449583807438e-06 4.34446268256367e-06 0
2.367834208448537e-05 1.29084566024859e-07 0
2.324628239679488e-05 3.558948268393992e-06 0
2.783329021132266e-05 2.653773684719321e-07 0
2.388412504888972e-05 8.22640318501692e-07 0
2.40201161993407e-05 1.078023091997727e-06 0
3.773892882970035e-05 2.930070512458205e-06 0
2.297083359707493e-05 1.036697492160906e-07 0
2.861606132853989e-05 6.758001217963696e-07 0
1.419720152762352e-05 2.502653672488449e-07 0
1.869549538558296e-05 7.189882695543017e-07 0
1.833190154460709e-05 9.789445468942378e-07 0
1.623460930224178e-05 6.233192636242596e-07 0
5.182535428011202e-06 4.334482765599255e-06 0
3.665741660984413e-05 2.695401442872241e-06 0
3.650266231598991e-05 2.830286131578885e-06 0
1.887488168420673e-05 8.517962346670289e-07 0
1.646760831638978e-05 2.522947173715573e-07 0
1.067831665390091e-05 1.960303262017943e-06 0
1.088908523067651e-05 2.270098414748556e-06 0
1.597567933779627e-06 5.600626888996003e-06 0
3.63958684978119e-05 3.100149556162481e-05 0
3.327439622606826e-05 8.165319503278015e-07 0
4.847487184480139e-06 5.048970984050599e-06 0
2.323809990830631e-05 8.300004966393479e-07 0
9.045175579782015e-06 2.291981620042198e-06 0
7.014864998980295e-06 4.400717365371287e-06 0
3.222028393915847e-05 3.71154038942216e-07 0
2.820290437944905e-05 1.206755306706599e-07 0
2.507437524763332e-05 8.134664392303055e-07 0
2.529304737567053e-05 1.017004546761121e-06 0
1.550283895612901e-05 7.888534436149527e-07 0
6.190990614939392e-06 3.81323113312162e-06 0
1.176682951829263e-05 4.772853375186299e-07 0
2.458304075094134e-07 5.44095598831677e-06 0
3.446573713502769e-05 1.546694300854824e-06 0
2.213649159998566e-05 2.433730121879414e-07 0
2.547939796699119e-05 1.293447256890834e-07 0
2.476571344602477e-05 2.616316596223091e-07 0
9.922451766694323e-06 8.107643773385043e-06 0
3.198358640457588e-05 1.856305423771903e-06 0
3.162237737422303e-05 2.368726105406526e-06 0
1.031195897760905e-05 1.243634566517796e-06 0
1.380282397251684e-05 1.201592845036765e-07 0
7.969825480262068e-06 5.359618045807285e-05 0
2.963564230395806e-05 1.380836074465413e-05 0
2.194206046498833e-05 6.638900234253177e-07 0
2.204178184586222e-05 8.421126458359368e-07 0
1.630975574195988e-05 2.440575065305227e-07 0
1.666748698375804e-05 1.197767274932807e-07 0
1.326744554238628e-05 2.381699542210017e-07 0
2.162736087653495e-05 6.980754282067908e-07 0
2.383127130235705e-05 6.495400505733529e-07 0
2.494474470112494e-05 2.367680256362754e-07 0
4.06190801487906e-06 4.543921055891618e-06 0
4.794833441062975e-06 4.877764582550078e-06 0
2.748210709478682e-05 9.470682842755758e-07 0
2.132349846563808e-05 6.39510197730538e-07 0
2.139616872643167e-05 8.222741395316149e-07 0
2.091683157365477e-05 7.71304268415974e-07 0
2.077585472866815e-05 1.086498464141297e-06 0
3.072640015063409e-05 1.496991877665726e-06 0
1.044976867868421e-05 2.16026392692236e-06 0
7.389401891584183e-06 3.345014549001445e-06 0
2.388800636533431e-05 2.507183626780985e-07 0
1.514543783664399e-05 6.744653427444987e-07 0
2.570015466505701e-06 3.812372221419586e-05 0
3.01288354178342e-05 3.60617108341302e-07 0
2.667455822323189e-05 1.172480601127487e-06 0
2.683709089128237e-05 8.962608816328311e-07 0
1.130331793596514e-05 1.778541783978441e-06 0
3.241534408304367e-06 5.372496363838451e-06 0
9.584022031687792e-06 2.034568574229624e-06 0
2.40657457766798e-07 5.292632034803179e-06 0
1.465706864384833e-05 8.100443309826179e-07 0
1.443852636869402e-05 8.892384791836641e-07 0
1.428863872208764e-05 1.133563580413444e-06 0
3.398725525020844e-05 9.608583590383111e-07 0
2.5751390315506e-06 5.43554871171197e-06 0
2.598683061741491e-06 5.616083693773559e-06 0
2.84593443806552e-06 5.658393342188294e-06 0
2.057097461245514e-05 6.503749461172337e-07 0
2.023559363691024e-05 8.286284885661483e-07 0
2.521745913676592e-05 1.318473920133223e-07 0
2.294861912086057e-06 5.47897480181832e-06 0
2.912942069634896e-06 5.435450507370664e-06 0
2.802975872457802e-05 1.223805285406505e-07 0
2.161891483194335e-06 5.532130036602414e-06 0
2.105457440422107e-06 5.769456804910306e-06 0
6.477347297110747e-07 5.451636476252778e-06 0
2.003227945813392e-05 5.380656757595612e-05 0
1.62243830933884e-05 1.231300955857107e-07 0
3.574677667650496e-05 1.681089567729928e-06 0
2.024967510556713e-05 6.561819898481878e-07 0
1.73288312869222e-05 2.361193176781429e-07 0
9.252257966833376e-06 2.12180395050168e-06 0
2.198021501230451e-05 3.428692841966794e-06 0
3.156221380039658e-05 5.094324993028253e-07 0
5.033688909744915e-06 4.38860645729707e-06 0
6.587712365231407e-06 3.749950997142232e-06 0
1.92678930984435e-06 5.985732348159967e-06 0
1.490972288277079e-06 6.585364993030905e-06 0
2.649859502660046e-05 2.416354165065072e-07 0
3.082594454887491e-06 5.565917779817932e-06 0
1.995273250692575e-05 6.599246010777534e-07 0
1.962710567383494e-05 8.430050672319313e-07 0
2.553517074198816e-05 6.631830371361682e-07 0
1.602977772433802e-05 2.429371174735072e-07 0
2.350557928186249e-05 6.558123883888222e-07 0
2.345964536094169e-05 8.509972254723415e-07 0
9.050061556220824e-07 5.204963807278741e-06 0
2.908788611790293e-05 9.457842695218891e-08 0
1.063478434523472e-05 9.221552521613353e-07 0
2.546249992493869e-05 8.205038421039455e-07 0
2.598198373104554e-05 1.017166176181276e-06 0
9.045774865249021e-06 2.877068881876456e-06 0
9.214110803611095e-06 2.958726791085412e-06 0
9.090528407806423e-06 3.127350038936837e-06 0
8.838730852494883e-06 3.227577762287985e-06 0
8.77361738180015e-06 3.583676086960595e-06 0
8.499522181622759e-06 3.482076748202223e-06 0
8.061861824352666e-06 3.646636258364427e-06 0
8.097231479737307e-06 3.990145062389635e-06 0
2.874726711111256e-05 7.638858254341698e-07 0
2.872990433719748e-05 1.06455879086019e-06 0
2.903187317494336e-05 1.119282578082668e-06 0
2.930750594503716e-05 1.48927029745417e-06 0
2.97271063917972e-05 1.464866452332698e-06 0
3.024682064906287e-05 1.771348621100616e-06 0
2.967817684813971e-05 2.031822674338247e-06 0
3.915539792646693e-05 2.870753979178379e-06 0
3.782524782522251e-05 2.602001886822309e-06 0
1.58165997202071e-05 7.930657043010264e-07 0
1.963057105312051e-05 6.660453899264129e-07 0
7.510173206355347e-06 3.122539038594896e-06 0
3.672318128993053e-07 5.092847275788048e-06 0
3.638205702927518e-05 2.554202460818448e-06 0
1.589438155591641e-05 1.067187054149532e-06 0
1.498086347512483e-05 1.088202672884711e-06 0
1.80047047170687e-06 5.59766961815275e-06 0
4.24190549397355e-06 4.660441135729121e-06 0
1.451291028502654e-05 7.196812710953619e-07 0
9.164800614595601e-06 3.962227446693383e-06 0
1.149933774834467e-05 2.331019409136226e-07 0
1.180185139816204e-05 2.381858851181976e-07 0
4.888674234204415e-07 6.05263352884637e-06 0
1.02929599243219e-05 2.534666531135332e-06 0
1.930899847120812e-05 7.045384948569871e-07 0
1.9157458423427e-05 6.797960551577951e-07 0
2.904025253323665e-05 5.157177575731204e-06 0
1.561228241794857e-05 1.123975432563825e-07 0
4.150651135180163e-06 5.533650954193471e-06 0
2.382014119742461e-05 4.801740173177561e-06 0
3.60400950255487e-05 1.967487349214326e-06 0
1.367773431030874e-05 2.348295616119879e-07 0
6.733798733048016e-06 3.672701892563705e-06 0
2.608274361822509e-05 2.558140685563329e-07 0
1.67479720701679e-05 2.310772570863738e-07 0
2.621019069391192e-05 8.039393733994866e-07 0
9.484453894884232e-06 1.762733005857954e-06 0
1.478750589117655e-05 2.37029484606015e-07 0
3.460243849228624e-05 3.348805518896044e-06 0
2.320625288216711e-05 6.635272772578871e-07 0
1.884847237112486e-05 6.768384418883783e-07 0
5.908960368453705e-06 4.621484512263405e-06 0
2.247486252408678e-05 7.850536006142562e-07 0
6.309688747473435e-06 4.9367613179291e-06 0
6.539660433030663e-06 4.527416547489145e-06 0
2.333848187457692e-05 1.117264326652969e-06 0
1.581290587114835e-05 2.194181416504777e-07 0
8.735902468090804e-06 3.03875517276547e-06 0
8.637101923596704e-06 3.153858103935329e-06 0
3.767338422852208e-06 6.133178581139717e-06 0
1.850418532222498e-05 7.446333555898894e-07 0
7.173703178689688e-06 4.022296771196271e-06 0
3.611895607384747e-05 2.653892982611334e-06 0
3.12845987661363e-05 7.150661257196451e-07 0
3.41961960510096e-05 1.306738407348898e-06 0
3.353055396799481e-05 1.097164733688977e-06 0
3.41724238455e-05 1.529363957196092e-06 0
1.815953944222e-05 2.591736492651702e-06 0
1.721022602611655e-05 3.350478047828275e-06 0
3.651846549584636e-05 3.48048610175523e-05 0
3.394717143942074e-05 5.278315247491387e-07 0
3.384402676207856e-05 9.361297918313751e-07 0
2.911838515722973e-05 2.1328428730648e-06 0
2.886370940616762e-05 2.970678567436751e-06 0
2.855307242161285e-05 3.866833388900058e-06 0
1.308160392772717e-05 4.869589218372143e-06 0
2.60009490594481e-05 7.262575323600744e-07 0
7.525824417556439e-06 3.430545599545025e-06 0
3.869608664665665e-05 3.131745536018711e-06 0
3.870142250108584e-05 3.34874171014463e-06 0
1.318992230441974e-05 7.960382988223422e-07 0
1.339068291299864e-05 9.471149397317466e-07 0
1.818910915012936e-05 7.39761387305567e-07 0
1.802905730428942e-05 7.014533361455246e-07 0
2.996970067124612e-05 5.444726717030002e-07 0
2.775200454375561e-05 6.210289511165959e-07 0
1.702884595601266e-05 2.356926536065328e-07 0
3.327615133413858e-05 6.436898460051085e-07 0
3.683879675242855e-05 2.819637622259274e-06 0
3.293253836441062e-05 3.337367601128752e-06 0
6.066930865440909e-06 5.169888547805253e-06 0
6.150593929170605e-06 3.987235752287813e-06 0
1.788391967530132e-05 7.439934532870381e-07 0
1.781065627286554e-05 9.608982596226498e-07 0
1.754483785336258e-05 9.774105128495649e-07 0
1.798836185008343e-05 1.256536276342374e-06 0
2.443519073672758e-05 7.012284318542586e-07 0
3.735383070997256e-05 4.284580029849707e-06 0
2.402701498851688e-05 2.581723203791301e-07 0
2.290758489769933e-05 7.173606651482901e-07 0
2.063717850945914e-05 8.241625621883785e-07 0
2.70399131404472e-05 8.056968583911175e-07 0
3.365228876864124e-05 2.234812522214064e-06 0
2.931368254436952e-05 1.013499077077718e-06 0
9.838462806593484e-06 2.866834251755841e-06 0
3.407375327665922e-05 1.206469749181043e-06 0
4.496825505818878e-06 5.461888636088143e-06 0
4.833654942360456e-06 5.378347786618947e-06 0
3.683777230157022e-05 2.307603457357042e-06 0
8.357760323388598e-06 3.327370682329633e-06 0
2.96711718912179e-05 3.535320003746326e-07 0
2.971477277402396e-05 4.827448445188162e-07 0
5.572590198712104e-06 7.006367045516546e-06 0
8.379563581987677e-06 4.151521854010174e-06 0
1.54605030011579e-05 2.587817527487697e-06 0
9.15435741837431e-06 2.210355167332994e-06 0
2.139771394569257e-05 1.139205660230908e-06 0
1.263833742628646e-05 6.598173406939477e-07 0
6.703123538925788e-06 3.413709067558807e-05 0
1.406052582196232e-05 2.290198896556512e-07 0
1.39678243235758e-05 7.432589037523929e-07 0
9.226878894773575e-06 5.5517892826227e-06 0
2.526499891521484e-05 7.446989509666692e-07 0
3.339614840132308e-06 8.00752864328849e-06 0
1.753076855123814e-05 7.45848219242139e-07 0
3.446748091839214e-05 1.292015283281365e-06 0
7.886685489737465e-06 3.026835519560921e-06 0
5.308977793108251e-06 4.274062398033429e-06 0
4.402206751935304e-06 5.876575189619481e-06 0
1.237802219359096e-05 2.304411206927718e-07 0
3.00864690840027e-05 6.664088295521281e-07 0
3.451860930679738e-05 4.278183853756508e-06 0
1.157867709866407e-05 1.152243194855806e-06 0
1.747333073964527e-05 2.280663184606296e-07 0
1.576684572872592e-05 1.084105237831225e-07 0
2.430979653050495e-05 7.707461549922623e-07 0
3.731118513166111e-05 2.430732387450005e-06 0
2.001042910619861e-05 8.246928469600623e-07 0
2.014025901427758e-05 1.090377122279014e-06 0
2.913967577761328e-05 8.74367426017663e-07 0
5.575804486030303e-06 4.77019864664516e-06 0
3.460328628569328e-06 4.830714355041154e-06 0
2.983536671468896e-05 1.116390840763529e-06 0
6.055261940168478e-07 5.210138554891081e-06 0
1.2365489394407e-05 9.938661690774064e-07 0
3.040744090852256e-05 1.330547341495636e-06 0
1.767778763221479e-05 2.285567755617906e-07 0
2.81164608368007e-05 9.389205096937793e-06 0
3.366387667314573e-05 2.810506475400338e-06 0
5.404081552594572e-06 4.815177621247125e-06 0
1.729209006131272e-05 1.333063585714269e-06 0
3.800173821702596e-05 2.464116139633906e-06 0
7.141674998934654e-07 5.588036468874417e-06 0
3.110024731060571e-05 1.55393198389954e-06 0
2.891681515684837e-05 2.424121100629554e-07 0
3.462240060887325e-06 1.135387086977418e-05 0
1.719803240562573e-05 7.645704544144609e-07 0
2.569742838376261e-05 2.359015772993591e-07 0
9.823477586300091e-06 1.468662755776102e-06 0
1.286300552558663e-05 2.311075668189351e-07 0
3.091324954648526e-05 6.63762470606506e-07 0
3.147543025682009e-05 8.592973986358656e-07 0
2.234830282456516e-05 9.536967360891543e-08 0
2.67409047436654e-05 7.402513670971062e-07 0
5.511507956902313e-06 4.20902586349599e-06 0
1.717744660958504e-05 2.365698479123222e-07 0
2.198962576519464e-05 1.10908372186906e-06 0
3.816585376826651e-06 5.635407582778677e-06 0
1.464238410596026e-05 2.205953043805329e-07 0
1.020612509675022e-05 1.311951071235182e-06 0
3.252500855441285e-05 3.528319207508134e-07 0
3.244890399658688e-05 4.77367666768896e-07 0
1.262185430463577e-05 9.008913048052386e-08 0
1.096720713678249e-07 5.107355443035302e-06 0
1.604934086040522e-05 4.10025547977369e-06 0
1.081523667385003e-05 1.540051074845422e-06 0
2.087500754692369e-05 6.173768439542328e-07 0
2.691033681872071e-05 2.173390948643448e-07 0
9.371599384081187e-06 3.178529518804458e-06 0
6.873544037244464e-06 4.211930633622879e-06 0
2.982203980042314e-05 3.620880137632164e-07 0
5.474530765422924e-06 5.027633017644851e-06 0
2.500155006213863e-05 1.090594922112013e-07 0
2.895503771301776e-06 5.709978931839079e-05 0
3.267255286018794e-05 1.071397272355834e-06 0
2.171197072180059e-05 1.27463105888787e-06 0
1.094888310091641e-05 6.041786970477119e-07 0
3.385256080487224e-05 7.554030029101726e-07 0
3.210765592263197e-05 7.841064976033466e-07 0
1.39592044422658e-05 8.784766319548409e-06 0
3.929299745974426e-05 2.60492789363093e-06 0
3.70303662070195e-05 2.344202988293305e-06 0
1.685598131650722e-05 8.03219714863005e-07 0
1.897782660264273e-05 4.716012858192935e-06 0
1.754258567082434e-05 5.183525471945444e-06 0
3.342922683388354e-05 4.287009537327042e-06 0
1.696120213095608e-05 3.590507064605905e-07 0
4.335671748548861e-06 4.599887961127808e-06 0
1.040429499209129e-05 1.354641146404327e-06 0
5.433771221770572e-06 5.380934570404171e-06 0
5.120575278867381e-06 5.597282068921759e-06 0
5.790335075741144e-06 5.544701488855068e-06 0
1.056033448127644e-05 1.006432764048579e-06 0
3.683038458830013e-05 2.527794036208785e-06 0
8.744278435836192e-07 5.41145515321688e-06 0
8.805478443266208e-07 5.551913882429088e-06 0
1.170470423251444e-05 1.914894993991156e-06 0
1.688741721854336e-05 2.177301868335453e-07 0
9.399924835223304e-06 2.903387874231519e-06 0
1.315894224115492e-05 1.284791660007114e-06 0
4.445844460268824e-06 5.199536107768021e-06 0
3.655976128703104e-05 5.717080616046875e-05 0
2.223680210978445e-05 7.872601604228418e-07 0
3.269572406012959e-05 5.107649110220548e-07 0
1.307200538431074e-05 7.217519195494332e-07 0
2.981977549108475e-05 1.773826520914206e-05 0
3.216121203112359e-05 5.026159198457953e-07 0
1.906456824156165e-06 8.937816890554667e-06 0
3.716240289926128e-05 2.386484319392134e-06 0
3.034318271730436e-05 2.731501215439098e-06 0
4.09576617727154e-06 5.296106742162118e-06 0
6.878140240689781e-06 3.586247756104894e-06 0
2.075174484630298e-05 2.485455070136746e-06 0
4.46333072421106e-06 4.743046726863066e-06 0
1.951165260341668e-05 2.47155157605091e-06 0
2.200478481755901e-05 2.514865901752529e-06 0
2.329382693939761e-05 2.584761838387745e-06 0
2.461698671426011e-05 2.660291912941436e-06 0
3.833416042251e-05 2.95615202313417e-06 0
3.83966366714408e-05 3.092553135446805e-06 0
2.596557536573597e-05 2.718800799755751e-06 0
2.733152933033771e-05 2.84136310260896e-06 0
7.456630470619848e-07 5.358242263701272e-06 0
3.165170637551392e-05 7.682157518644231e-07 0
3.392856802283411e-05 1.09729778826288e-06 0
3.384838692413193e-05 1.300280300559145e-06 0
2.465138426351411e-05 1.161601140471092e-06 0
3.74241807624379e-06 5.401465917979224e-06 0
2.490228708445914e-05 8.055805429165179e-07 0
6.151795670178044e-06 4.134023525570663e-06 0
2.414635761589404e-05 8.579094271213327e-08 0
2.713973509933775e-05 8.57253798421402e-08 0
8.459673206680372e-07 5.307044969611302e-06 0
2.099706381138809e-05 6.206329175898834e-07 0
3.007056205732015e-05 5.359857210535721e-05 0
3.359452745106904e-05 3.673213323170857e-05 0
5.064628124819746e-06 4.958705304859007e-06 0
1.553297596606611e-05 2.236485273964252e-07 0
3.404287699985483e-05 5.896891553847979e-07 0
1.353203644799483e-05 2.511924740157906e-06 0
3.597731178061602e-06 4.982150455796463e-06 0
2.145006357455506e-05 5.831103926729417e-06 0
3.545040188665516e-05 2.288889380637986e-06 0
3.237525830931178e-05 3.591491611953288e-07 0
8.649333812720505e-06 3.337657532152755e-06 0
2.936177787644684e-05 2.825746763473569e-07 0
2.943344334310167e-05 3.982116150895214e-07 0
3.781148035894776e-05 4.137088971387645e-06 0
1.496092361442409e-05 1.466221484932211e-06 0
1.555020546301102e-05 1.218848721761152e-06 0
1.54094463159816e-05 1.5155651800661e-06 0
1.207700734479033e-05 2.159874698747465e-07 0
3.038927392066029e-05 7.007786396593544e-07 0
2.56299384437297e-05 7.753096188500882e-07 0
3.072037771242118e-05 7.623218146817015e-07 0
3.51313324261227e-05 5.4089876112651e-06 0
1.062148639412267e-05 1.116025735484454e-06 0
6.518432280345784e-07 6.341306623040715e-06 0
2.364775638156488e-05 1.358936251275417e-06 0
1.94262586479843e-05 8.844594281682254e-07 0
1.958092914928909e-05 1.116120199659756e-06 0
1.984822758112838e-05 1.313827114774145e-06 0
7.675683549327861e-06 4.77971060334587e-06 0
7.36163153040961e-06 5.114968203174005e-06 0
3.745138188541018e-05 2.460964111885372e-06 0
3.117981912497005e-05 3.498607277412235e-07 0
3.163598365393271e-05 6.166035266846885e-07 0
1.257345133684986e-05 1.384944289148169e-06 0
1.902700914021833e-06 5.753282503456233e-06 0
2.431430533246157e-07 5.569555956388813e-06 0
3.38236331654795e-05 1.536082615801631e-06 0
3.561243521302466e-05 1.736743374236311e-06 0
3.404704652202141e-06 6.131437537190628e-06 0
3.041970653995189e-06 6.333577191388399e-06 0
2.811211461837378e-05 1.272368890768942e-06 0
6.919560460972458e-06 4.740404974972961e-06 0
2.18370298403781e-05 8.201603395302498e-07 0
3.737290541675549e-05 2.954338393810405e-06 0
3.179599394238597e-05 3.200282254477545e-06 0
3.134651603339004e-05 4.170180100966264e-06 0
7.682368639242352e-06 3.892644475132647e-06 0
7.810289925949342e-06 4.090739850506465e-06 0
1.005318742517798e-05 2.37938514086211e-06 0
1.124928864731524e-05 2.589872925334432e-07 0
3.423048322544236e-05 2.889830754425852e-06 0
3.520538954703986e-05 1.810529750059596e-06 0
3.514190453705974e-05 1.899211368368161e-06 0
7.217347909299986e-06 6.739054050559145e-06 0
2.748279372192691e-05 2.276564505753723e-07 0
1.891113706355706e-05 1.10826804402842e-06 0
2.064849883370473e-05 7.73773396921176e-06 0
3.612251807470838e-05 3.765491188530749e-06 0
1.350246448447719e-05 7.449827311875286e-07 0
3.241907852842227e-05 1.803081254599226e-06 0
1.026906689959741e-05 1.072759035158778e-06 0
3.960517463134224e-06 4.880655567952094e-06 0
1.006241171556359e-05 1.459155901568694e-06 0
1.143383788454215e-05 9.252949768196584e-07 0
2.347453169393066e-06 5.694331359178235e-06 0
3.192295495196064e-05 6.197966412648456e-07 0
3.836713889031845e-06 4.744275583366251e-06 0
3.818780992573285e-05 2.941244389386774e-06 0
1.078015110974928e-05 7.880513169875652e-07 0
1.372609293538109e-05 1.115092078897667e-06 0
1.450406036337444e-05 1.408122264231868e-06 0
1.084102397211971e-05 5.106340531189792e-06 0
6.530230813426491e-06 5.248024152655636e-06 0
3.647095579305543e-05 3.05447660854828e-06 0
3.109100315495646e-05 8.126753713522255e-07 0
1.026137956616978e-05 2.042227213048677e-06 0
3.758658638105711e-05 2.960684073386419e-06 0
1.224137409210977e-06 6.307299753181606e-06 0
4.649414099888156e-06 6.117771778884927e-06 0
3.854226607121114e-05 3.08763943390141e-06 0
2.635080237640137e-05 4.997142543862686e-06 0
5.813900401535554e-06 4.855902148942428e-05 0
1.074447252865784e-05 3.065373719884949e-06 0
1.181999999999995e-05 5.440932093143448e-05 0
2.981843189565435e-05 6.051239241018272e-07 0
2.848965530580896e-05 8.982975226257757e-08 0
3.385812124472809e-05 6.324487200923603e-07 0
1.361946700589411e-06 5.352128480131393e-06 0
2.43328736835095e-05 2.156558784643025e-07 0
7.302556554874431e-07 6.065672745856815e-06 0
3.562449633350299e-05 2.300361564409992e-06 0
2.257839171654409e-06 3.038732046200361e-05 0
1.301755664002221e-06 5.481695384448782e-06 0
2.854317702678417e-05 8.494211129817775e-07 0
3.368015705502217e-05 9.621383670842446e-07 0
3.206514150506514e-05 6.411901623203483e-07 0
3.677161276376316e-05 4.230329328683914e-06 0
3.111749653164567e-05 4.854756074903008e-07 0
1.86158880859431e-05 1.29614325661945e-06 0
3.828837491996895e-05 3.231639527620107e-06 0
2.49812336015949e-05 1.39398526972892e-06 0
1.762417429702886e-05 1.63595920198575e-06 0
2.045391532982146e-05 1.311233105558749e-06 0
2.109044167974299e-05 1.343659609436567e-06 0
2.451073017076059e-05 8.744146351199249e-07 0
2.23474051358091e-05 1.340798617043214e-06 0
2.30025384626819e-05 1.340543759241017e-06 0
2.432483602860223e-05 1.396629632230046e-06 0
2.566201042421591e-05 1.39655499436162e-06 0
2.634609616501514e-05 1.411799272368292e-06 0
2.703201059797999e-05 1.441564325955224e-06 0
2.736373409660569e-05 1.239578656744286e-06 0
2.773745224939127e-05 1.50658985656197e-06 0
5.64957846369411e-06 4.13397998079528e-06 0
2.953693049586256e-05 3.413500821845335e-07 0
3.890720290066606e-05 3.352963316347072e-06 0
1.114529900672331e-05 2.708557663061544e-06 0
2.451860021331294e-05 2.064747465979986e-07 0
1.314569536423844e-05 2.085856409398419e-07 0
1.136482751439886e-05 1.255367708099569e-06 0
2.528304065626823e-05 2.102625263825126e-07 0
3.474230921784585e-05 1.926358076172993e-06 0
3.811973561815974e-05 3.108509694145056e-06 0
2.355644981788527e-05 5.444902498075051e-05 0
9.356586048028238e-06 2.024854948045976e-06 0
3.630128395317594e-05 4.243614396339689e-06 0
3.144243277663166e-05 4.960911820948404e-07 0
3.085279535847568e-05 5.098183245017262e-07 0
3.59231360349459e-05 1.896826974780589e-06 0
1.778324953454971e-05 2.159147304673231e-07 0
9.643411782575612e-06 2.123577951398247e-06 0
2.844734874347252e-05 1.464215959555911e-06 0
1.925404660922015e-05 1.255973035878072e-06 0
1.212196852552451e-05 1.011892211367515e-06 0
8.113537427588006e-06 4.930337247483766e-06 0
1.259534226989193e-05 1.81272792248998e-06 0
3.719040317385753e-05 2.909204826405947e-06 0
2.299589184646799e-05 2.096878931144908e-07 0
1.883129575245725e-05 2.084146962100315e-07 0
3.631795595131114e-05 2.681317499304703e-06 0
2.583157820937549e-05 2.278421938426494e-07 0
6.48551858226724e-06 3.955347973214932e-06 0
2.223443424240294e-05 2.306829053186685e-07 0
1.565332769858619e-05 7.394175557663652e-07 0
1.109521559044433e-05 4.557178636447164e-07 0
2.95825076614058e-05 5.768313821254962e-07 0
9.834959153513735e-07 6.571644199986475e-06 0
2.661510524258337e-05 2.072178362712007e-07 0
5.831681569097949e-06 5.130603792121845e-05 0
3.257709517905859e-05 5.985392964462556e-07 0
9.183565007412682e-06 2.368829499984009e-06 0
3.665141903930404e-05 2.89430769959809e-06 0
2.726626962749129e-05 9.969703431662527e-07 0
1.687241245437255e-05 1.409795920703266e-06 0
3.566261384021038e-05 2.057775219933488e-06 0
3.122117514311324e-05 5.719027423606162e-07 0
1.401519472718275e-05 1.028738622919966e-07 0
6.335976394721542e-06 3.853425217977994e-06 0
5.817281732555839e-06 4.895435462027531e-06 0
3.67297843010284e-05 2.575560985449603e-06 0
2.345211376191788e-05 6.184500709530343e-06 0
3.322009977682505e-07 5.69034425129028e-06 0
1.278244095870992e-06 5.609056140766173e-06 0
1.898609736325148e-05 2.065557601181877e-07 0
2.140211720571268e-05 4.431083901302625e-06 0
3.231250121419219e-05 5.860909345716919e-07 0
2.933795510956142e-05 5.164405221536366e-07 0
1.177114002044922e-05 8.686502341872006e-06 0
1.042113982666853e-05 1.006100342314566e-05 0
3.814271302228622e-05 2.471292030457241e-06 0
9.907857784199111e-06 1.810256731537438e-06 0
3.399236101406567e-05 3.249771851205667e-07 0
9.659441043412471e-06 3.519425235617346e-06 0
2.773581009188535e-05 8.255239357427252e-08 0

CELLS 4816 18926
2 0 6
2 6 7
2 7 8
2 8 9
2 9 10
2 10 11
2 11 12
2 12 13
2 13 14
2 14 15
2 15 16
2 16 17
2 17 18
2 18 19
2 19 20
2 20 21
2 21 22
2 22 23
2 23 24
2 24 25
2 25 26
2 26 27
2 27 28
2 28 29
2 29 30
2 30 31
2 31 32
2 32 33
2 33 34
2 34 35
2 35 36
2 36 37
2 37 38
2 38 39
2 39 40
2 40 41
2 41 42
2 42 43
2 43 44
2 44 45
2 45 46
2 46 47
2 47 48
2 48 49
2 49 50
2 50 51
2 51 52
2 52 53
2 53 54
2 54 55
2 55 56
2 56 57
2 57 58
2 58 59
2 59 60
2 60 61
2 61 62
2 62 63
2 63 64
2 64 65
2 65 66
2 66 67
2 67 68
2 68 69
2 69 70
2 70 71
2 71 72
2 72 73
2 73 74
2 74 75
2 75 76
2 76 77
2 77 78
2 78 79
2 79 80
2 80 81
2 81 82
2 82 83
2 83 84
2 84 85
2 85 86
2 86 87
2 87 88
2 88 89
2 89 1
2 2 90
2 90 91
2 91 92
2 92 93
2 93 94
2 94 95
2 95 96
2 96 97
2 97 98
2 98 99
2 99 100
2 100 101
2 101 102
2 102 103
2 103 104
2 104 105
2 105 106
2 106 107
2 107 108
2 108 109
2 109 110
2 110 111
2 111 112
2 112 0
2 3 113
2 113 114
2 114 115
2 115 116
2 116 117
2 117 118
2 118 119
2 119 120
2 120 121
2 121 2
2 4 122
2 122 123
2 123 124
2 124 125
2 125 126
2 126 127
2 127 128
2 128 129
2 129 130
2 130 131
2 131 132
2 132 133
2 133 134
2 134 135
2 135 136
2 136 137
2 137 138
2 138 139
2 139 140
2 140 141
2 141 142
2 142 143
2 143 144
2 144 145
2 145 3
2 5 146
2 146 147
2 147 148
2 148 149
2 149 150
2 150 151
2 151 152
2 152 153
2 153 154
2 154 155
2 155 156
2 156 157
2 157 158
2 158 159
2 159 160
2 160 161
2 161 162
2 162 163
2 163 164
2 164 165
2 165 166
2 166 167
2 167 168
2 168 169
2 169 170
2 170 171
2 171 172
2 172 173
2 173 174
2 174 175
2 175 176
2 176 177
2 177 178
2 178 179
2 179 180
2 180 181
2 181 182
2 182 183
2 183 184
2 184 185
2 185 186
2 186 187
2 187 4
2 1 188
2 188 189
2 189 190
2 190 191
2 191 192
2 192 193
2 193 194
2 194 195
2 195 196
2 196 197
2 197 198
2 198 199
2 199 200
2 200 201
2 201 202
2 202 203
2 203 204
2 204 205
2 205 206
2 206 207
2 207 208
2 208 209
2 209 210
2 210 211
2 211 212
2 212 213
2 213 214
2 214 215
2 215 216
2 216 217
2 217 218
2 218 219
2 219 220
2 220 221
2 221 222
2 222 223
2 223 224
2 224 225
2 225 226
2 226 227
2 227 228
2 228 229
2 229 230
2 230 231
2 231 232
2 232 233
2 233 234
2 234 235
2 235 236
2 236 237
2 237 238
2 238 239
2 239 240
2 240 241
2 241 242
2 242 243
2 243 244
2 244 245
2 245 246
2 246 247
2 247 248
2 248 249
2 249 250
2 250 251
2 251 252
2 252 253
2 253 254
2 254 255
2 255 256
2 256 257
2 257 258
2 258 259
2 259 260
2 260 261
2 261 262
2 262 263
2 263 264
2 264 265
2 265 266
2 266 267
2 267 268
2 268 269
2 269 270
2 270 271
2 271 272
2 272 273
2 273 274
2 274 275
2 275 276
2 276 277
2 277 278
2 278 279
2 279 280
2 280 281
2 281 282
2 282 283
2 283 284
2 284 285
2 285 286
2 286 287
2 287 288
2 288 289
2 289 290
2 290 291
2 291 292
2 292 293
2 293 294
2 294 295
2 295 296
2 296 297
2 297 298
2 298 299
2 299 300
2 300 301
2 301 302
2 302 303
2 303 304
2 304 305
2 305 306
2 306 307
2 307 308
2 308 309
2 309 310
2 310 311
2 311 312
2 312 313
2 313 314
2 314 315
2 315 316
2 316 317
2 317 318
2 318 319
2 319 320
2 320 321
2 321 322
2 322 323
2 323 324
2 324 325
2 325 326
2 326 327
2 327 328
2 328 329
2 329 330
2 330 331
2 331 332
2 332 333
2 333 334
2 334 335
2 335 336
2 336 337
2 337 5
3 758 1870 755
3 1138 1495 666
3 1140 1471 1042
3 1115 1721 1452
3 696 1936 1929
3 1644 1802 1702
3 881 1801 1702
3 815 1745 839
3 522 1978 711
3 551 558 548
3 842 1806 901
3 288 1490 287
3 842 901 845
3 666 1738 1138
3 1672 2032 1474
3 534 736 428
3 590 1997 587
3 641 1917 638
3 1358 1359 1199
3 1172 1794 1174
3 363 1391 1390
3 736 2013 428
3 1535 1538 419
3 868 2247 885
3 1152 1443 358
3 902 1410 1409
3 233 1492 232
3 264 1430 363
3 992 1150 993
3 724 2256 550
3 1042 1664 1140
3 1452 1721 435
3 1166 1438 1164
3 470 2065 2027
3 834 909 838
3 984 1391 990
3 514 525 515
3 519 2196 523
3 887 1479 1477
3 263 1403 262
3 373 2120 1427
3 404 1724 505
3 711 1978 712
3 1534 1535 419
3 1506 1672 1474
3 1408 1860 726
3 463 2291 464
3 567 570 569
3 953 1153 970
3 1164 1438 1352
3 1150 1466 993
3 443 807 800
3 899 1784 1783
3 1242 1377 1345
3 1136 2090 697
3 1423 1441 1226
3 1280 1378 1347
3 719 2066 501
3 1401 1767 1690
3 1453 1661 344
3 711 712 570
3 538 1849 727
3 1235 1494 1416
3 1416 1494 1376
3 1404 1661 1453
3 735 1719 1615
3 1354 1355 1249
3 1929 1936 1051
3 523 530 528
3 757 758 755
3 1361 1804 1769
3 1769 1804 427
3 1184 1412 1187
3 567 711 570
3 371 1964 910
3 1179 1189 1175
3 1994 2199 2169
3 363 1430 1391
3 1427 2120 1438
3 1477 1478 887
3 1799 2008 738
3 767 785 420
3 1420 1421 356
3 341 1439 1376
3 1079 1493 1443
3 150 1538 149
3 1781 1822 1374
3 576 2191 575
3 1390 1403 363
3 361 1822 1781
3 1241 1999 1243
3 467 2315 468
3 1180 1182 1179
3 1218 1344 1212
3 1217 1218 1212
3 420 1845 767
3 1510 1516 390
3 727 1849 403
3 508 1770 638
3 342 1879 1846
3 1846 1879 1139
3 1251 1354 1249
3 1138 1738 1470
3 1479 1767 889
3 586 2104 585
3 749 751 389
3 1258 1384 1360
3 1738 1817 1470
3 392 1791 1577
3 1391 1430 990
3 1052 2167 1937
3 1456 1580 444
3 1034 1703 1148
3 1577 2037 392
3 1178 1179 1175
3 573 2313 575
3 1178 1180 1179
3 1069 1385 1118
3 1201 1358 1199
3 1338 1898 1836
3 617 709 620
3 759 2278 758
3 265 1430 264
3 570 2274 569
3 1338 2017 1898
3 1736 1791 392
3 500 2058 706
3 443 800 799
3 547 563 545
3 963 1386 969
3 2002 2003 704
3 1529 1534 1528
3 722 723 403
3 1148 1709 1034
3 387 1557 1556
3 400 1985 1440
3 1443 1493 358
3 1702 1802 881
3 1440 2047 400
3 1387 2089 401
3 891 1802 1644
3 343 1915 1743
3 1103 1406 1102
3 1214 1950 1577
3 902 2325 1410
3 505 1724 1634
3 1243 1999 1246
3 504 1633 417
3 723 727 403
3 701 1894 1151
3 1353 2241 1311
3 1743 1915 1141
3 834 1913 909
3 1376 1494 341
3 445 2008 1799
3 1514 1805 901
3 903 1805 1508
3 396 1931 1916
3 851 1457 826
3 1348 1349 1218
3 991 2043 994
3 760 769 768
3 1303 1364 1301
3 620 2388 626
3 358 1592 1152
3 1264 2045 1266
3 523 528 519
3 1205 1420 1358
3 540 2070 539
3 507 1771 508
3 1590 1597 414
3 1424 1936 681
3 1386 1387 969
3 875 879 870
3 539 2334 540
3 1577 1791 1214
3 1703 1740 1402
3 1205 1358 1201
3 546 734 551
3 132 545 131
3 1311 2241 1309
3 901 2243 845
3 514 526 525
3 1204 1205 1201
3 1192 1412 1186
3 910 1881 371
3 1855 2299 1957
3 417 1813 504
3 363 1403 263
3 288 1665 1490
3 1363 2296 1307
3 1217 1219 1218
3 14 1557 387
3 342 1846 1470
3 1193 1414 1192
3 1153 1931 970
3 1254 1255 1251
3 1307 2296 1305
3 1219 1348 1218
3 341 1582 1439
3 1034 1740 1703
3 1137 1753 1689
3 1590 2008 1597
3 1491 1784 691
3 760 770 769
3 1271 1272 1269
3 1378 1891 1347
3 1276 1407 1373
3 1910 2082 348
3 1065 1405 1147
3 1377 1877 1345
3 605 2200 606
3 1374 1769 427
3 561 2210 560
3 1785 1859 705
3 550 2360 724
3 1476 1821 1361
3 1419 1837 1825
3 1230 1441 1423
3 1480 2022 1176
3 1418 2082 1910
3 1719 1726 1615
3 1935 1936 1424
3 562 1919 555
3 1077 1143 1075
3 233 1493 1492
3 1689 1916 1137
3 595 2317 597
3 1456 2284 1580
3 1825 1837 368
3 62 1494 61
3 1356 2230 1269
3 1176 2022 1499
3 427 1781 1374
3 1470 1817 342
3 1477 1479 889
3 807 808 802
3 1361 1821 1804
3 1532 1534 1529
3 875 907 879
3 1106 1406 1103
3 402 2289 1398
3 1718 1818 1513
3 389 1560 749
3 1152 1592 1471
3 820 1745 817
3 892 1945 1684
3 1186 1412 1184
3 1238 1416 1376
3 1556 1558 387
3 1471 1592 1042
3 1598 2032 1921
3 1315 1317 1311
3 1991 2113 968
3 360 2018 1368
3 757 759 758
3 555 2280 560
3 1368 1932 360
3 1410 1447 1409
3 1482 1483 1481
3 1411 1930 1882
3 1384 2033 1360
3 986 1391 984
3 1690 1767 346
3 401 2231 1387
3 1269 2230 1267
3 800 807 802
3 356 2297 1420
3 600 2197 599
3 844 1806 842
3 532 1768 1558
3 955 1153 953
3 907 908 879
3 287 1490 372
3 842 2356 844
3 995 1150 992
3 337 799 416
3 2004 2094 873
3 391 2022 1431
3 1364 1365 1301
3 1223 1224 1221
3 1551 1818 1718
3 1360 1450 1256
3 1210 1214 1208
3 1348 1973 1349
3 1410 1482 1481
3 1439 1582 1441
3 532 1558 530
3 636 2237 1366
3 232 1492 646
3 530 1558 533
3 1089 1440 1088
3 1206 1213 1205
3 917 1458 915
3 604 2200 605
3 444 1580 188
3 1244 1377 1242
3 1959 2091 1464
3 1151 2026 701
3 515 2396 514
3 751 781 389
3 1218 1349 1344
3 1191 1192 1186
3 1420 2297 1358
3 1282 1378 1280
3 1204 1206 1205
3 519 2397 521
3 891 2362 2151
3 1399 1751 345
3 726 1460 1408
3 1265 2376 1263
3 562 2144 906
3 2003 2094 2004
3 1309 1313 1307
3 1385 1972 1118
3 499 2185 498
3 915 1458 1381
3 1060 1422 1079
3 638 1917 508
3 1195 1196 1193
3 1421 2149 356
3 1326 1957 1956
3 612 2199 1455
3 1732 1913 1525
3 1819 1824 1437
3 1383 2183 627
3 1180 1370 1182
3 1728 2354 603
3 617 2015 709
3 1092 1440 1089
3 908 2145 871
3 872 875 870
3 899 1785 1784
3 1287 2276 2045
3 560 2210 555
3 1937 2091 1052
3 712 1855 570
3 706 708 500
3 1894 2290 676
3 639 2165 640
3 606 2304 607
3 1305 1312 1303
3 430 1824 1819
3 149 1538 386
3 419 1538 150
3 1746 2034 1154
3 399 2032 1672
3 1189 1911 1175
3 346 1767 1479
3 1255 1354 1251
3 1398 1814 402
3 1407 2155 1373
3 1366 2172 636
3 1445 2348 1572
3 1427 1816 373
3 472 731 453
3 1143 1145 1075
3 1260 1384 1258
3 517 2196 519
3 1436 1472 376
3 390 2272 1510
3 1221 2385 1219
3 1405 2137 1147
3 1371 2376 1265
3 1249 2068 1247
3 1558 1768 387
3 1193 2257 1414
3 1684 1803 892
3 686 2344 1992
3 1181 1183 1180
3 1728 1948 1729
3 509 718 438
3 1684 1801 881
3 1267 1286 1265
3 1450 2212 1507
3 1115 1452 1110
3 585 2104 587
3 1921 2032 399
3 339 1733 1402
3 1170 1438 1166
3 1071 1385 1069
3 856 2309 855
3 965 1386 963
3 903 2243 1805
3 899 1859 1785
3 1256 1450 1255
3 1445 1572 1357
3 933 1442 939
3 15 1557 14
3 1507 2212 1252
3 1481 1497 846
3 1411 1882 680
3 396 1916 1689
3 433 1661 1404
3 1081 1082 1077
3 1404 1734 433
3 1274 2155 1407
3 799 800 416
3 699 2343 1908
3 1272 1356 1269
3 377 1877 1561
3 767 1845 375
3 575 2191 577
3 1075 2187 1073
3 1512 1516 1510
3 1561 1877 1377
3 1406 1606 1102
3 1403 2153 262
3 2006 2210 2007
3 1373 1445 1273
3 770 777 769
3 1142 2051 1889
3 1266 2045 1268
3 456 507 462
3 467 468 465
3 551 734 721
3 749 1560 746
3 1554 1867 1553
3 1431 1662 391
3 877 907 875
3 438 731 509
3 906 1919 562
3 1733 1748 1444
3 607 2305 609
3 1254 1256 1255
3 385 734 546
3 571 2050 573
3 1572 2348 592
3 1752 1780 1434
3 1369 1904 1351
3 504 1813 511
3 569 2274 571
3 770 780 777
3 1615 2206 735
3 498 2185 466
3 2015 2250 618
3 375 2009 767
3 1891 1976 353
3 1726 1765 1615
3 998 999 995
3 1465 1999 1241
3 1802 2253 881
3 1929 2277 696
3 1906 1964 300
3 755 1869 541
3 1392 1871 709
3 646 1492 1422
3 957 958 955
3 1476 1825 368
3 1402 1740 339
3 372 2034 1746
3 1422 1492 1079
3 523 531 530
3 545 722 131
3 1291 1292 1282
3 1247 1285 1244
3 599 2351 600
3 1379 2385 1221
3 1407 2118 1274
3 152 1533 151
3 1597 2008 445
3 1208 2405 1206
3 941 1451 1154
3 2071 2072 610
3 1355 2068 1249
3 1410 1481 1447
3 1278 1407 1276
3 345 2232 1399
3 1982 2128 1562
3 1196 2257 1193
3 508 2403 507
3 1271 1273 1272
3 713 1978 522
3 339 1748 1733
3 1232 1441 1230
3 1827 2111 1828
3 711 1979 522
3 424 2295 1920
3 1925 2203 678
3 832 2057 834
3 2058 2059 642
3 989 1390 986
3 910 1964 1146
3 885 2380 868
3 395 2208 733
3 378 1780 1752
3 1528 1534 1533
3 1067 1405 1065
3 1813 1944 511
3 1197 1215 1196
3 1273 1445 1272
3 368 1821 1476
3 1920 2295 1388
3 643 2086 647
3 863 2121 862
3 967 971 965
3 461 2291 463
3 1171 1426 1170
3 546 547 545
3 1214 1382 1208
3 537 2350 536
3 2151 2362 1645
3 1386 2089 1387
3 1590 1792 1589
3 1263 1284 1260
3 871 1989 908
3 870 2401 869
3 817 1745 815
3 876 877 875
3 1730 2241 1353
3 1634 1724 440
3 505 2236 404
3 54 1507 53
3 1353 2132 1730
3 422 1793 1569
3 1601 2205 610
3 1417 2277 1929
3 1412 1773 1187
3 2249 2251 614
3 1240 1416 1238
3 935 1442 933
3 1195 1197 1196
3 737 1799 738
3 606 607 605
3 1434 1553 423
3 1926 1969 365
3 1794 2368 1174
3 908 1876 1428
3 1226 1563 1423
3 61 1494 1235
3 341 1494 62
3 1389 2092 1756
3 1351 2052 1369
3 1192 1413 1412
3 680 1987 1411
3 640 2165 499
3 862 2121 861
3 1135 1969 1926
3 1429 1873 1368
3 1183 1370 1180
3 1411 1987 1986
3 1382 1791 1736
3 2043 2203 994
3 2059 2185 2165
3 2106 2385 1903
3 1073 1078 1071
3 1785 2275 691
3 1287 2045 1264
3 1551 1718 844
3 392 1847 1736
3 783 1764 759
3 633 2268 601
3 909 1732 1550
3 401 1942 1687
3 1110 1452 1108
3 772 780 770
3 539 2070 537
3 881 1803 1684
3 1904 2276 1287
3 1441 1582 1226
3 1432 1743 949
3 1108 1119 1106
3 1150 2377 1466
3 1570 2348 2155
3 379 2033 1977
3 1770 1771 637
3 838 2356 842
3 612 1596 595
3 1145 2187 1075
3 1745 1858 839
3 925 1394 923
3 855 2309 853
3 347 1496 1449
3 1565 2212 2033
3 993 1403 1390
3 1873 1932 1368
3 1916 1931 1153
3 1428 1876 370
3 1191 1193 1192
3 868 2401 2247
3 607 2304 611
3 1492 1493 1079
3 1883 2259 680
3 2276 2307 632
3 587 2104 590
3 959 1469 1137
3 1431 2022 1480
3 908 1989 1876
3 1062 1422 1060
3 1173 1176 1171
3 920 1458 917
3 530 533 528
3 1606 1798 1734
3 610 1602 1601
3 1382 2405 1208
3 2131 2393 2172
3 1690 2145 1401
3 938 940 935
3 1770 2288 638
3 447 1951 1810
3 5 799 337
3 1094 1117 1092
3 1168 1170 1166
3 1442 1490 939
3 778 2194 797
3 1358 1393 1359
3 589 2407 595
3 376 1584 1436
3 609 2249 614
3 217 2125 2028
3 604 605 602
3 1390 1391 986
3 1419 1824 430
3 992 993 989
3 1398 2289 1458
3 370 2246 1428
3 1063 2137 1405
3 704 2366 2002
3 943 1451 941
3 1280 1347 1278
3 401 2089 1942
3 869 2401 868
3 1245 2012 1865
3 511 1944 409
3 945 946 943
3 1224 1379 1221
3 736 1951 447
3 1405 2124 1063
3 877 1401 907
3 529 2322 1555
3 280 1961 1433
3 563 723 722
3 1572 1579 1357
3 585 2369 586
3 464 465 463
3 1378 1976 1891
3 1212 2365 1210
3 575 2313 576
3 1437 1780 378
3 681 1937 1424
3 1258 1360 1256
3 853 2152 852
3 1242 1345 1240
3 1793 2379 1569
3 993 1466 1403
3 698 2339 2227
3 1416 2117 1235
3 1317 1353 1311
3 1865 2068 1941
3 541 2334 539
3 1069 1118 1067
3 595 2407 612
3 409 2109 511
3 809 1820 1415
3 547 724 563
3 846 1497 790
3 449 497 450
3 590 1998 1997
3 1584 1776 1436
3 1094 1396 1117
3 509 731 472
3 1552 2356 909
3 1396 1397 1117
3 1176 1911 1480
3 453 731 451
3 526 534 525
3 423 1752 1434
3 1255 1449 1354
3 550 2122 1461
3 850 851 826
3 931 932 929
3 848 2400 2207
3 927 928 925
3 555 2210 562
3 1360 2212 1450
3 565 1979 567
3 188 1580 1
3 1095 1909 1097
3 1858 2204 1875
3 1184 1187 1183
3 2028 2125 1397
3 1358 2297 1393
3 1223 1225 1224
3 1315 1318 1317
3 430 1837 1419
3 449 2146 497
3 928 1459 1395
3 579 2307 580
3 66 1563 65
3 1025 1739 1444
3 1941 2068 1355
3 1146 1964 1906
3 1526 1528 362
3 1301 2214 1298
3 1433 2173 280
3 878 886 877
3 1199 2189 1197
3 1130 1474 1127
3 1354 1496 1355
3 1734 1798 433
3 616 2251 2249
3 1234 1439 1232
3 507 2403 462
3 236 1592 235
3 712 2299 1855
3 1739 1749 1468
3 2014 2374 847
3 1107 1108 1106
3 1857 2306 719
3 1096 1396 1094
3 1370 1793 1182
3 601 1874 633
3 733 2146 395
3 2036 2067 937
3 886 1401 877
3 929 1459 928
3 439 1831 1716
3 802 808 804
3 919 920 917
3 1352 1673 1467
3 470 2027 468
3 895 1477 890
3 1276 1373 1273
3 610 2200 1603
3 921 922 920
3 1132 1506 1130
3 1272 1357 1356
3 879 1428 900
3 440 1741 1634
3 437 1672 1506
3 1576 2359 1973
3 1146 1478 897
3 868 2380 867
3 183 786 182
3 1326 1963 1958
3 587 2020 588
3 408 1765 1726
3 961 1469 959
3 1426 1427 1170
3 378 1819 1437
3 452 507 456
3 1065 1147 1062
3 951 1432 949
3 866 2319 865
3 1176 1426 1171
3 1422 2364 646
3 1553 1867 423
3 1225 1472 1436
3 1602 1603 1169
3 774 776 772
3 501 2066 1842
3 1302 1303 1301
3 649 2367 650
3 953 970 951
3 1745 2204 1858
3 1438 2120 1352
3 1430 2372 990
3 660 2176 661
3 1488 1711 1486
3 861 2253 859
3 845 2243 902
3 1348 2385 2106
3 1977 2033 1384
3 1304 1305 1303
3 1096 1453 1396
3 901 1806 1514
3 928 1394 925
3 1025 1749 1739
3 907 2145 908
3 797 2099 778
3 1861 2374 1893
3 690 2366 703
3 922 1751 1399
3 1181 1184 1183
3 548 2256 547
3 858 2255 857
3 883 2390 2054
3 661 2176 662
3 1449 1507 347
3 634 1952 1425
3 1139 1879 1687
3 468 2315 470
3 1784 1785 691
3 464 2395 465
3 697 1758 1136
3 790 1497 788
3 963 969 961
3 1109 1110 1108
3 1444 1748 1025
3 1131 1132 1130
3 897 1478 895
3 1306 1307 1305
3 362 1533 152
3 151 1533 419
3 852 2152 851
3 549 2256 548
3 1865 2012 1561
3 1413 1990 1573
3 896 897 895
3 1573 2303 1413
3 601 2370 602
3 691 2346 1934
3 848 2207 1905
3 678 2157 1925
3 525 1967 515
3 958 1153 955
3 746 1560 786
3 1238 1376 1234
3 1182 1188 1179
3 1098 1453 1096
3 724 2088 723
3 771 772 770
3 1576 1973 349
3 1852 2111 1834
3 867 2380 866
3 599 2197 601
3 521 1898 713
3 1439 1441 1232
3 637 1771 732
3 835 2116 1525
3 347 1507 54
3 53 1507 1252
3 1472 1563 376
3 2057 2271 833
3 1060 1079 1057
3 1286 1371 1265
3 1093 1094 1092
3 2187 2198 2077
3 1308 1309 1307
3 443 811 807
3 865 2319 863
3 759 2371 2278
3 1885 2372 1430
3 1168 1171 1170
3 879 900 870
3 1313 1363 1307
3 547 2256 724
3 1079 1443 1057
3 1105 1106 1103
3 1359 2189 1199
3 672 2335 673
3 1992 2067 2036
3 1449 1496 1354
3 371 1881 1435
3 1076 1077 1075
3 426 1776 1584
3 552 2186 549
3 2097 2201 1316
3 1080 1081 1077
3 1373 2348 1445
3 1246 1999 1283
3 894 895 890
3 1225 1436 1224
3 1687 1942 1139
3 888 889 886
3 562 2210 2006
3 859 2253 858
3 362 1540 1526
3 597 2351 599
3 461 498 466
3 1228 1472 1225
3 1129 1130 1127
3 1095 1096 1094
3 1937 2234 1424
3 1310 1311 1309
3 650 2367 651
3 551 559 558
3 1057 1443 1050
3 857 2255 856
3 1200 1896 1203
3 1680 1721 1115
3 2082 2230 1778
3 807 811 810
3 1074 1075 1073
3 1050 1443 1152
3 1528 1533 362
3 2101 2171 2102
3 1220 1221 1219
3 703 2366 704
3 1314 1315 1311
3 2151 2255 891
3 1546 1848 1818
3 1288 2024 1596
3 1290 1291 1282
3 1318 1374 1317
3 1394 1751 923
3 669 2259 670
3 502 1922 503
3 1404 1453 1098
3 1050 1152 1048
3 819 820 817
3 1972 2156 338
3 1992 2343 699
3 984 990 982
3 1369 1786 631
3 498 1842 499
3 1072 1073 1071
3 1490 1665 939
3 709 1760 620
3 1803 2121 892
3 583 2369 584
3 414 1792 1590
3 1262 1263 1260
3 1152 1471 1048
3 592 2348 1570
3 611 1954 607
3 919 921 920
3 1409 2053 1861
3 1257 1258 1256
3 1603 2135 1169
3 1898 2017 713
3 1097 1098 1096
3 497 1771 507
3 580 2307 581
3 1893 2308 1861
3 1795 2214 1365
3 1936 2107 681
3 957 959 958
3 1111 1113 1110
3 603 1948 1728
3 1450 1507 1449
3 997 998 995
3 1281 1282 1280
3 994 995 992
3 1048 1471 1046
3 940 1442 935
3 1264 1265 1263
3 990 1495 982
3 1070 1071 1069
3 936 2375 2148
3 434 1727 1467
3 1178 1181 1180
3 544 1762 1589
3 779 2142 781
3 1447 1481 846
3 1259 1260 1258
3 1046 1471 1140
3 1100 1404 1098
3 773 774 772
3 560 2064 561
3 465 2395 467
3 1433 1961 1432
3 1162 1163 1160
3 1482 1484 1483
3 1214 2365 1950
3 1243 1244 1242
3 529 2327 2322
3 1275 1276 1273
3 2006 2136 1939
3 673 2335 674
3 2247 2349 885
3 1850 1854 1591
3 471 2138 1923
3 777 785 769
3 1778 2230 1356
3 2169 2199 612
3 832 2271 2057
3 927 929 928
3 1312 1364 1303
3 1413 2303 1412
3 1512 1541 1516
3 668 2259 669
3 1068 1069 1067
3 1246 1247 1244
3 1831 2235 1716
3 932 1459 929
3 1279 1280 1278
3 1230 1423 1228
3 588 2020 589
3 1046 1140 1044
3 807 810 808
3 1923 2138 559
3 1127 1474 1126
3 1532 1535 1534
3 376 1563 66
3 65 1563 1226
3 652 1737 1468
3 1042 1592 236
3 235 1592 358
3 2002 2366 705
3 1828 2111 611
3 1429 2296 1363
3 1550 1552 909
3 1737 1742 1054
3 1213 1420 1205
3 1300 1301 1298
3 966 967 965
3 890 1477 889
3 1435 2408 371
3 1483 1497 1481
3 959 1137 958
3 909 2356 838
3 1326 1958 1957
3 1099 1100 1098
3 2322 2327 533
3 1140 1500 1044
3 991 992 989
3 1277 1278 1276
3 996 1854 1850
3 1066 1067 1065
3 908 1428 879
3 407 786 183
3 982 1495 980
3 531 532 530
3 553 2186 552
3 1241 1242 1240
3 1451 2375 1154
3 902 1409 1408
3 1115 1887 1680
3 1490 2034 372
3 1442 2034 1490
3 1897 1940 1896
3 1349 1473 1344
3 923 1751 922
3 637 2103 621
3 742 744 407
3 1526 1540 1523
3 1829 1839 1055
3 1044 1500 1041
3 1064 1065 1062
3 1222 1223 1221
3 934 2036 937
3 834 838 837
3 1041 1500 1148
3 779 2009 375
3 1596 2095 1288
3 1708 1945 892
3 1285 1377 1244
3 1577 1950 1473
3 1488 1970 1711
3 1363 2301 1429
3 980 1495 1138
3 1266 1267 1265
3 778 2099 418
3 1432 2355 1743
3 1041 1148 1039
3 1082 1143 1077
3 999 1150 995
3 938 941 940
3 429 1577 1473
3 1158 1159 1156
3 1091 1092 1089
3 1396 2238 1397
3 2033 2212 1360
3 779 781 753
3 753 781 751
3 786 1560 182
3 1061 1062 1060
3 1113 1115 1110
3 468 2027 558
3 627 2183 1501
3 1491 1934 918
3 234 1493 233
3 630 2119 573
3 642 2059 625
3 1239 1240 1238
3 1081 1084 1082
3 988 989 986
3 470 2222 714
3 886 1767 1401
3 358 1493 234
3 978 1470 976
3 1173 1911 1176
3 998 1000 999
3 1423 1563 1472
3 964 965 963
3 931 933 932
3 412 1715 728
3 265 1885 1430
3 1101 1102 1100
3 1059 1060 1057
3 715 2222 470
3 800 801 416
3 515 2143 516
3 451 1787 384
3 1412 2303 1773
3 1725 1841 1741
3 1961 2355 1432
3 941 1154 940
3 1210 2365 1214
3 2142 2404 781
3 652 1742 1737
3 340 1839 1829
3 1292 1378 1282
3 1248 1249 1247
3 1513 2286 1718
3 1291 1293 1292
3 1037 1402 1035
3 1236 1238 1234
3 847 2374 2053
3 933 939 932
3 1056 1057 1050
3 1470 1846 976
3 954 955 953
3 456 462 458
3 651 2262 653
3 1207 1208 1206
3 1268 1269 1267
3 501 1857 719
3 980 1138 978
3 564 2381 565
3 1125 1126 1123
3 1227 1228 1225
3 458 498 461
3 1581 1773 425
3 971 1386 965
3 2102 2171 880
3 1148 1703 1039
3 731 1787 451
3 967 972 971
3 1319 1320 1318
3 1595 1731 1019
3 1114 1120 1113
3 769 785 766
3 1440 1985 1088
3 985 986 984
3 1215 1372 1196
3 1182 1456 1188
3 1049 1050 1048
3 643 2336 2086
3 602 2370 604
3 970 1931 1433
3 1131 1133 1132
3 1606 1734 1102
3 1233 1234 1232
3 1133 1155 1132
3 721 734 415
3 1284 1384 1260
3 1387 2323 969
3 1616 1722 471
3 1468 1749 652
3 891 2255 1802
3 1339 1553 1337
3 1599 1921 205
3 552 2280 553
3 1037 1703 1402
3 730 2242 466
3 1100 1734 1404
3 1192 1414 1413
3 913 914 911
3 744 786 407
3 827 2400 824
3 497 507 450
3 1337 1553 1434
3 1141 1915 1638
3 1047 1048 1046
3 1078 1385 1071
3 1231 1232 1230
3 1270 1271 1269
3 894 896 895
3 1032 1444 1030
3 823 2384 821
3 502 2318 1922
3 1175 1911 1173
3 888 890 889
3 1108 1452 1119
3 1119 1406 1106
3 1229 1230 1228
3 798 1604 366
3 1111 1114 1113
3 844 1552 1551
3 2266 2332 1643
3 1322 1361 1320
3 1250 1251 1249
3 1337 1434 1335
3 962 963 961
3 946 1451 943
3 896 898 897
3 1045 1046 1044
3 375 2142 779
3 945 947 946
3 1117 1440 1092
3 805 1735 801
3 993 1390 989
3 1673 2163 1467
3 1347 1407 1278
3 407 1544 742
3 1540 1548 1523
3 1188 1189 1179
3 1457 2224 1863
3 627 1760 1383
3 1021 1595 1019
3 983 984 982
3 1187 1797 1183
3 1345 1416 1240
3 1043 1044 1041
3 1365 2214 1301
3 824 2400 823
3 1286 1418 1371
3 1118 1405 1067
3 1402 1733 1035
3 1322 1476 1361
3 1028 1468 1026
3 878 888 886
3 944 945 943
3 550 1461 726
3 526 736 534
3 534 535 525
3 828 2056 830
3 1255 1450 1449
3 1039 1703 1037
3 1324 1476 1322
3 1365 2188 1795
3 571 573 572
3 653 2262 654
3 1040 1041 1039
3 357 1731 1595
3 1130 1506 1474
3 1321 1322 1320
3 1589 1792 544
3 1253 1254 1251
3 334 1593 380
3 1397 2238 2028
3 898 910 897
3 821 2384 820
3 838 842 841
3 446 2235 1841
3 952 953 951
3 922 1398 920
3 1818 1848 1513
3 1997 2245 1996
3 921 923 922
3 895 1478 1477
3 1155 1928 1132
3 1126 1598 1123
3 1038 1039 1037
3 1272 1445 1357
3 1032 1733 1444
3 1557 1867 1554
3 380 1593 812
3 1427 1438 1170
3 1931 2173 1433
3 2155 2348 1373
3 1147 1422 1062
3 617 620 619
3 960 961 959
3 720 2146 449
3 1176 1499 1426
3 1188 1431 1189
3 1125 1127 1126
3 776 780 772
3 774 778 776
3 1080 1872 1446
3 1333 1437 1331
3 1129 1131 1130
3 794 798 797
3 970 1432 951
3 1023 1054 1021
3 1036 1037 1035
3 928 1395 1394
3 1889 2073 1142
3 794 1604 798
3 1329 1419 1327
3 1938 2337 695
3 1556 2322 1558
3 1558 2322 533
3 1146 1906 1478
3 359 1755 1674
3 981 982 980
3 1162 1164 1163
3 631 1904 1369
3 969 1469 961
3 1323 1324 1322
3 871 2145 1690
3 1895 1926 365
3 393 1878 1851
3 1504 1505 686
3 918 1934 1389
3 1376 1439 1234
3 1444 1739 1030
3 418 2182 778
3 1033 1035 1032
3 936 2148 1638
3 100 384 99
3 1312 1368 1364
3 1774 1895 365
3 782 783 759
3 839 1594 813
3 801 1735 416
3 335 1593 334
3 1518 1549 1521
3 107 512 411
3 1031 1032 1030
3 1741 1841 1632
3 1385 2156 1972
3 1338 1339 1337
3 1028 1739 1468
3 1325 1327 1324
3 774 2194 778
3 620 626 625
3 1029 1030 1028
3 1202 1896 1200
3 1198 1199 1197
3 1209 1210 1208
3 1468 1737 1026
3 366 1539 798
3 1164 1352 1163
3 415 735 721
3 1214 1791 1382
3 812 1594 380
3 742 1544 739
3 1523 1548 1519
3 1328 1329 1327
3 1027 1028 1026
3 1795 1838 1297
3 1336 1337 1335
3 1182 1793 1456
3 1010 1636 1008
3 1482 1485 1484
3 979 980 978
3 1579 1778 1357
3 956 957 955
3 791 1604 794
3 2072 2200 610
3 1436 1776 1224
3 1742 1761 1054
3 1102 1734 1100
3 1423 1472 1228
3 810 1820 808
3 1532 1536 1535
3 1330 1331 1329
3 988 2043 991
3 1035 1733 1032
3 458 2180 498
3 1081 1085 1084
3 1213 1421 1420
3 1024 1026 1023
3 1334 1335 1333
3 1101 1103 1102
3 1023 1737 1054
3 584 2369 585
3 1332 1333 1331
3 135 415 134
3 1109 1111 1110
3 500 2185 2059
3 1992 2344 683
3 458 461 459
3 351 1546 1545
3 466 2291 461
3 1022 1023 1021
3 1054 1761 1595
3 1361 1769 1320
3 1997 2020 587
3 1285 1561 1377
3 1688 1788 1775
3 1020 1021 1019
3 626 2336 642
3 1082 1144 1143
3 1158 1160 1159
3 1293 1350 1292
3 1224 1776 1379
3 1163 1727 1160
3 735 1923 721
3 942 943 941
3 794 797 795
3 1531 1532 1529
3 577 2192 578
3 800 802 801
3 647 2333 648
3 1011 1775 1754
3 1678 1754 1731
3 1008 1055 1006
3 1018 1019 1017
3 1252 2212 1565
3 1211 1212 1210
3 1081 1446 1085
3 1138 1470 978
3 1545 1546 1520
3 1594 1723 1637
3 815 839 813
3 1619 1765 408
3 1114 1121 1120
3 947 1141 946
3 735 2206 1923
3 1215 1388 1372
3 1812 2361 854
3 1549 1732 1521
3 1533 1534 419
3 2044 2307 2081
3 766 767 763
3 1016 1017 1015
3 1434 1780 1335
3 1133 1156 1155
3 1520 1549 1518
3 977 978 976
3 913 915 914
3 1014 1015 1013
3 974 1139 972
3 840 2226 830
3 1594 1637 380
3 1004 1591 1002
3 2141 2388 627
3 1085 1086 1084
3 1873 2301 394
3 205 2391 1599
3 1001 1002 1000
3 1012 1013 1010
3 950 951 949
3 1291 1294 1293
3 934 935 933
3 1339 1554 1553
3 1318 1769 1374
3 842 845 843
3 898 911 910
3 910 1146 897
3 1030 1739 1028
3 589 595 594
3 922 1399 1398
3 1398 1458 920
3 1009 1010 1008
3 791 794 793
3 1431 1480 1189
3 1007 1008 1006
3 970 1433 1432
3 1054 1595 1021
3 998 1001 1000
3 1010 1788 1636
3 1537 2321 2061
3 1005 1006 1004
3 1593 1735 805
3 1312 1429 1368
3 109 1559 413
3 1466 2153 1403
3 639 2105 635
3 892 2075 1708
3 1478 1906 887
3 1463 2067 1992
3 351 1848 1546
3 1003 1004 1002
3 1517 1545 1520
3 739 1544 431
3 1519 1548 388
3 1333 1780 1437
3 1352 1467 1163
3 182 1560 181
3 889 1767 886
3 641 2112 623
3 648 2333 649
3 1485 1486 1484
3 1216 1217 1212
3 813 1594 812
3 1536 1537 1535
3 499 1842 640
3 1026 1737 1023
3 448 1922 1833
3 1294 1295 1293
3 461 463 459
3 1889 2051 676
3 839 1723 1594
3 573 575 574
3 975 976 974
3 802 803 801
3 546 548 547
3 869 872 870
3 1315 1319 1318
3 1546 1547 1520
3 1121 1122 1120
3 717 1880 692
3 766 785 767
3 366 1604 1600
3 915 1381 914
3 167 787 166
3 146 799 5
3 161 1516 160
3 1085 1087 1086
3 51 1565 379
3 49 1574 1261
3 1566 1571 35
3 63 1582 341
3 87 1569 383
3 85 1581 425
3 67 1584 376
3 29 1583 1578
3 45 1579 1572
3 59 1585 377
3 1297 1838 1295
3 872 876 875
3 1339 1555 1554
3 1123 1598 1122
3 1019 1731 1017
3 654 2337 655
3 1008 1636 1055
3 52 1565 51
3 50 1574 49
3 36 1566 35
3 64 1582 63
3 88 1569 87
3 68 1584 67
3 86 1581 85
3 30 1583 29
3 46 1579 45
3 60 1585 59
3 1618 1620 506
3 656 2338 659
3 1949 1981 1346
3 1598 1599 1122
3 973 974 972
3 662 2340 664
3 109 413 108
3 665 2341 667
3 1485 1487 1486
3 506 1624 1618
3 1320 1769 1318
3 482 1621 1617
3 476 1621 477
3 516 2143 517
3 492 1626 1624
3 477 1621 482
3 1516 1541 160
3 787 1543 166
3 803 805 801
3 670 2342 671
3 476 1635 1621
3 1617 1624 482
3 1547 1549 1520
3 1296 1297 1295
3 1121 1123 1122
3 1381 1435 914
3 1650 1659 1654
3 1087 1088 1086
3 1978 2269 1966
3 1555 1556 1554
3 1618 1624 1617
3 455 1622 473
3 789 1604 791
3 1622 1635 476
3 1624 1626 482
3 492 1624 506
3 674 2343 682
3 1636 1823 1055
3 1487 1488 1486
3 473 1622 476
3 1607 1622 455
3 460 1607 457
3 803 806 805
3 460 1608 1607
3 683 2344 684
3 1087 1089 1088
3 1088 1135 1086
3 1556 1557 1554
3 867 869 868
3 457 1607 454
3 1487 1489 1488
3 806 812 805
3 460 1609 1608
3 1608 1622 1607
3 1487 1508 1489
3 806 813 812
3 812 1593 805
3 1609 1610 1608
3 1508 1509 1489
3 1639 1647 1640
3 1609 1611 1610
3 1509 1510 1489
3 510 1625 1623
3 1609 1616 1611
3 1611 1612 1610
3 474 1625 510
3 1509 1511 1510
3 478 1628 1625
3 1611 1615 1612
3 1612 1613 1610
3 1625 1628 1623
3 478 1625 475
3 1511 1512 1510
3 1612 1614 1613
3 1511 1513 1512
3 1614 1617 1613
3 1617 1621 1613
3 1614 1618 1617
3 1614 1619 1618
3 482 1626 479
3 495 1628 487
3 1619 1620 1618
3 1623 1628 495
3 487 1628 480
3 485 1626 492
3 491 1631 486
3 491 1632 1631
3 489 1630 1627
3 481 1626 485
3 486 1631 489
3 1627 1629 489
3 488 1629 496
3 496 1629 1627
3 489 1631 1630
3 483 1629 488
3 489 1629 484
3 761 779 753
3 503 1633 494
3 494 1633 493
3 762 763 761
3 490 1634 491
3 502 503 494
3 492 506 505
3 496 728 502
3 511 1623 495
3 492 505 490
3 505 1634 490
3 496 1627 728
3 493 1633 504
3 496 502 494
3 504 511 495
3 493 504 495
3 490 491 486
3 485 492 490
3 488 496 494
3 485 490 486
3 488 494 493
3 486 489 484
3 493 495 487
3 485 486 484
3 488 493 487
3 754 761 753
3 754 762 761
3 481 485 484
3 484 1629 483
3 483 488 487
3 752 754 753
3 481 484 483
3 483 487 480
3 752 753 751
3 479 1626 481
3 481 483 480
3 750 752 751
3 479 481 480
3 480 1628 478
3 750 751 749
3 477 482 479
3 479 480 478
3 747 750 749
3 477 479 478
3 747 749 746
3 477 478 475
3 745 747 746
3 746 786 744
3 1527 1529 1528
3 476 477 475
3 510 718 509
3 1527 1528 1526
3 745 746 744
3 475 1625 474
3 474 510 509
3 473 476 475
3 743 745 744
3 1524 1527 1526
3 474 509 472
3 473 475 474
3 459 460 457
3 1524 1526 1523
3 743 744 742
3 458 459 457
3 473 474 472
3 1653 1656 1655
3 1522 1524 1523
3 741 743 742
3 455 473 472
3 456 458 457
3 1653 1655 1651
3 741 742 739
3 1522 1523 1519
3 455 472 453
3 456 457 454
3 454 1607 455
3 1608 1635 1622
3 1621 1635 1613
3 1610 1635 1608
3 1642 1644 1641
3 1652 1653 1651
3 1650 1654 1652
3 1640 1643 1642
3 2085 2141 1843
3 1613 1635 1610
3 740 741 739
3 1521 1522 1519
3 454 455 453
3 452 456 454
3 685 2345 687
3 1683 1684 1682
3 1640 1642 1641
3 1650 1652 1651
3 789 791 790
3 738 740 739
3 1518 1521 1519
3 688 2347 689
3 452 454 453
3 884 1648 1647
3 1666 1668 1667
3 1649 1659 1650
3 1640 1641 381
3 1650 1651 397
3 1692 1694 1693
3 1667 1669 864
3 1681 1683 1682
3 542 755 541
3 1640 1647 1643
3 405 1568 1567
3 655 2337 656
3 789 790 788
3 949 1743 947
3 738 739 431
3 1518 1519 388
3 1517 1520 1518
3 659 2338 660
3 884 1647 1639
3 1655 1696 1651
3 452 453 451
3 876 878 877
3 237 1042 236
3 245 1025 244
3 254 657 253
3 257 340 256
3 261 663 260
3 299 371 298
3 302 887 301
3 311 864 310
3 232 646 231
3 243 339 242
3 193 436 192
3 202 437 201
3 189 444 188
3 195 373 194
3 198 434 197
3 210 435 209
3 212 382 211
3 332 432 331
3 191 391 190
3 200 359 199
3 204 399 203
3 207 352 206
3 214 433 213
3 230 1063 229
3 235 358 234
3 241 1034 240
3 250 357 249
3 252 1011 251
3 264 363 263
3 267 666 266
3 276 364 275
3 279 396 278
3 282 343 281
3 304 346 303
3 309 370 308
3 317 860 316
3 319 381 318
3 323 354 322
3 326 397 325
3 329 367 328
3 216 344 215
3 219 400 218
3 225 628 224
3 228 338 227
3 239 644 238
3 247 652 246
3 270 342 269
3 273 401 272
3 287 372 286
3 293 345 292
3 296 402 295
3 306 871 305
3 314 350 313
3 259 996 258
3 285 936 284
3 290 398 289
3 222 365 221
3 337 416 336
3 321 884 320
3 334 380 333
3 333 1637 332
3 320 1639 319
3 327 1649 326
3 305 1690 304
3 284 1638 283
3 289 1665 288
3 251 1678 250
3 328 1675 327
3 331 1697 330
3 278 1689 277
3 226 1660 225
3 190 1662 189
3 215 1661 214
3 227 1663 226
3 231 1671 230
3 330 1692 329
3 229 1676 228
3 325 1696 324
3 238 1664 237
3 260 1686 259
3 253 1688 252
3 199 1674 198
3 196 1673 195
3 208 1680 207
3 310 1691 309
3 211 1677 210
3 272 1687 271
3 220 1685 219
3 201 1679 200
3 318 1695 317
3 203 1672 202
3 312 1666 311
3 316 1698 315
3 313 1670 312
3 315 1681 314
3 664 2340 665
3 517 519 518
3 667 2341 668
3 1504 2036 934
3 2290 2333 676
3 1644 1702 1701
3 463 1722 459
3 1823 1829 1055
3 909 1913 1732
3 1692 1693 367
3 1639 1640 381
3 1649 1650 397
3 1666 1667 864
3 1681 1682 350
3 1725 1741 440
3 1700 1704 354
3 671 2342 672
3 1636 1788 657
3 322 1699 321
3 1641 1701 1695
3 1695 1701 860
3 324 1700 323
3 1644 1701 1641
3 1099 1101 1100
3 1581 2177 1773
3 1656 1705 1704
3 768 769 766
3 1655 1704 1700
3 682 2343 683
3 380 1637 333
3 319 1639 381
3 326 1649 397
3 304 1690 346
3 936 1638 284
3 317 1695 860
3 332 1637 432
3 329 1692 367
3 432 1697 331
3 397 1696 325
3 338 1663 227
3 884 1639 320
3 398 1665 289
3 225 1660 628
3 344 1661 215
3 646 1671 231
3 396 1689 278
3 189 1662 444
3 250 1678 357
3 1011 1678 251
3 198 1674 434
3 437 1679 201
3 382 1677 211
3 237 1664 1042
3 391 1662 190
3 230 1671 1063
3 207 1680 352
3 259 1686 996
3 657 1688 253
3 214 1661 433
3 1063 1676 229
3 359 1674 199
3 252 1688 1011
3 401 1687 272
3 210 1677 435
3 871 1690 305
3 663 1686 260
3 228 1676 338
3 864 1691 310
3 644 1664 238
3 309 1691 370
3 367 1675 328
3 219 1685 400
3 399 1672 203
3 200 1679 359
3 202 1672 437
3 195 1673 373
3 311 1666 864
3 350 1670 313
3 860 1698 316
3 381 1695 318
3 314 1681 350
3 327 1675 1649
3 312 1670 1666
3 226 1663 1660
3 315 1698 1681
3 330 1697 1692
3 865 867 866
3 967 973 972
3 1651 1696 397
3 1641 1695 381
3 1669 1691 864
3 1649 1675 1659
3 1666 1670 1668
3 1692 1697 1694
3 1681 1698 1683
3 421 789 788
3 1707 1708 1668
3 684 2344 685
3 1655 1700 1696
3 1374 1822 1317
3 347 1766 1496
3 444 2021 1456
3 321 1699 884
3 354 1699 322
3 687 2345 688
3 323 1700 354
3 1696 1700 324
3 884 1699 1648
3 1716 2235 446
3 573 2050 630
3 657 1788 1688
3 689 2347 690
3 1656 1704 1655
3 459 1722 460
3 1901 2098 1316
3 1609 1722 1616
3 1600 1604 789
3 1702 1714 1701
3 737 738 431
3 1517 1518 388
3 1693 1706 367
3 1682 1707 350
3 1034 1709 240
3 239 1709 644
3 335 1735 1593
3 2275 2347 691
3 1908 2343 674
3 1324 1825 1476
3 765 766 763
3 240 1709 239
3 1675 1706 1659
3 1670 1707 1668
3 367 1706 1675
3 350 1707 1670
3 1962 2299 1965
3 450 452 451
3 760 771 770
3 1458 2289 1381
3 15 1867 1557
3 1644 2362 891
3 2086 2336 645
3 1731 1754 1017
3 1705 1720 1704
3 1512 1848 1541
3 531 1988 532
3 1291 1448 1294
3 421 1600 789
3 1815 2297 356
3 291 1782 1772
3 87 383 86
3 34 360 33
3 1 1580 89
3 21 430 20
3 49 1261 48
3 7 447 6
3 43 1570 42
3 80 424 79
3 75 392 74
3 72 1576 71
3 28 361 27
3 67 376 66
3 55 347 54
3 9 428 8
3 35 1571 34
3 73 429 72
3 65 1226 64
3 17 423 16
3 26 427 25
3 23 368 22
3 41 1575 40
3 11 405 10
3 57 1245 56
3 59 377 58
3 70 1564 69
3 10 1567 9
3 37 393 36
3 69 426 68
3 19 378 18
3 61 1235 60
3 51 379 50
3 31 394 30
3 14 387 13
3 89 422 88
3 45 1572 44
3 53 1252 52
3 12 1586 11
3 78 356 77
3 85 425 84
3 29 1578 28
3 47 348 46
3 83 369 82
3 40 353 39
3 44 592 43
3 63 341 62
3 84 1573 83
3 42 1274 41
3 71 349 70
3 862 865 863
3 435 1721 209
3 208 1721 1680
3 405 1567 10
3 44 1572 592
3 592 1570 43
3 349 1564 70
3 1274 1575 41
3 429 1576 72
3 11 1586 405
3 89 1580 422
3 34 1571 360
3 425 1573 84
3 83 1573 369
3 28 1578 361
3 69 1564 426
3 71 1576 349
3 42 1570 1274
3 40 1575 353
3 9 1567 428
3 1686 1866 996
3 948 949 947
3 181 1560 389
3 1701 1714 860
3 111 441 110
3 98 438 97
3 93 417 92
3 96 409 95
3 91 448 90
3 92 1710 91
3 1669 1712 1691
3 1697 1713 1694
3 1691 1712 370
3 432 1713 1697
3 1001 1003 1002
3 860 1714 1698
3 1698 1714 1683
3 996 1866 1854
3 1688 1775 1011
3 1437 1824 1331
3 1706 2244 1905
3 1252 1565 52
3 393 1566 36
3 379 1574 50
3 422 1569 88
3 348 1579 46
3 394 1583 30
3 383 1581 86
3 1226 1582 64
3 426 1584 68
3 1235 1585 60
3 125 1597 124
3 1467 1727 1163
3 460 1722 1609
3 1419 1825 1327
3 1535 2239 1538
3 1638 2148 1141
3 209 1721 208
3 1329 1824 1419
3 354 1720 1699
3 859 862 861
3 336 1735 335
3 808 809 804
3 780 2127 777
3 1699 1720 1648
3 686 2036 1504
3 1003 1005 1004
3 432 1723 1713
3 558 2138 468
3 1160 1727 1159
3 578 2192 579
3 1294 1296 1295
3 1704 1720 354
3 1459 2382 1395
3 1634 1741 491
3 1005 1007 1006
3 119 1715 118
3 120 442 119
3 115 1716 114
3 118 412 117
3 114 446 113
3 117 1717 116
3 116 439 115
3 1389 2387 2092
3 1683 1801 1684
3 1467 2163 434
3 1317 1822 1353
3 1011 1754 1678
3 1097 1909 1116
3 565 567 566
3 1844 2323 1387
3 937 938 935
3 519 521 520
3 1583 1730 1578
3 1637 1723 432
3 267 1738 666
3 126 414 125
3 857 859 858
3 1007 1009 1008
3 339 1740 242
3 241 1740 1034
3 532 1988 1586
3 1268 2045 1587
3 421 788 787
3 1955 2225 2062
3 247 1742 652
3 110 1559 109
3 1406 2038 1606
3 1606 2038 382
3 1261 2392 1910
3 1009 1012 1010
3 372 1746 286
3 285 1746 936
3 1344 2365 1212
3 1678 1731 357
3 1017 1754 1015
3 828 1900 905
3 697 2090 1757
3 154 1540 153
3 153 362 152
3 171 1539 170
3 160 1541 159
3 169 1600 168
3 174 374 173
3 164 1711 163
3 181 389 180
3 149 386 148
3 156 388 155
3 155 1548 154
3 166 1543 165
3 162 390 161
3 159 351 158
3 147 443 146
3 176 420 175
3 178 375 177
3 186 431 185
3 158 1545 157
3 184 407 183
3 185 1544 184
3 172 418 171
3 165 355 164
3 175 1542 174
3 187 737 186
3 168 421 167
3 157 1517 156
3 151 419 150
3 170 366 169
3 173 1515 172
3 1012 1014 1013
3 417 1710 92
3 91 1710 448
3 1685 1985 400
3 1156 1755 1155
3 855 857 856
3 243 1748 339
3 1025 1748 244
3 1143 2035 1145
3 652 1749 246
3 245 1749 1025
3 136 1719 135
3 1213 1736 1421
3 1388 1826 1372
3 1319 1321 1320
3 1429 2301 1873
3 1790 2016 1789
3 1323 1325 1324
3 1321 1323 1322
3 1107 1109 1108
3 1325 1328 1327
3 1570 2155 1274
3 595 597 596
3 563 724 723
3 276 1753 364
3 1689 1753 277
3 1014 1016 1015
3 912 913 911
3 1469 2352 1137
3 550 2256 2122
3 567 569 568
3 157 1545 1517
3 186 737 431
3 154 1548 1540
3 184 1544 407
3 165 1543 355
3 374 1515 173
3 153 1540 362
3 174 1542 374
3 170 1539 366
3 355 1711 164
3 168 1600 421
3 418 1539 171
3 420 1542 175
3 172 1515 418
3 366 1600 169
3 159 1541 351
3 156 1517 388
3 388 1548 155
3 431 1544 185
3 351 1545 158
3 1595 1761 357
3 1200 1201 1199
3 1614 1765 1619
3 1615 1765 1612
3 143 440 142
3 141 404 140
3 142 1724 141
3 144 1725 143
3 137 1726 136
3 138 408 137
3 124 445 123
3 2131 2172 2140
3 1851 1878 1350
3 1328 1330 1329
3 353 1750 39
3 421 787 167
3 443 799 146
3 390 1516 161
3 1586 1768 532
3 1464 2091 695
3 852 855 853
3 416 1735 336
3 1903 2385 1379
3 378 1752 18
3 17 1752 423
3 357 1761 249
3 1159 1755 1156
3 947 1743 1141
3 1555 1836 529
3 1223 1227 1225
3 1296 1298 1297
3 809 1415 905
3 1357 1778 1356
3 1016 1018 1017
3 1908 2113 1991
3 601 602 599
3 268 1738 267
3 1018 1020 1019
3 1702 1801 1714
3 291 1772 290
3 1346 1981 1963
3 223 1774 222
3 1097 1099 1098
3 242 1740 241
3 118 1715 412
3 116 1717 439
3 442 1715 119
3 412 1717 117
3 439 1716 115
3 114 1716 446
3 491 1741 1632
3 1754 1775 1015
3 1875 2161 1694
3 762 765 763
3 2227 2342 698
3 1330 1332 1331
3 450 451 384
3 1335 1780 1333
3 450 507 452
3 1020 1022 1021
3 564 565 406
3 1157 1158 1156
3 521 713 522
3 930 931 929
3 55 1766 347
3 1245 1766 56
3 1809 2158 2050
3 248 1742 247
3 387 1768 13
3 12 1768 1586
3 617 2250 2015
3 916 917 915
3 1963 1981 1958
3 726 2292 550
3 924 925 923
3 286 1746 285
3 438 1787 731
3 2001 2328 1886
3 2003 2004 704
3 1183 1797 1370
3 624 1940 1897
3 1313 1796 1363
3 1022 1024 1023
3 1499 1835 436
3 1714 1801 1683
3 974 1846 1139
3 1165 1166 1164
3 124 1597 445
3 1591 1839 340
3 1055 1839 1006
3 1913 2057 835
3 1155 2353 1928
3 2162 2400 848
3 794 795 793
3 415 1719 735
3 1393 2297 1815
3 2148 2375 1451
3 244 1748 243
3 344 2238 1453
3 246 1749 245
3 1332 1334 1333
3 1024 1027 1026
3 1772 1782 1395
3 345 1782 292
3 1004 1839 1591
3 581 2264 582
3 692 2218 717
3 973 975 974
3 361 1781 27
3 26 1781 427
3 514 1912 526
3 1603 2268 2135
3 1015 1775 1013
3 1027 1029 1028
3 830 2056 840
3 1113 1887 1115
3 39 1750 38
3 277 1753 276
3 1521 1732 1525
3 1497 1832 788
3 1203 1204 1201
3 756 757 755
3 791 792 790
3 850 852 851
3 248 1761 1742
3 382 1798 1606
3 433 1798 213
3 212 1798 382
3 1646 2332 2266
3 706 2215 708
3 18 1752 17
3 446 1841 1840
3 1029 1031 1030
3 1132 1928 1506
3 82 1826 81
3 1521 1525 1522
3 1547 1550 1549
3 740 1589 741
3 590 1999 1465
3 1680 1887 352
3 556 2294 1502
3 112 1810 111
3 373 1816 194
3 193 1816 436
3 1334 1336 1335
3 567 1979 711
3 427 1804 25
3 830 2271 831
3 2030 2395 469
3 249 1761 248
3 851 2224 1457
3 1537 2239 1535
3 1775 1788 1013
3 342 1817 269
3 141 1724 404
3 440 1724 142
3 143 1725 440
3 408 1726 137
3 1031 1033 1032
3 1401 2145 907
3 1653 1657 1656
3 353 1976 1750
3 642 2336 643
3 2061 2239 1537
3 467 717 716
3 78 1815 356
3 424 1815 79
3 1631 1831 1630
3 394 1796 1583
3 1708 2075 880
3 1643 1645 1642
3 1654 1658 1652
3 1652 1744 1653
3 1612 1765 1614
3 1591 1854 1002
3 768 2278 760
3 1095 1097 1096
3 254 1823 657
3 663 2153 1466
3 657 1823 1636
3 811 2406 386
3 430 1819 20
3 19 1819 378
3 787 1832 1543
3 975 977 976
3 1033 1036 1035
3 340 1829 256
3 296 1830 402
3 1479 2320 346
3 887 2320 1479
3 136 1726 1719
3 98 1787 438
3 945 948 947
3 23 1821 368
3 56 1766 55
3 1834 2111 1124
3 1194 1195 1193
3 782 784 725
3 1177 1178 1175
3 2027 2065 560
3 402 1814 295
3 741 1762 743
3 560 2280 554
3 718 2109 409
3 348 1778 1579
3 275 1844 274
3 709 2015 1392
3 740 1590 1589
3 436 1835 192
3 191 1835 391
3 1036 1038 1037
3 340 1850 1591
3 13 1768 12
3 121 1833 120
3 880 2171 1708
3 414 1597 125
3 792 846 790
3 1013 1788 1010
3 290 1772 398
3 1513 1848 1512
3 791 793 792
3 597 599 598
3 1336 1338 1337
3 107 411 106
3 806 814 813
3 222 1774 365
3 21 1837 430
3 368 1837 22
3 1910 2392 1418
3 93 1813 417
3 802 804 803
3 1038 1040 1039
3 1135 1985 1685
3 1973 2359 1349
3 1271 1275 1273
3 803 1759 806
3 257 1850 340
3 996 1850 258
3 268 1817 1738
3 1547 1551 1550
3 75 1847 392
3 223 1927 1774
3 1550 1732 1549
3 1720 1811 1648
3 625 2059 635
3 1117 2047 1440
3 1715 2318 728
3 500 2059 2058
3 1826 2295 81
3 858 2253 1802
3 1565 2033 379
3 441 1559 110
3 1844 2231 274
3 1040 1043 1041
3 1227 1229 1228
3 1905 2244 848
3 798 2099 797
3 471 1722 463
3 728 1968 412
3 977 979 978
3 16 1867 15
3 683 2343 1992
3 470 716 715
3 1137 1916 958
3 718 2326 438
3 1583 1796 1730
3 1730 1796 1313
3 788 1832 787
3 1088 1985 1135
3 1327 1825 1324
3 105 564 406
3 1105 1107 1106
3 607 609 608
3 1918 2294 556
3 1161 1162 1160
3 1465 1998 590
3 1598 1921 1599
3 563 722 545
3 27 1781 26
3 1331 1824 1329
3 621 2288 1770
3 1656 1975 1705
3 743 748 745
3 1524 1779 1527
3 408 1899 1619
3 1043 1045 1044
3 292 1782 291
3 375 1845 177
3 176 1845 420
3 410 537 536
3 814 815 813
3 1093 1095 1094
3 538 539 537
3 1126 2032 1598
3 1172 1173 1171
3 1566 1795 1571
3 2278 2371 760
3 1368 2018 1364
3 732 2146 733
3 771 773 772
3 1566 1838 1795
3 911 1881 910
3 1254 1257 1256
3 128 410 127
3 99 1787 98
3 1045 1047 1046
3 266 1885 265
3 370 1876 308
3 469 2395 2242
3 1547 1818 1551
3 270 1879 342
3 1687 1879 271
3 1461 2122 2039
3 1712 2246 370
3 1229 1231 1230
3 31 1873 394
3 1169 2135 1167
3 1174 2368 1462
3 957 960 959
3 127 536 126
3 445 1799 123
3 295 1814 294
3 1483 1832 1497
3 609 614 613
3 1596 2024 624
3 37 1878 393
3 701 2290 1894
3 701 2026 2025
3 428 2134 534
3 932 1980 1459
3 979 981 980
3 1047 1049 1048
3 1907 2113 1908
3 213 1798 212
3 998 1924 1001
3 1908 1991 699
3 1713 1875 1694
3 301 1906 300
3 409 2326 718
3 548 552 549
3 435 2159 1452
3 839 1858 1723
3 1706 1905 1659
3 773 775 774
3 448 2383 1922
3 205 1921 204
3 836 2384 2162
3 1938 2091 1937
3 836 2161 1875
3 1736 1847 1421
3 1882 1883 680
3 25 1804 24
3 282 1915 343
3 1638 1915 283
3 1338 1836 1339
3 1049 1056 1050
3 629 1997 1996
3 1399 1814 1398
3 1167 2135 1794
3 1145 2198 2187
3 670 2259 1883
3 1619 1899 1620
3 1705 1811 1720
3 47 1910 348
3 1261 1910 48
3 1231 1233 1232
3 586 2263 1786
3 194 1816 193
3 1940 2024 1367
3 123 1799 122
3 582 2264 583
3 691 2347 2346
3 105 406 104
3 1774 1927 1144
3 628 1927 224
3 1755 2150 1674
3 765 768 766
3 1684 1945 1682
3 1135 1926 1086
3 976 1846 974
3 79 1815 78
3 94 1813 93
3 1546 1818 1547
3 1185 1186 1184
3 1805 2243 901
3 1410 1777 1482
3 1685 1969 1135
3 269 1817 268
3 144 1840 1725
3 1409 1861 1860
3 745 1763 747
3 1435 1881 914
3 405 1988 1568
3 1527 1530 1529
3 1056 1059 1057
3 1295 1851 1293
3 111 1810 441
3 1804 1821 24
3 447 2013 736
3 535 2134 1568
3 513 2396 515
3 1425 2016 634
3 967 1930 973
3 108 512 107
3 1339 1836 1555
3 1124 1125 1123
3 1653 1744 1657
3 1589 1762 741
3 581 2307 2276
3 1480 1911 1189
3 1920 2189 1359
3 20 1819 19
3 360 1932 33
3 281 1961 280
3 981 983 982
3 1658 1744 1652
3 1842 2066 640
3 300 1964 299
3 1147 2364 1422
3 1750 1878 38
3 767 2009 763
3 1006 1839 1004
3 1400 2285 2139
3 568 2114 733
3 1154 2034 940
3 1564 1903 426
3 1561 2012 377
3 429 2037 1577
3 1315 1949 1319
3 1707 1945 1708
3 255 1823 254
3 623 2306 1857
3 1828 2304 2072
3 1059 1061 1060
3 365 1969 221
3 220 1969 1685
3 24 1821 23
3 898 912 911
3 1657 1975 1656
3 761 2009 779
3 1381 1830 1435
3 755 1870 1869
3 1233 1236 1234
3 1840 1841 1725
3 589 2020 629
3 256 1829 255
3 1383 1872 1080
3 297 1830 296
3 255 1829 1823
3 1632 1831 1631
3 471 1923 1616
3 306 1989 871
3 695 1960 1464
3 462 2180 458
3 1139 1942 972
3 1463 1992 699
3 1293 1851 1350
3 1350 1878 1750
3 926 927 925
3 725 1864 782
3 369 1826 82
3 217 2028 216
3 1061 1064 1062
3 1091 1093 1092
3 449 450 384
3 1853 2111 1852
3 1453 2238 1396
3 2007 2210 561
3 1671 2137 1063
3 409 1944 95
3 103 395 102
3 377 2012 58
3 57 2012 1245
3 7 2013 447
3 428 2013 8
3 130 403 129
3 192 1835 191
3 696 2107 1936
3 1388 2295 1826
3 1387 2231 1844
3 384 1787 99
3 1428 2246 900
3 983 985 984
3 831 2271 832
3 821 824 823
3 1723 1858 1713
3 1627 1968 728
3 22 1837 21
3 806 1759 814
3 1525 1913 835
3 726 1461 1460
3 728 2318 502
3 1502 1503 556
3 1297 2214 1795
3 120 1833 442
3 948 950 949
3 1064 1066 1065
3 1711 1970 163
3 162 1970 390
3 1275 1277 1276
3 364 1844 275
3 712 1978 1966
3 1665 1980 939
3 73 2037 429
3 392 2037 74
3 2035 2198 1145
3 678 2340 2157
3 393 1838 1566
3 1811 2266 1648
3 804 1759 803
3 1174 1175 1173
3 1568 2134 1567
3 1000 1866 999
3 938 942 941
3 1002 1854 1000
3 1236 1239 1238
3 138 1899 408
3 135 1719 415
3 418 2099 1539
3 636 2098 1901
3 76 1847 75
3 145 1840 144
3 781 2404 389
3 1856 2376 1371
3 624 2024 1940
3 743 1762 748
3 1541 1848 351
3 101 449 100
3 819 821 820
3 1887 2110 352
3 529 1898 521
3 177 1845 176
3 740 2008 1590
3 629 1996 1995
3 465 471 463
3 510 2109 718
3 511 2109 1623
3 1773 2177 1187
3 1066 1068 1067
3 1599 2110 1122
3 258 1850 257
3 1578 2132 361
3 1855 1958 593
3 629 2407 589
3 443 2406 811
3 1859 2328 705
3 6 2164 0
3 0 2164 112
3 808 1820 809
3 348 2082 1778
3 2169 2407 629
3 960 962 961
3 1316 2098 2097
3 2172 2190 636
3 985 988 986
3 1642 2362 1644
3 1992 2036 686
3 1758 2043 1136
3 1574 1856 1261
3 506 2236 505
3 1487 2389 1508
3 999 1914 1150
3 1509 1514 1511
3 1611 2206 1615
3 426 1903 1776
3 1647 2266 1643
3 1708 2171 1668
3 280 2173 279
3 1525 2116 1522
3 261 2153 663
3 1806 2287 1514
3 536 1792 414
3 1455 2095 612
3 206 2391 205
3 434 2163 197
3 196 2163 1673
3 1510 2272 1489
3 371 2408 298
3 1068 1070 1069
3 1217 1220 1219
3 1456 2021 1188
3 90 2174 2
3 2 2174 121
3 1802 2255 858
3 356 2149 77
3 273 2231 401
3 293 2232 345
3 1277 1279 1278
3 1970 2272 390
3 811 2061 810
3 1843 2141 627
3 700 2345 1946
3 346 2320 303
3 302 2320 887
3 1133 1157 1156
3 1473 2359 429
3 1257 1259 1258
3 386 2061 811
3 1167 1168 1166
3 647 648 643
3 133 385 132
3 106 564 105
3 640 710 615
3 1239 1241 1240
3 1083 2085 1843
3 80 2295 424
3 338 2156 1663
3 562 2006 1939
3 1285 1865 1561
3 1431 2021 1662
3 104 729 103
3 1070 1072 1071
3 1359 2160 1920
3 1575 1891 353
3 1190 1191 1186
3 1569 2379 383
3 775 2079 1892
3 828 830 829
3 2107 2338 681
3 1646 2266 1811
3 2087 2339 2126
3 1543 2031 355
3 1082 1895 1144
3 1811 1812 1646
3 913 916 915
3 931 934 933
3 2050 2158 630
3 1313 2241 1730
3 988 991 989
3 854 2054 1812
3 1364 2018 1365
3 398 1980 1665
3 1562 2128 677
3 1861 2308 1862
3 178 2142 375
3 1496 1941 1355
3 2227 2339 1807
3 1530 1531 1529
3 1371 2392 1856
3 131 722 130
3 1121 1124 1123
3 386 2406 148
3 147 2406 443
3 958 1916 1153
3 389 2404 180
3 1854 1866 1000
3 554 2280 552
3 1084 1895 1082
3 1585 1877 377
3 724 2331 2088
3 438 2326 97
3 96 2326 409
3 1072 1074 1073
3 702 2073 1889
3 1223 1993 1227
3 914 1881 911
3 820 2204 1745
3 612 2095 1596
3 1760 1872 1383
3 881 2253 1803
3 1279 1281 1280
3 1826 2193 1372
3 1120 1887 1113
3 921 924 923
3 610 1603 1602
3 621 1770 637
3 950 952 951
3 101 720 449
3 962 964 963
3 436 2252 1499
3 1524 2116 1779
3 1482 1777 1485
3 4 2181 187
3 1923 2206 1616
3 122 2181 4
3 1838 1851 1295
3 1718 2287 844
3 404 2060 140
3 748 1763 745
3 1527 1779 1530
3 1654 2207 1658
3 94 1944 1813
3 2075 2319 880
3 952 1907 954
3 113 2202 3
3 1259 1262 1260
3 497 2146 732
3 423 1867 16
3 32 1873 31
3 1204 1207 1206
3 1241 1243 1242
3 1370 2379 1793
3 732 1771 497
3 1603 2200 604
3 3 2202 145
3 1758 2340 678
3 1216 2095 1455
3 695 2091 1938
3 1899 2060 1620
3 1074 1076 1075
3 699 2254 1463
3 918 919 917
3 663 1914 1686
3 308 1876 307
3 1847 2149 1421
3 945 1984 948
3 873 2005 2004
3 1300 1302 1301
3 991 994 992
3 1375 2393 2131
3 271 1879 270
3 1302 1304 1303
3 1946 1947 700
3 512 2023 411
3 990 2372 1495
3 1350 1976 1292
3 924 2092 926
3 1395 2382 1772
3 1219 2385 1348
3 38 1878 37
3 1676 2124 1972
3 823 2400 2162
3 540 2314 2069
3 957 1475 960
3 649 650 648
3 666 1885 266
3 1304 1306 1305
3 134 734 133
3 1499 2252 1426
3 2054 2309 883
3 651 653 650
3 1469 2323 364
3 654 655 653
3 1119 2038 1406
3 656 659 655
3 1136 2043 988
3 660 661 659
3 1124 2111 1827
3 662 664 661
3 2080 2279 556
3 665 667 664
3 1076 1080 1077
3 668 669 667
3 361 2132 1822
3 670 671 669
3 1309 2241 1313
3 672 673 671
3 1281 1290 1282
3 674 682 673
3 2247 2401 900
3 1814 2232 294
3 1842 2180 501
3 683 684 682
3 685 687 684
3 628 2035 1927
3 688 689 687
3 690 703 689
3 1901 2237 636
3 102 720 101
3 1312 2296 1429
3 1979 2312 522
3 905 2056 828
3 424 2160 1815
3 1491 2076 1784
3 1195 1198 1197
3 1306 1308 1307
3 364 2352 1469
3 1141 2148 946
3 1506 1928 437
3 2039 2122 557
3 1162 1165 1164
3 1659 1905 1654
3 2157 2277 1925
3 1889 2086 702
3 1262 1264 1263
3 705 2275 1785
3 1830 2289 402
3 994 997 995
3 2207 2400 827
3 1508 2389 903
3 1144 1895 1774
3 1395 2168 1394
3 964 966 965
3 32 1932 1873
3 1399 2232 1814
3 383 2379 1797
3 887 1906 301
3 1243 1246 1244
3 1308 1310 1309
3 2127 2209 374
3 2260 2367 701
3 2046 2341 697
3 1159 2150 1755
3 1158 1161 1160
3 1410 2325 1777
3 1571 2188 360
3 702 2083 2074
3 139 1899 138
3 902 1408 845
3 1215 1920 1388
3 1080 1446 1081
3 2165 2185 499
3 1756 2092 924
3 283 1915 282
3 834 837 832
3 48 1910 47
3 2162 2384 823
3 1498 2126 698
3 1217 1455 1220
3 1522 2116 1524
3 1448 2237 1901
3 393 1851 1838
3 1676 1972 338
3 1705 2361 1811
3 861 2121 1803
3 1457 2179 826
3 1310 1314 1311
3 952 954 953
3 577 578 575
3 2123 2298 1177
3 1140 2373 1500
3 1856 1977 1284
3 1574 1977 1856
3 204 1921 399
3 893 894 890
3 942 944 943
3 972 1942 971
3 1585 2117 1877
3 1810 1951 441
3 129 1849 128
3 2135 2268 633
3 1473 1950 1344
3 1086 1926 1084
3 752 1868 754
3 1206 2405 1213
3 1290 1448 1291
3 1750 1976 1350
3 1267 2230 1286
3 1347 2118 1407
3 521 2397 529
3 1877 2117 1345
3 1466 2377 663
3 1972 2124 1118
3 126 536 414
3 224 1927 223
3 1876 1989 307
3 623 1857 641
3 1462 2368 1874
3 835 2055 1779
3 1832 2031 1543
3 614 2251 617
3 1500 2398 1148
3 1084 1926 1895
3 437 1928 1679
3 100 449 384
3 927 930 929
3 526 1951 736
3 1474 2032 1126
3 1830 2408 1435
3 1902 2046 697
3 297 2408 1830
3 1271 2042 1275
3 1128 1129 1127
3 780 2209 2127
3 675 1974 694
3 396 2173 1931
3 1247 2068 1285
3 1880 1974 707
3 723 2248 727
3 1264 1266 1265
3 76 2149 1847
3 33 1932 32
3 603 2354 2123
3 1305 2296 1312
3 1508 1805 1509
3 691 1934 1491
3 349 2106 1564
3 1245 1941 1766
3 400 2125 218
3 429 2359 1576
3 581 2276 2264
3 1392 2015 2010
3 1538 2239 386
3 1292 1976 1378
3 1213 2405 1736
3 1736 2405 1382
3 1630 1968 1627
3 441 1912 1559
3 1746 2375 936
3 529 2397 2327
3 1246 1248 1247
3 535 1967 525
3 674 2335 1908
3 717 2218 693
3 587 588 585
3 379 1977 1574
3 939 1980 932
3 733 2114 622
3 1776 1903 1379
3 1220 1222 1221
3 527 2223 2195
3 1284 1977 1384
3 1965 2299 1966
3 413 2396 512
3 1599 2391 2110
3 1682 1945 1707
3 95 1944 94
3 1766 1941 1496
3 797 2394 795
3 498 2180 1842
3 2223 2233 2195
3 571 572 569
3 733 2208 568
3 1119 2159 2038
3 645 2141 2085
3 534 2134 535
3 1188 2021 1431
3 1397 2047 1117
3 385 545 132
3 1869 2357 541
3 708 2215 658
3 1755 2353 1155
3 1573 1990 369
3 1633 2316 417
3 343 1961 281
3 415 734 134
3 1835 2022 391
3 1501 1843 627
3 1858 1875 1713
3 1414 1990 1413
3 1393 2160 1359
3 299 1964 371
3 2172 2393 591
3 1816 2252 436
3 2031 2363 355
3 434 2150 1727
3 1857 2402 1917
3 221 1969 220
3 1177 2298 1178
3 1808 1809 593
3 757 782 759
3 551 721 559
3 2123 2354 1380
3 410 536 127
3 1352 2120 1673
3 934 937 935
3 954 956 955
3 1254 2052 1257
3 1187 2177 1797
3 1266 1268 1267
3 1815 2160 1393
3 1168 1172 1171
3 1154 2375 1746
3 404 2236 2060
3 1782 2168 1395
3 1484 2031 1483
3 395 2146 720
3 940 2034 1442
3 896 1783 898
3 1811 2361 1812
3 1181 1185 1184
3 617 619 614
3 713 2269 1978
3 2004 2063 704
3 1645 2332 883
3 163 1970 162
3 1380 2298 2123
3 2102 2380 885
3 1381 2289 1830
3 1169 2108 1602
3 1409 1860 1408
3 1114 1834 1121
3 1586 1988 405
3 307 1989 306
3 1268 1270 1269
3 754 764 762
3 838 841 837
3 738 2008 740
3 1248 1250 1249
3 1345 2117 1416
3 763 2009 761
3 425 2303 1573
3 523 2195 531
3 1686 1914 1866
3 579 580 578
3 1793 2284 1456
3 2029 2158 1454
3 359 2353 1755
3 369 2193 1826
3 1643 2332 1645
3 1488 2272 1970
3 834 2057 1913
3 412 1968 1717
3 2081 2307 579
3 1870 2311 1884
3 1763 2219 747
3 714 2065 470
3 58 2012 57
3 8 2013 7
3 508 1771 1770
3 1131 1800 1133
3 1250 1253 1251
3 515 516 513
3 1514 2286 1511
3 2207 2330 1658
3 826 2179 824
3 888 893 890
3 1587 2045 632
3 904 1759 804
3 1996 2048 1289
3 1536 2178 1537
3 1662 2021 444
3 1120 2110 1887
3 1197 2189 1215
3 1674 2150 434
3 539 542 541
3 216 2028 344
3 611 2304 1828
3 1144 2035 1143
3 1980 2382 1459
3 919 1756 921
3 139 2060 1899
3 2162 2244 2161
3 1908 2335 679
3 1820 2178 1415
3 648 2058 643
3 1207 1209 1208
3 1483 2031 1832
3 1263 2376 1284
3 1833 1922 442
3 1125 1128 1127
3 1495 2372 666
3 103 729 395
3 681 2338 1938
3 2061 2321 810
3 1285 2068 1865
3 620 625 619
3 1073 2187 1078
3 677 1983 1562
3 905 1900 904
3 1191 1194 1193
3 568 2208 566
3 1400 2139 2093
3 842 843 841
3 626 642 625
3 1118 2124 1405
3 501 2402 1857
3 589 594 588
3 581 582 580
3 218 2125 217
3 1957 1958 1855
3 783 2079 1764
3 1575 2118 1891
3 1891 2118 1347
3 1532 1955 1536
3 74 2037 73
3 1288 2095 1216
3 924 926 925
3 2002 2328 2001
3 1087 1090 1089
3 382 2038 1677
3 785 2265 420
3 1673 2120 373
3 2268 2370 601
3 1209 1211 1210
3 573 574 572
3 758 2311 1870
3 1822 2132 1353
3 634 1953 1952
3 1340 2299 1962
3 757 784 782
3 1866 1914 999
3 2080 2139 557
3 383 2177 1581
3 775 2194 774
3 844 2287 1806
3 656 2337 1938
3 1886 2328 893
3 1928 2353 1679
3 782 1864 783
3 1211 1216 1212
3 716 2315 467
3 931 1504 934
3 716 717 693
3 956 1475 957
3 697 2341 1758
3 1078 2187 2077
3 971 2089 1386
3 1864 2292 1862
3 694 708 658
3 1505 1946 686
3 1427 2252 1816
3 635 2165 639
3 777 2265 785
3 1286 2082 1418
3 1085 1890 1087
3 512 2396 513
3 517 518 516
3 1664 2373 1140
3 678 2043 1758
3 2194 2394 797
3 1559 2270 413
3 1198 1200 1199
3 1111 1852 1114
3 1452 2159 1119
3 1539 2099 798
3 916 918 917
3 1216 1455 1217
3 1078 2156 1385
3 1808 1981 1949
3 698 2342 1883
3 1786 2263 631
3 732 733 622
3 938 2067 942
3 1922 2318 442
3 583 584 582
3 593 2274 1855
3 595 596 594
3 1912 1951 526
3 441 1951 1912
3 1777 2389 1485
3 355 2363 1711
3 567 568 566
3 1341 2201 2097
3 519 520 518
3 628 2198 2035
3 1104 1105 1103
3 829 1605 822
3 1663 2077 1660
3 1165 1167 1166
3 1505 1947 1946
3 818 1900 828
3 1157 1601 1158
3 1820 2321 2178
3 1499 2022 1835
3 1426 2252 1427
3 1779 2116 835
3 140 2060 139
3 559 2138 558
3 1927 2035 1144
3 1090 1091 1089
3 403 1849 129
3 2038 2159 1677
3 747 2219 750
3 1871 1872 709
3 966 1930 967
3 695 2129 1960
3 1630 2358 1968
3 837 2093 832
3 1865 1941 1245
3 1447 2053 1409
3 542 756 755
3 521 522 520
3 894 899 896
3 1994 2169 1995
3 1711 2363 1486
3 1101 1104 1103
3 1568 2223 535
3 1503 2080 556
3 898 1783 912
3 1790 1909 618
3 556 1919 1918
3 1988 2233 1568
3 465 2138 471
3 1418 2392 1371
3 1202 2166 1729
3 1995 1996 1289
3 997 1924 998
3 1001 1417 1003
3 921 1756 924
3 1667 2101 1669
3 710 2240 615
3 830 831 829
3 1200 1203 1201
3 607 608 605
3 721 1923 559
3 385 546 545
3 1005 1051 1007
3 1968 2358 1717
3 762 1884 765
3 1286 2230 2082
3 1122 2110 1120
3 597 598 596
3 539 727 542
3 946 2148 1451
3 1623 2109 510
3 1531 1955 1532
3 1967 2143 515
3 930 1504 931
3 2261 2367 2260
3 944 1984 945
3 360 2188 2018
3 1294 1933 1296
3 1009 1424 1012
3 1296 1299 1298
3 1542 2127 374
3 702 2084 2083
3 1129 1134 1131
3 528 2397 519
3 900 2401 870
3 553 2279 2080
3 1274 2118 1575
3 616 2016 1790
3 1751 2168 345
3 1394 2168 1751
3 578 2103 575
3 1509 1805 1514
3 2077 2198 1660
3 626 2388 2141
3 1667 2171 2101
3 1319 1949 1346
3 1797 2177 383
3 513 2023 512
3 599 710 598
3 606 2200 2072
3 1063 2124 1676
3 1016 1052 1018
3 756 784 757
3 1003 1929 1005
3 912 2076 913
3 1942 2089 971
3 1729 1747 1202
3 973 1411 975
3 536 2350 1792
3 554 2027 560
3 410 538 537
3 1215 2189 1920
3 1328 1340 1330
3 883 2151 1645
3 1567 2134 428
3 1235 2117 1585
3 825 826 824
3 696 2277 2157
3 1323 1326 1325
3 778 2182 776
3 374 2209 1515
3 792 847 846
3 1020 1464 1022
3 2017 2269 713
3 1007 1935 1009
3 795 796 793
3 2139 2285 557
3 809 904 804
3 1109 1112 1111
3 1632 2235 1831
3 262 2153 261
3 1710 2383 448
3 913 2076 916
3 1001 1924 1417
3 845 1460 843
3 1757 1902 697
3 1551 1552 1550
3 1446 1890 1085
3 1414 2193 1990
3 1694 2161 1693
3 112 2164 1810
3 1414 2257 2193
3 1314 1949 1315
3 849 850 826
3 1860 1862 726
3 880 2319 2102
3 776 2209 780
3 77 2149 76
3 818 828 822
3 1677 2159 435
3 1024 1053 1027
3 197 2163 196
3 1319 1346 1321
3 678 2203 2043
3 1500 2373 644
3 1349 2359 1473
3 1372 2257 1196
3 121 2174 1833
3 1511 2286 1513
3 1861 1862 1860
3 634 1954 1953
3 2010 2015 618
3 1998 2100 1237
3 1668 2171 1667
3 609 613 608
3 2242 2291 466
3 1133 1800 1157
3 179 2142 178
3 814 816 815
3 345 2168 1782
3 130 722 403
3 644 2398 1500
3 527 2196 2143
3 1730 2132 1578
3 1796 2301 1363
3 1158 1601 1161
3 1485 2389 1487
3 1334 1342 1336
3 279 2173 396
3 538 727 539
3 1029 1562 1031
3 1831 2358 1630
3 1843 2147 1083
3 2161 2244 1693
3 1727 2150 1159
3 417 2316 1710
3 816 817 815
3 2062 2225 840
3 893 2328 1859
3 588 2112 585
3 1484 2363 2031
3 1973 2106 349
3 695 2337 2129
3 1616 2206 1611
3 572 2114 569
3 447 2164 6
3 565 566 406
3 1660 2198 628
3 1515 2182 418
3 1124 1827 1125
3 1341 2097 2029
3 676 2333 1889
3 847 1447 846
3 533 2327 528
3 593 1981 1808
3 1284 2376 1856
3 2025 2260 701
3 1033 1058 1036
3 1620 2236 506
3 1874 2368 633
3 1325 1956 1328
3 2054 2390 1812
3 1018 1959 1020
3 1162 2108 1165
3 1298 2214 1297
3 1299 1300 1298
3 1172 1174 1173
3 977 987 979
3 1744 1863 1657
3 448 2174 90
3 274 2231 273
3 969 2323 1469
3 294 2232 293
3 2127 2265 777
3 1542 2265 2127
3 973 1930 1411
3 1958 1981 593
3 1330 1962 1332
3 1875 2204 836
3 187 2181 737
3 179 2404 2142
3 566 2208 729
3 2042 2393 1375
3 1753 2352 364
3 128 1849 410
3 446 2202 113
3 810 2321 1820
3 750 2302 752
3 878 1886 888
3 1648 2266 1647
3 1222 1993 1223
3 1489 2272 1488
3 1097 1116 1099
3 1121 1834 1124
3 1321 1963 1323
3 1693 2244 1706
3 1874 2197 603
3 466 2184 730
3 557 2186 2080
3 2264 2276 631
3 1040 1151 1043
3 1022 1971 1024
3 1580 2284 422
3 698 1883 1498
3 1174 1177 1175
3 1448 1933 1294
3 544 2069 1762
3 591 2190 2172
3 503 2316 1633
3 420 2265 1542
3 1555 2322 1556
3 1185 1190 1186
3 2047 2125 400
3 1501 2147 1843
3 1332 1965 1334
3 619 2105 614
3 1227 1289 1229
3 644 2373 1664
3 752 2302 1868
3 824 2179 827
3 303 2320 302
3 1486 2363 1484
3 1939 2144 562
3 81 2295 80
3 2053 2374 1861
3 1605 2175 822
3 1669 2349 1712
3 681 1938 1937
3 1116 1790 1789
3 1709 2398 644
3 2101 2349 1669
3 885 2349 2101
3 1803 2253 861
3 948 968 950
3 818 819 817
3 394 2301 1796
3 1465 2100 1998
3 1045 1888 1047
3 406 729 104
3 825 1605 849
3 1161 2108 1162
3 1227 1993 1289
3 1979 2381 2312
3 1947 2154 926
3 97 2326 96
3 298 2408 297
3 1679 2353 359
3 1645 2362 1642
3 1808 1949 1314
3 1099 1943 1101
3 1027 1982 1029
3 352 2391 206
3 793 2014 792
3 646 2364 1671
3 133 734 385
3 1343 1808 1314
3 1960 1971 1464
3 825 2175 1605
3 2059 2165 635
3 1995 2169 629
3 1905 2207 1654
3 1795 2188 1571
3 1190 1728 1191
3 2126 2339 698
3 1747 1948 600
3 364 2323 1844
3 1014 2167 1016
3 1191 1728 1194
3 981 1757 983
3 1105 1952 1107
3 602 710 599
3 1415 2329 905
3 2024 2283 1367
3 1999 2000 1283
3 1053 1971 1960
3 1148 2398 1709
3 2258 2381 564
3 1919 2279 555
3 1904 2170 1351
3 874 2136 2006
3 1203 2310 1204
3 1049 1142 1056
3 975 1986 977
3 2007 2063 2004
3 2219 2302 750
3 1779 2055 1530
3 1167 1794 1168
3 180 2404 179
3 148 2406 147
3 2128 2129 677
3 704 2063 703
3 1883 2342 670
3 603 2123 1874
3 1031 2011 1033
3 2062 2178 1536
3 1137 2352 1753
3 624 2317 1596
3 937 2067 938
3 1195 2166 1198
3 1270 2042 1271
3 1233 1237 1236
3 709 1872 1760
3 771 1764 773
3 2060 2236 1620
3 1960 2128 1053
3 647 2086 1889
3 442 2318 1715
3 676 2051 1888
3 1498 1882 966
3 2072 2293 1828
3 1869 1870 764
3 1728 1729 1194
3 1515 2209 2182
3 2182 2209 776
3 903 2389 1777
3 1810 2164 447
3 2045 2276 632
3 754 1868 764
3 1104 1789 1425
3 629 2020 1997
3 918 1389 919
3 624 2351 2317
3 600 1897 1747
3 1502 1605 829
3 1717 2358 439
3 1896 1940 1203
3 1336 2017 1338
3 1938 2338 656
3 1743 2355 343
3 1587 1588 1270
3 552 558 554
3 854 2361 1975
3 1012 2234 1014
3 1036 2025 1038
3 2069 2070 540
3 1253 2052 1254
3 557 2285 2039
3 872 882 876
3 1446 1872 1871
3 1362 1369 1253
3 926 2092 1947
3 422 2284 1793
3 717 2030 1880
3 1168 1794 1172
3 1064 1149 1066
3 1762 2069 748
3 985 1136 988
3 1275 1375 1277
3 693 2221 716
3 1967 2223 527
3 535 2223 1967
3 707 2217 1880
3 893 1859 894
3 675 2216 1974
3 658 2213 694
3 899 1783 896
3 2302 2357 1868
3 1275 2042 1375
3 1975 2361 1705
3 1833 2174 448
3 1853 1954 611
3 856 2255 2151
3 1038 2026 1040
3 1946 2344 686
3 1348 2106 1973
3 398 2382 1980
3 865 873 867
3 927 2154 930
3 546 551 548
3 1773 2303 425
3 632 2044 1587
3 2093 2139 1503
3 859 874 862
3 1239 1465 1241
3 987 1987 1902
3 2096 2226 2225
3 1897 2351 624
3 855 1939 857
3 574 637 622
3 866 2380 2102
3 1882 1930 966
3 708 2184 500
3 1287 2170 1904
3 1841 2235 1632
3 835 2057 2055
3 694 2213 675
3 1974 2216 707
3 1957 2299 1340
3 2092 2387 700
3 809 905 904
3 1880 2217 692
3 2110 2391 352
3 716 2221 715
3 1068 1083 1070
3 1799 2181 122
3 2101 2102 885
3 948 1984 968
3 850 906 852
3 643 2058 642
3 1257 1351 1259
3 1836 1898 529
3 590 2000 1999
3 831 1502 829
3 942 1463 944
3 737 2181 1799
3 831 1503 1502
3 2204 2384 836
3 916 1491 918
3 586 2369 2263
3 1283 2282 2281
3 1902 2040 987
3 584 641 638
3 1116 1909 1790
3 1257 2052 1351
3 1772 2382 398
3 439 2358 1831
3 1091 2010 1093
3 1874 2123 1462
3 1588 2042 1270
3 1043 2041 1045
3 2063 2064 703
3 604 2268 1603
3 1857 1917 641
3 1601 1602 1161
3 2085 2115 1149
3 706 2058 648
3 1112 1953 1853
3 2119 2313 573
3 832 2093 831
3 952 2113 1907
3 1759 2078 814
3 1114 1852 1834
3 1095 2378 1909
3 2072 2304 606
3 1870 1884 764
3 468 2138 465
3 1134 1800 1131
3 1460 2039 843
3 979 2040 981
3 1783 1784 912
3 1072 1501 1074
3 2084 2085 1149
3 575 2103 574
3 1564 2106 1903
3 1907 1908 679
3 964 1498 966
3 1389 1756 919
3 665 2340 1758
3 1104 1943 1789
3 1954 2305 607
3 1229 2048 1231
3 1165 1169 1167
3 1369 2052 1253
3 2003 2130 2094
3 821 825 824
3 874 2006 2005
3 666 2372 1885
3 585 2112 584
3 569 2114 568
3 1281 1366 1290
3 1786 2282 586
3 1058 2260 2025
3 613 639 615
3 145 2202 1840
3 926 2154 927
3 1658 2300 1744
3 1090 1871 1392
3 1047 2051 1049
3 1262 1287 1264
3 1107 2019 1109
3 680 2046 1987
3 1185 1380 1190
3 1083 2115 2085
3 867 2094 869
3 1797 2379 1370
3 795 1892 796
3 1729 1948 1747
3 1125 1827 1128
3 1076 1383 1080
3 702 2086 2084
3 1840 2202 446
3 1302 1341 1304
3 930 1505 1504
3 1090 1392 1091
3 614 2105 613
3 1174 1462 1177
3 650 706 648
3 655 658 653
3 527 2143 1967
3 661 675 659
3 386 2239 2061
3 667 707 664
3 671 692 669
3 682 693 673
3 687 715 684
3 703 714 689
3 1342 2269 2017
3 1306 1454 1308
3 1747 1896 1202
3 1134 2072 2071
3 2129 2262 677
3 1408 1460 845
3 1310 1343 1314
3 882 2003 2002
3 1104 1425 1105
3 601 2197 1874
3 1646 2390 2332
3 876 2001 878
3 613 615 608
3 1246 1283 1248
3 1940 2310 1203
3 825 849 826
3 2079 2386 1892
3 2005 2007 2004
3 1231 2049 1233
3 1757 2040 1902
3 756 2088 784
3 828 829 822
3 516 2023 513
3 725 2292 1864
3 611 2111 1853
3 849 1918 850
3 1198 1202 1200
3 841 1400 837
3 1288 2283 2024
3 580 621 578
3 1268 1587 1270
3 598 719 596
3 1250 1362 1253
3 1207 1367 1209
3 594 623 588
3 574 622 572
3 584 638 582
3 956 1807 1475
3 520 524 518
3 625 635 619
3 765 2311 768
3 1211 1288 1216
3 2312 2381 524
3 764 1884 762
3 1953 2019 1952
3 694 730 708
3 1128 2293 1129
3 2028 2238 344
3 679 2227 1807
3 1983 2011 1562
3 773 2079 775
3 2081 2192 591
3 640 2066 710
3 602 2240 710
3 1920 2160 424
3 1888 1894 676
3 816 818 817
3 847 2053 1447
3 1194 2166 1195
3 1056 2073 1059
3 1299 1316 1300
3 639 640 615
3 1864 2308 783
3 818 822 819
3 784 2331 725
3 2029 2211 1341
3 1343 1809 1808
3 410 1849 538
3 1058 2011 1983
3 1400 2093 837
3 873 2133 2005
3 610 2205 2071
3 1299 1901 1316
3 2049 2245 1237
3 566 729 406
3 827 2330 2207
3 1498 1883 1882
3 888 1886 893
3 1914 2377 1150
3 916 2076 1491
3 1946 2345 685
3 1362 1786 1369
3 637 732 622
3 1960 2129 2128
3 1953 1954 1853
3 574 2103 637
3 605 2240 602
3 1087 1890 1090
3 1090 1890 1871
3 863 2319 2075
3 960 2087 962
3 591 2192 2190
3 618 2378 2010
3 634 2305 1954
3 2102 2319 866
3 1789 2016 1425
3 1955 2062 1536
3 1454 2211 2029
3 1530 2096 1531
3 892 2121 2075
3 748 2314 1763
3 413 512 108
3 894 1859 899
3 905 2329 2056
3 1134 2071 1800
3 1059 2074 1061
3 1987 2046 1902
3 1893 2386 2308
3 677 2261 1983
3 1758 2341 665
3 848 2244 2162
3 621 2103 578
3 983 2090 985
3 1178 2298 1181
3 816 1900 818
3 2006 2007 2005
3 1112 2019 1953
3 1343 2158 1809
3 1993 1995 1289
3 411 2258 564
3 1112 1852 1111
3 1868 1869 764
3 1827 1828 1128
3 2077 2156 1078
3 1894 2041 1151
3 618 2250 1790
3 1061 2083 1064
3 1299 1933 1901
3 2292 2360 550
3 1237 2245 1998
3 2016 2249 634
3 1789 1943 1116
3 584 2112 641
3 2178 2321 1537
3 942 2067 1463
3 836 2162 2161
3 1763 2220 2219
3 540 2334 2220
3 1889 2333 647
3 1856 2392 1261
3 1236 2100 1239
3 997 1925 1924
3 1052 2091 1959
3 816 2078 1900
3 1888 2041 1894
3 1397 2125 2047
3 623 2112 588
3 1461 2039 1460
3 854 2152 2054
3 1165 2108 1169
3 1587 2044 1588
3 1950 2365 1344
3 2000 2282 1283
3 1777 2325 903
3 558 2027 554
3 882 2130 2003
3 622 2114 572
3 1729 2166 1194
3 768 2311 2278
3 760 2371 771
3 1503 2139 2080
3 590 2104 2000
3 844 2356 1552
3 1657 2267 1975
3 1812 2390 1646
3 1475 2087 960
3 1901 1933 1448
3 1892 1893 796
3 1455 2199 1220
3 531 2233 1988
3 1855 2274 570
3 2122 2256 549
3 2193 2257 1372
3 343 2355 1961
3 703 2064 714
3 1181 2298 1185
3 1996 2245 2049
3 1066 2115 1068
3 1514 2287 2286
3 1990 2193 369
3 2088 2331 784
3 1417 1929 1003
3 1807 2229 679
3 1222 1994 1993
3 1296 1933 1299
3 1588 2393 2042
3 663 2377 1914
3 1005 1929 1051
3 710 2066 598
3 586 2282 2000
3 831 2093 1503
3 1051 1935 1007
3 1747 1897 1896
3 2018 2188 1365
3 514 2270 1912
3 635 2105 619
3 411 564 106
3 1009 1935 1424
3 1112 1853 1852
3 1900 2078 904
3 1809 2273 593
3 833 2226 2096
3 1871 1890 1446
3 1983 2260 1058
3 469 1974 1880
3 1101 1943 1104
3 1277 2131 1279
3 950 2113 952
3 467 2030 717
3 1663 2156 2077
3 649 2333 2290
3 1984 1991 968
3 1328 1956 1340
3 1326 1956 1325
3 560 2065 2064
3 668 2341 2046
3 1052 1959 1018
3 690 2347 2275
3 796 2014 793
3 1340 1962 1330
3 1596 2317 595
3 1020 1959 1464
3 1918 1919 906
3 1323 1963 1326
3 729 2208 395
3 2122 2186 557
3 543 2357 2302
3 613 2105 639
3 1346 1963 1321
3 1134 2293 2072
3 1016 2167 1052
3 561 2064 2063
3 1966 2269 1342
3 1464 1971 1022
3 1024 1971 1053
3 795 2394 1892
3 1198 2166 1202
3 1907 2229 954
3 1424 2234 1012
3 1070 2147 1072
3 672 2342 2227
3 1334 1965 1342
3 579 2192 2081
3 1922 2383 503
3 1053 1982 1027
3 1784 2076 912
3 1051 1936 1935
3 1764 2371 759
3 1116 1943 1099
3 850 1918 906
3 1415 2178 2062
3 1411 1986 975
3 1909 2378 618
3 608 2240 605
3 2308 2386 783
3 1029 1982 1562
3 962 2126 964
3 1962 1965 1332
3 792 2014 847
3 705 2328 2002
3 1763 2314 2220
3 544 2070 2069
3 395 720 102
3 544 2350 2070
3 677 2262 2261
3 1956 1957 1340
3 904 2078 1759
3 1425 1952 1105
3 882 2002 2001
3 2064 2065 714
3 1562 2011 1031
3 470 2315 716
3 977 1986 987
3 869 2130 872
3 930 2154 1505
3 1033 2011 1058
3 2242 2395 464
3 1505 2154 1947
3 1965 1966 1342
3 616 2249 2016
3 1053 2128 1982
3 1531 2225 1955
3 2005 2133 874
3 1342 2017 1336
3 1884 2311 765
3 1986 1987 987
3 1279 2140 1281
3 862 2133 865
3 2184 2185 500
3 645 2085 2084
3 857 2136 859
3 1924 2277 1417
3 852 2144 855
3 1058 2025 1036
3 994 2203 997
3 1109 2019 1112
3 2334 2357 543
3 1259 2170 1262
3 680 2259 2046
3 1792 2350 544
3 1952 2019 1107
3 1602 2108 1161
3 1014 2234 2167
3 1862 2292 726
3 541 2357 2334
3 1220 2199 1222
3 878 2001 1886
3 1093 2378 1095
3 2143 2196 517
3 1983 2261 2260
3 814 2078 816
3 1040 2026 1151
3 2056 2329 840
3 630 2158 2029
3 819 2175 821
3 2346 2347 688
3 1974 2399 694
3 1074 2183 1076
3 1862 2308 1864
3 1744 2300 1863
3 1863 2267 1657
3 1912 2270 1559
3 1300 2201 1302
3 1392 2010 1091
3 1807 2339 1475
3 987 2040 979
3 1151 2041 1043
3 882 2001 876
3 636 2191 2098
3 2157 2340 662
3 1045 2041 1888
3 660 2338 2107
3 598 2066 719
3 2039 2285 843
3 2151 2309 856
3 2083 2084 1149
3 981 2040 1757
3 1991 2254 699
3 1289 2048 1229
3 543 2302 2219
3 2025 2026 1038
3 1304 2211 1306
3 653 2215 650
3 659 2213 655
3 553 2280 2279
3 873 2094 867
3 1994 1995 1993
3 664 2216 661
3 669 2217 667
3 673 2218 671
3 1888 2051 1047
3 684 2221 682
3 689 2222 687
3 1129 2293 1134
3 1185 2298 1380
3 2081 2393 1588
3 1049 2051 1142
3 603 2197 1948
3 700 2346 2345
3 685 2344 1946
3 2137 2364 1147
3 1671 2364 2137
3 2249 2305 634
3 1925 2277 1924
3 2044 2081 1588
3 1204 2310 1207
3 1308 2228 1310
3 2300 2330 1457
3 1233 2049 1237
3 1367 2310 1940
3 2098 2191 576
3 2158 2228 1454
3 2140 2172 1366
3 1764 2079 773
3 903 2325 2243
3 1362 2282 1786
3 1142 2073 1056
3 883 2309 2151
3 840 2329 2062
3 2195 2233 531
3 1760 2388 620
3 954 2229 956
3 874 2133 862
3 1568 2233 2223
3 1712 2247 2246
3 2246 2247 900
3 1934 2387 1389
3 1948 2197 600
3 2097 2119 2029
3 2084 2086 645
3 1939 2136 857
3 1828 2293 1128
3 1757 2090 983
3 822 2175 819
3 645 2336 2141
3 727 2248 542
3 1880 2030 469
3 2220 2314 540
3 985 2090 1136
3 1290 2237 1448
3 906 2144 852
3 2069 2314 748
3 2055 2096 1530
3 2226 2271 830
3 600 2351 1897
3 1892 2394 775
3 2000 2104 586
3 565 2381 1979
3 1996 2049 2048
3 1064 2083 1149
3 1343 2228 2158
3 2263 2264 631
3 1237 2100 1236
3 2048 2049 1231
3 2195 2196 527
3 627 2388 1760
3 2332 2390 883
3 2050 2273 1809
3 615 2240 608
3 617 2251 2250
3 1239 2100 1465
3 2242 2399 469
3 2096 2225 1531
3 2094 2130 869
3 2190 2191 636
3 783 2386 2079
3 771 2371 1764
3 968 2113 950
3 2010 2378 1093
3 1966 2299 712
3 820 2384 2204
3 1149 2115 1066
3 756 2248 2088
3 1068 2115 1083
3 1316 2201 1300
3 1790 2250 616
3 2179 2330 827
3 833 2271 2226
3 679 2335 2227
3 2071 2205 1800
3 2088 2248 723
3 1457 2330 2179
3 1375 2131 1277
3 719 2306 596
3 542 2248 756
3 854 2224 2152
3 1712 2349 2247
3 1800 2205 1157
3 523 2196 2195
3 964 2126 1498
3 1947 2092 700
3 872 2130 882
3 1248 2281 1250
3 1605 2294 849
3 2073 2074 1059
3 632 2307 2044
3 696 2176 2107
3 2135 2368 1794
3 865 2133 873
3 524 2324 518
3 1072 2147 1501
3 1083 2147 1070
3 2346 2387 1934
3 859 2136 874
3 638 2288 582
3 2054 2152 853
3 855 2144 1939
3 1281 2140 1366
3 843 2285 841
3 2180 2402 501
3 582 2288 580
3 2316 2383 1710
3 503 2383 2316
3 705 2366 2275
3 2074 2083 1061
3 1211 2283 1288
3 1209 2283 1211
3 853 2309 2054
3 1157 2205 1601
3 701 2367 2290
3 1262 2170 1287
3 2270 2396 413
3 2290 2367 649
3 1351 2170 1259
3 730 2184 708
3 956 2229 1807
3 2275 2366 690
3 631 2276 1904
3 2220 2334 543
3 2273 2274 593
3 2157 2176 696
3 524 2381 2258
3 1984 2254 1991
3 556 2279 1919
3 730 2399 2242
3 1076 2183 1383
3 1250 2281 1362
3 1863 2300 1457
3 821 2175 825
3 1462 2123 1177
3 1501 2183 1074
3 596 2306 594
3 1302 2201 1341
3 518 2324 516
3 1306 2211 1454
3 1310 2228 1343
3 675 2213 659
3 658 2215 653
3 707 2216 664
3 692 2217 669
3 693 2218 673
3 715 2221 684
3 714 2222 689
3 522 2312 520
3 1341 2211 1304
3 997 2203 1925
3 1207 2310 1367
3 944 2254 1984
3 650 2215 706
3 655 2213 658
3 661 2216 675
3 1222 2199 1994
3 2129 2337 654
3 667 2217 707
3 671 2218 692
3 682 2221 693
3 687 2222 715
3 2087 2126 962
3 2227 2335 672
3 2331 2360 725
3 1868 2357 1869
3 1454 2228 1308
3 2327 2397 528
3 2224 2267 1863
3 561 2063 2007
3 702 2074 2073
3 1366 2237 1290
3 2281 2282 1362
3 591 2393 2081
3 724 2360 2331
3 2097 2098 576
3 2055 2057 833
3 1475 2339 2087
3 2062 2329 1415
3 576 2313 2119
3 1658 2330 2300
3 2023 2258 411
3 2080 2186 553
3 1463 2254 944
3 514 2396 2270
3 700 2387 2346
3 2075 2121 863
3 2131 2140 1279
3 1975 2267 854
3 679 2229 1907
3 833 2096 2055
3 849 2294 1918
3 1283 2281 1248
3 841 2285 1400
3 580 2288 621
3 2225 2226 840
3 549 2186 2122
3 1367 2283 1209
3 694 2399 730
3 1917 2403 508
3 725 2360 2292
3 612 2407 2169
3 1190 2354 1728
3 594 2306 623
3 2141 2336 626
3 520 2312 524
3 2219 2220 543
3 516 2324 2023
3 1502 2294 1605
3 1380 2354 1190
3 1892 2386 1893
3 467 2395 2030
3 796 2374 2014
3 854 2267 2224
3 2279 2280 555
3 1893 2374 796
3 466 2185 2184
3 775 2394 2194
3 2029 2119 630
3 2317 2351 597
3 2250 2251 616
3 2286 2287 1718
3 571 2274 2273
3 576 2119 2097
3 2046 2259 668
3 2261 2262 651
3 2402 2403 1917
3 2278 2311 758
3 654 2262 2129
3 604 2370 2268
3 662 2176 2157
3 2023 2324 2258
3 2107 2176 660
3 469 2399 1974
3 2070 2350 537
3 1998 2245 1997
3 2190 2192 577
3 651 2367 2261
3 2258 2324 524
3 464 2291 2242
3 2345 2346 688
3 583 2264 2263
3 577 2191 2190
3 2167 2234 1937
3 609 2305 2249
3 2243 2325 902
3 462 2402 2180
3 2152 2224 851
3 633 2368 2135
3 571 2273 2050
3 2263 2369 583
3 462 2403 2402
3 548 558 552

CELL_TYPES 4816
3
3
3
3
3
3
3
3
3
3
3
3
3
3
3
3
3
3
3
3
3
3
3
3
3
3
3
3
3
3
3
3
3
3
3
3
3
3
3
3
3
3
3
3
3
3
3
3
3
3
3
3
3
3
3
3
3
3
3
3
3
3
3
3
3
3
3
3
3
3
3
3
3
3
3
3
3
3
3
3
3
3
3
3
3
3
3
3
3
3
3
3
3
3
3
3
3
3
3
3
3
3
3
3
3
3
3
3
3
3
3
3
3
3
3
3
3
3
3
3
3
3
3
3
3
3
3
3
3
3
3
3
3
3
3
3
3
3
3
3
3
3
3
3
3
3
3
3
3
3
3
3
3
3
3
3
3
3
3
3
3
3
3
3
3
3
3
3
3
3
3
3
3
3
3
3
3
3
3
3
3
3
3
3
3
3
3
3
3
3
3
3
3
3
3
3
3
3
3
3
3
3
3
3
3
3
3
3
3
3
3
3
3
3
3
3
3
3
3
3
3
3
3
3
3
3
3
3
3
3
3
3
3
3
3
3
3
3
3
3
3
3
3
3
3
3
3
3
3
3
3
3
3
3
3
3
3
3
3
3
3
3
3
3
3
3
3
3
3
3
3
3
3
3
3
3
3
3
3
3
3
3
3
3
3
3
3
3
3
3
3
3
3
3
3
3
3
3
3
3
3
3
3
3
3
3
3
3
3
3
3
3
3
3
3
3
3
3
3
3
3
3
3
3
3
3
3
3
3
3
3
3
3
3
3
3
3
3
5
5
5
5
5
5
5
5
5
5
5
5
5
5
5
5
5
5
5
5
5
5
5
5
5
5
5
5
5
5
5
5
5
5
5
5
5
5
5
5
5
5
5
5
5
5
5
5
5
5
5
5
5
5
5
5
5
5
5
5
5
5
5
5
5
5
5
5
5
5
5
5
5
5
5
5
5
5
5
5
5
5
5
5
5
5
5
5
5
5
5
5
5
5
5
5
5
5
5
5
5
5
5
5
5
5
5
5
5
5
5
5
5
5
5
5
5
5
5
5
5
5
5
5
5
5
5
5
5
5
5
5
5
5
5
5
5
5
5
5
5
5
5
5
5
5
5
5
5
5
5
5
5
5
5
5
5
5
5
5
5
5
5
5
5
5
5
5
5
5
5
5
5
5
5
5
5
5
5
5
5
5
5
5
5
5
5
5
5
5
5
5
5
5
5
5
5
5
5
5
5
5
5
5
5
5
5
5
5
5
5
5
5
5
5
5
5
5
5
5
5
5
5
5
5
5
5
5
5
5
5
5
5
5
5
5
5
5
5
5
5
5
5
5
5
5
5
5
5
5
5
5
5
5
5
5
5
5
5
5
5
5
5
5
5
5
5
5
5
5
5
5
5
5
5
5
5
5
5
5
5
5
5
5
5
5
5
5
5
5
5
5
5
5
5
5
5
5
5
5
5
5
5
5
5
5
5
5
5
5
5
5
5
5
5
5
5
5
5
5
5
5
5
5
5
5
5
5
5
5
5
5
5
5
5
5
5
5
5
5
5
5
5
5
5
5
5
5
5
5
5
5
5
5
5
5
5
5
5
5
5
5
5
5
5
5
5
5
5
5
5
5
5
5
5
5
5
5
5
5
5
5
5
5
5
5
5
5
5
5
5
5
5
5
5
5
5
5
5
5
5
5
5
5
5
5
5
5
5
5
5
5
5
5
5
5
5
5
5
5
5
5
5
5
5
5
5
5
5
5
5
5
5
5
5
5
5
5
5
5
5
5
5
5
5
5
5
5
5
5
5
5
5
5
5
5
5
5
5
5
5
5
5
5
5
5
5
5
5
5
5
5
5
5
5
5
5
5
5
5
5
5
5
5
5
5
5
5
5
5
5
5
5
5
5
5
5
5
5
5
5
5
5
5
5
5
5
5
5
5
5
5
5
5
5
5
5
5
5
5
5
5
5
5
5
5
5
5
5
5
5
5
5
5
5
5
5
5
5
5
5
5
5
5
5
5
5
5
5
5
5
5
5
5
5
5
5
5
5
5
5
5
5
5
5
5
5
5
5
5
5
5
5
5
5
5
5
5
5
5
5
5
5
5
5
5
5
5
5
5
5
5
5
5
5
5
5
5
5
5
5
5
5
5
5
5
5
5
5
5
5
5
5
5
5
5
5
5
5
5
5
5
5
5
5
5
5
5
5
5
5
5
5
5
5
5
5
5
5
5
5
5
5
5
5
5
5
5
5
5
5
5
5
5
5
5
5
5
5
5
5
5
5
5
5
5
5
5
5
5
5
5
5
5
5
5
5
5
5
5
5
5
5
5
5
5
5
5
5
5
5
5
5
5
5
5
5
5
5
5
5
5
5
5
5
5
5
5
5
5
5
5
5
5
5
5
5
5
5
5
5
5
5
5
5
5
5
5
5
5
5
5
5
5
5
5
5
5
5
5
5
5
5
5
5
5
5
5
5
5
5
5
5
5
5
5
5
5
5
5
5
5
5
5
5
5
5
5
5
5
5
5
5
5
5
5
5
5
5
5
5
5
5
5
5
5
5
5
5
5
5
5
5
5
5
5
5
5
5
5
5
5
5
5
5
5
5
5
5
5
5
5
5
5
5
5
5
5
5
5
5
5
5
5
5
5
5
5
5
5
5
5
5
5
5
5
5
5
5
5
5
5
5
5
5
5
5
5
5
5
5
5
5
5
5
5
5
5
5
5
5
5
5
5
5
5
5
5
5
5
5
5
5
5
5
5
5
5
5
5
5
5
5
5
5
5
5
5
5
5
5
5
5
5
5
5
5
5
5
5
5
5
5
5
5
5
5
5
5
5
5
5
5
5
5
5
5
5
5
5
5
5
5
5
5
5
5
5
5
5
5
5
5
5
5
5
5
5
5
5
5
5
5
5
5
5
5
5
5
5
5
5
5
5
5
5
5
5
5
5
5
5
5
5
5
5
5
5
5
5
5
5
5
5
5
5
5
5
5
5
5
5
5
5
5
5
5
5
5
5
5
5
5
5
5
5
5
5
5
5
5
5
5
5
5
5
5
5
5
5
5
5
5
5
5
5
5
5
5
5
5
5
5
5
5
5
5
5
5
5
5
5
5
5
5
5
5
5
5
5
5
5
5
5
5
5
5
5
5
5
5
5
5
5
5
5
5
5
5
5
5
5
5
5
5
5
5
5
5
5
5
5
5
5
5
5
5
5
5
5
5
5
5
5
5
5
5
5
5
5
5
5
5
5
5
5
5
5
5
5
5
5
5
5
5
5
5
5
5
5
5
5
5
5
5
5
5
5
5
5
5
5
5
5
5
5
5
5
5
5
5
5
5
5
5
5
5
5
5
5
5
5
5
5
5
5
5
5
5
5
5
5
5
5
5
5
5
5
5
5
5
5
5
5
5
5
5
5
5
5
5
5
5
5
5
5
5
5
5
5
5
5
5
5
5
5
5
5
5
5
5
5
5
5
5
5
5
5
5
5
5
5
5
5
5
5
5
5
5
5
5
5
5
5
5
5
5
5
5
5
5
5
5
5
5
5
5
5
5
5
5
5
5
5
5
5
5
5
5
5
5
5
5
5
5
5
5
5
5
5
5
5
5
5
5
5
5
5
5
5
5
5
5
5
5
5
5
5
5
5
5
5
5
5
5
5
5
5
5
5
5
5
5
5
5
5
5
5
5
5
5
5
5
5
5
5
5
5
5
5
5
5
5
5
5
5
5
5
5
5
5
5
5
5
5
5
5
5
5
5
5
5
5
5
5
5
5
5
5
5
5
5
5
5
5
5
5
5
5
5
5
5
5
5
5
5
5
5
5
5
5
5
5
5
5
5
5
5
5
5
5
5
5
5
5
5
5
5
5
5
5
5
5
5
5
5
5
5
5
5
5
5
5
5
5
5
5
5
5
5
5
5
5
5
5
5
5
5
5
5
5
5
5
5
5
5
5
5
5
5
5
5
5
5
5
5
5
5
5
5
5
5
5
5
5
5
5
5
5
5
5
5
5
5
5
5
5
5
5
5
5
5
5
5
5
5
5
5
5
5
5
5
5
5
5
5
5
5
5
5
5
5
5
5
5
5
5
5
5
5
5
5
5
5
5
5
5
5
5
5
5
5
5
5
5
5
5
5
5
5
5
5
5
5
5
5
5
5
5
5
5
5
5
5
5
5
5
5
5
5
5
5
5
5
5
5
5
5
5
5
5
5
5
5
5
5
5
5
5
5
5
5
5
5
5
5
5
5
5
5
5
5
5
5
5
5
5
5
5
5
5
5
5
5
5
5
5
5
5
5
5
5
5
5
5
5
5
5
5
5
5
5
5
5
5
5
5
5
5
5
5
5
5
5
5
5
5
5
5
5
5
5
5
5
5
5
5
5
5
5
5
5
5
5
5
5
5
5
5
5
5
5
5
5
5
5
5
5
5
5
5
5
5
5
5
5
5
5
5
5
5
5
5
5
5
5
5
5
5
5
5
5
5
5
5
5
5
5
5
5
5
5
5
5
5
5
5
5
5
5
5
5
5
5
5
5
5
5
5
5
5
5
5
5
5
5
5
5
5
5
5
5
5
5
5
5
5
5
5
5
5
5
5
5
5
5
5
5
5
5
5
5
5
5
5
5
5
5
5
5
5
5
5
5
5
5
5
5
5
5
5
5
5
5
5
5
5
5
5
5
5
5
5
5
5
5
5
5
5
5
5
5
5
5
5
5
5
5
5
5
5
5
5
5
5
5
5
5
5
5
5
5
5
5
5
5
5
5
5
5
5
5
5
5
5
5
5
5
5
5
5
5
5
5
5
5
5
5
5
5
5
5
5
5
5
5
5
5
5
5
5
5
5
5
5
5
5
5
5
5
5
5
5
5
5
5
5
5
5
5
5
5
5
5
5
5
5
5
5
5
5
5
5
5
5
5
5
5
5
5
5
5
5
5
5
5
5
5
5
5
5
5
5
5
5
5
5
5
5
5
5
5
5
5
5
5
5
5
5
5
5
5
5
5
5
5
5
5
5
5
5
5
5
5
5
5
5
5
5
5
5
5
5
5
5
5
5
5
5
5
5
5
5
5
5
5
5
5
5
5
5
5
5
5
5
5
5
5
5
5
5
5
5
5
5
5
5
5
5
5
5
5
5
5
5
5
5
5
5
5
5
5
5
5
5
5
5
5
5
5
5
5
5
5
5
5
5
5
5
5
5
5
5
5
5
5
5
5
5
5
5
5
5
5
5
5
5
5
5
5
5
5
5
5
5
5
5
5
5
5
5
5
5
5
5
5
5
5
5
5
5
5
5
5
5
5
5
5
5
5
5
5
5
5
5
5
5
5
5
5
5
5
5
5
5
5
5
5
5
5
5
5
5
5
5
5
5
5
5
5
5
5
5
5
5
5
5
5
5
5
5
5
5
5
5
5
5
5
5
5
5
5
5
5
5
5
5
5
5
5
5
5
5
5
5
5
5
5
5
5
5
5
5
5
5
5
5
5
5
5
5
5
5
5
5
5
5
5
5
5
5
5
5
5
5
5
5
5
5
5
5
5
5
5
5
5
5
5
5
5
5
5
5
5
5
5
5
5
5
5
5
5
5
5
5
5
5
5
5
5
5
5
5
5
5
5
5
5
5
5
5
5
5
5
5
5
5
5
5
5
5
5
5
5
5
5
5
5
5
5
5
5
5
5
5
5
5
5
5
5
5
5
5
5
5
5
5
5
5
5
5
5
5
5
5
5
5
5
5
5
5
5
5
5
5
5
5
5
5
5
5
5
5
5
5
5
5
5
5
5
5
5
5
5
5
5
5
5
5
5
5
5
5
5
5
5
5
5
5
5
5
5
5
5
5
5
5
5
5
5
5
5
5
5
5
5
5
5
5
5
5
5
5
5
5
5
5
5
5
5
5
5
5
5
5
5
5
5
5
5
5
5
5
5
5
5
5
5
5
5
5
5
5
5
5
5
5
5
5
5
5
5
5
5
5
5
5
5
5
5
5
5
5
5
5
5
5
5
5
5
5
5
5
5
5
5
5
5
5
5
5
5
5
5
5
5
5
5
5
5
5
5
5
5
5
5
5
5
5
5
5
5
5
5
5
5
5
5
5
5
5
5
5
5
5
5
5
5
5
5
5
5
5
5
5
5
5
5
5
5
5
5
5
5
5
5
5
5
5
5
5
5
5
5
5
5
5
5
5
5
5
5
5
5
5
5
5
5
5
5
5
5
5
5
5
5
5
5
5
5
5
5
5
5
5
5
5
5
5
5
5
5
5
5
5
5
5
5
5
5
5
5
5
5
5
5
5
5
5
5
5
5
5
5
5
5
5
5
5
5
5
5
5
5
5
5
5
5
5
5
5
5
5
5
5
5
5
5
5
5
5
5
5
5
5
5
5
5
5
5
5
5
5
5
5
5
5
5
5
5
5
5
5
5
5
5
5
5
5
5
5
5
5
5
5
5
5
5
5
5
5
5
5
5
5
5
5
5
5
5
5
5
5
5
5
5
5
5
5
5
5
5
5
5
5
5
5
5
5
5
5
5
5
5
5
5
5
5
5
5
5
5
5
5
5
5
5
5
5
5
5
5
5
5
5
5
5
5
5
5
5
5
5
5
5
5
5
5
5
5
5
5
5
5
5
5
5
5
5
5
5
5
5
5
5
5
5
5
5
5
5
5
5
5
5
5
5
5
5
5
5
5
5
5
5
5
5
5
5
5
5
5
5
5
5
5
5
5
5
5
5
5
5
5
5
5
5
5
5
5
5
5
5
5
5
5
5
5
5
5
5
5
5
5
5
5
5
5
5
5
5
5
5
5
5
5
5
5
5
5
5
5
5
5
5
5
5
5
5
5
5
5
5
5
5
5
5
5
5
5
5
5
5
5
5
5
5
5
5
5
5
5
5
5
5
5
5
5
5
5
5
5
5
5
5
5
5
5
5
5
5
5
5
5
5
5
5
5
5
5
5
5
5
5
5
5
5
5
5
5
5
5
5
5
5
5
5
5
5
5
5
5
5
5
5
5
5
5
5
5
5
5
5
5
5
5
5
5
5
5
5
5
5
5
5
5
5
5
5
5
5
5
5
5
5
5
5
5
5
5
5
5
5
5
5
5
5
5
5
5
5
5
5
5
5
5
5
5
5
5
5
5
5
5
5
5
5
5
5
5
5
5
5
5
5
5
5
5
5
5
5
5
5
5
5
5
5
5
5
5
5
5
5
5
5
5
5
5
5
5
5
5
5
5
5
5
5
5
5
5
5
5
5
5
5
5
5
5
5
5
5
5
5
5
5
5
5
5
5
5
5
5
5
5
5
5
5
5
5
5
5
5
5
5
5
5
5
5
5
5
5
5
5
5
5
5
5
5
5
5
5
5
5
5
5
5
5
5
5
5
5
5
5
5
5
5
5
5
5
5
5
5
5
5
5
5
5
5
5
5
5
5
5
5
5
5
5
5
5
5
5
5
5
5
5
5
5
5
5
5
5
5
5
5
5
5
5
5
5
5
5
5
5
5
5
5
5
5
5
5
5
5
5
5
5
5
5
5
5
5
5
5
5
5
5
5
5
5
5
5
5
5
5
5
5
5
5
5
5
5
5
5
5
5
5
5
5
5
5
5
5
5
5
5
5
5
5
5
5
5
5
5
5
5
5
5
5
5
5
5
5
5
5
5
5
5
5
5
5
5
5
5
5
5
5
5
5
5
5
5
5
5
5
5
5
5
5
5
5
5
5
5
5
5
5
5
5
5
5
5
5
5
5
5
5
5
5
5
5
5
5
5
5
5
5
5
5
5
5
5
5
5
5
5
5
5
5
5
5
5
5
5
5
5
5
5
5
5
5
5
5
5
5
5
5
5
5
5
5
5
5
5
5
5
5
5
5
5
5
5
5
5
5
5
5
5
5
5
5
5
5
5
5
5
5
5
5
5
5
5
5
5
5
5
5
5
5
5
5
5
5
5
5
5
5
5
5
5
5
5
5
5
5
5
5
5
5
5
5
5
5
5
5
5
5
5
5
5
5
5
5
5
5
5
5
5
5
5
5
5
5
5
5
5
5
5
5
5
5
5
5
5
5
5
5
5
5
5
5
5
5
5
5
5
5
5
5
5
5
5
5
5
5
5
5
5
5
5
5
5
5
5
5
5
5
5
5
5
5
5
5
5
5
5
5
5
5
5
5
5
5
5
5
5
5
5
5
5
5
5
5
5
5
5
5
5
5
5
5
5
5
5
5
5
5
5
5
5
5
5
5
5
5
5
5
5
5
5
5
5
5
5
5
5
5
5
5
5
5
5
5
5
5
5
5
5
5
5
5
5
5
5
5
5
5
5
5
5
5
5
5
5
5
5
5
5
5
5
5
5
5
5
5
5
5
5
5
5
5
5
5
5
5
5
5
5
5
5
5
5
5
5
5
5
5
5
5
5
5
5
5
5
5
5
5
5
5
5
5
5
5
5
5
5
5
5
5
5
5
5
5
5
5
5
5
5
5
5
5
5
5
5
5
5
5
5
5
5
5
5
5
5
5
5
5
5
5
5
5
5
5
5
5
5
5
5
5
5
5
5
5
5
5
5
5
5
5
5
5
5
5
5
5
5
5
5
5
5
5
5
5
5
5
5
5
5
5
5
5
5
5
5
5
5
5
5
5
5
5
5
5
5
5
5
5
5
5
5
5
5
5
5
5
5
5
5
5
5
5
5
5
5
5
5
5
5
5
5
5
5
5
5
5
5
5
5
5
5
5
5
5
5
5
5
5
5
5
5
5
5
5
5
5
5
5
5
5
5
5
5
5
5
5
5
5
5
5
5
5
5
5
5
5
5
5
5
5
5
5
5
5
5
5
5
5
5
5
5
5
5
5
5
5
5
5
5
5
5
5
5
5
5
5
5
5
5
5
5
5
5
5
5
5
5
5
5
5
5
5
5
5
5
5
5
5
5
5
5
5
5
5
5
5
5
5
5
5
5
5
5
5
5
5
5
5
5
5
5
5
5
5
5
5
5
5
5
5
5
5
5
5
5
5
5
5
5
5
5
5
5
5
5
5
5
5
5
5
5
5
5
5
5
5
5
5
5
5
5
5
5
5
5
5
5
5
5
5
5
5
5
5
5
5
5
5
5
5
5
5
5
5
5
5
5
5
5
5
5
5
5
5
5
5
5
5
5
5
5
5
5
5
5
5
5
5
5
5
5
5
5
5
5
5
5
5
5
5
5
5
5
5
5
5
5
5
5
5
5
5
5
5
5
5
5
5
5
5
5
5
5
5
5
5
5
5
5
5
5
5
5
5
5
5
5
5
5
5
5
5
5
5
5
5
5
5
5
5
5
5
5
5
5
5
5
5
5
5
5
5
5
5
5
5
5
5
5
5
5
5
5
5
5
5
5
5
5
5
5
5
5
5
5
5
5
5
5
5
5
5
5
5
5
5
5
5
5
5
5
5
5
5
5
5
5
5
5
5
5
5
5
5
5
5
5
5
5
5
5
5
5
5
5
5
5
5
5
5
5
5
5
5
5
5
5
5
5
5
5
5
5
5
5
5
5
5
5
5
5
5
5
5
5
5
5
5
5
5
5
5
5
5
5
5
5
5
5
5
5
5
5
5
5
5
5
5
5
5
5
5
5
5
5
5
5
5
5
5
5
5
5
5
5
5
5
5
5
5
5
5
5
5
5
5
5
5
5
5
5
5
5
5
5
5
5
5
5
5
5
5
5
5
5
5
5
5
5
5
5
5
5
5
5
5
5
5
5
5
5
5
5
5
5
5
5
5
5
5
5
5
5
5
5
5
5
5
5
5
5
5
5
5
5
5
5
5
5
5
5
5
5
5
5
5
5
5
5
5
5
5
5
5
5
5
5
5
5
5
5
5
5
5
5
5
5
5
5
5
5
5
5
5
5
5
5
5
5
5
5
5
5
5
5
5
5
5
5
5
5
5
5
5
5
5
5
5
5
5
5
5
5
5
5
5
5
5
5
5
5
5
5
5
5
5
5
5
5
5
5
5
5
5
5
5
5
5
5
5
5
5
5
5
5
5
5
5
5
5
5
5
5
5
5
5
5
5
5
5
5
5
5
5
5
5
5
5
5
5
5
5
5
5
5
5
5
5
5
5
5
5
5
5
5
5
5
5
5
5
5
5
5
5
5
5
5
5
5
5
5
5
5
5
5
5
5
5
5
5
5
5
5
5
5
5
5
5
5
5
5
5
5
5
5
5
5
5
5
5
5
5
5
5
5
5
5
5
5
5
5
5
5
5
5
5
5
5
5
5
5
5
5
5
5
5
5
5
5
5
5
5
5
5
5
5
5
5
5
5
5
5
5
5
5
5
5
5
5
5
5
5
5
5
5
5
5
5
5
5
5
5
5
5
5
5
5
5
5
5
5
5
5
5
5
5
5
5
5
5
5
5
5
5
5
5
5
5
5
5
5
5
5
5
5
5
5
5
5
5
5
5
5
5
5
5
5
5
5
5
5
5
5
5
5
5
5
5
5
5
5
5
5
5
5
5
5
5
5
5
5
5
5
5
5
5
5
5
5
5
5
5
5
5
5
5
5
5
5
5
5
5
5
5
5
5
5
5
5
5
5
5
5
5
5
5
5
5
5
5
5
5
5
5
5
5
5
5
5
5
5
5
5
5
5
5
5
5
5
5
5
5
5
5
5
5
5
5
5
5
5
5
5
5
5
5
5
5
5
5
5
5
5
5
5
5
5
5
5
5
5
5
5
5
5
5
5
5
5
5
5
5
5
5
5
5
5
5
5
5
5
5
5
5
5
5
5
5
5
5
5
5
5
5
5
5
5
5
5
5
5
5
5
5
5
5
5
5
5
5
5
5
5
5
5
5
5
5
5
5
5
5
5
5
5
5
5
5
5
5
5

CELL_DATA 4816
SCALARS CellEntityIds int 1
LOOKUP_TABLE default
6
6
6
6
6
6
6
6
6
6
6
6
6
6
6
6
6
6
6
6
6
6
6
6
6
6
6
6
6
6
6
6
6
6
6
6
6
6
6
6
6
6
6
6
6
6
6
6
6
6
6
6
6
6
6
6
6
6
6
6
6
6
6
6
6
6
6
6
6
6
6
6
6
6
6
6
6
6
6
6
6
6
6
6
6
3
3
3
3
3
3
3
3
3
3
3
3
3
3
3
3
3
3
3
3
3
3
3
3
5
5
5
5
5
5
5
5
5
5
4
4
4
4
4
4
4
4
4
4
4
4
4
4
4
4
4
4
4
4
4
4
4
4
4
7
7
7
7
7
7
7
7
7
7
7
7
7
7
7
7
7
7
7
7
7
7
7
7
7
7
7
7
7
7
7
7
7
7
7
7
7
7
7
7
7
7
7
2
2
2
2
2
2
2
2
2
2
2
2
2
2
2
2
2
2
2
2
2
2
2
2
2
2
2
2
2
2
2
2
2
2
2
2
2
2
2
2
2
2
2
2
2
2
2
2
2
2
2
2
2
2
2
2
2
2
2
2
2
2
2
2
2
2
2
2
2
2
2
2
2
2
2
2
2
2
2
2
2
2
2
2
2
2
2
2
2
2
2
2
2
2
2
2
2
2
2
2
2
2
2
2
2
2
2
2
2
2
2
2
2
2
2
2
2
2
2
2
2
2
2
2
2
2
2
2
2
2
2
2
2
2
2
2
2
2
2
2
2
2
2
2
2
2
2
2
2
2
2
1
1
1
1
1
1
1
1
1
1
1
1
1
1
1
1
1
1
1
1
1
1
1
1
1
1
1
1
1
1
1
1
1
1
1
1
1
1
1
1
1
1
1
1
1
1
1
1
1
1
1
1
1
1
1
1
1
1
1
1
1
1
1
1
1
1
1
1
1
1
1
1
1
1
1
1
1
1
1
1
1
1
1
1
1
1
1
1
1
1
1
1
1
1
1
1
1
1
1
1
1
1
1
1
1
1
1
1
1
1
1
1
1
1
1
1
1
1
1
1
1
1
1
1
1
1
1
1
1
1
1
1
1
1
1
1
1
1
1
1
1
1
1
1
1
1
1
1
1
1
1
1
1
1
1
1
1
1
1
1
1
1
1
1
1
1
1
1
1
1
1
1
1
1
1
1
1
1
1
1
1
1
1
1
1
1
1
1
1
1
1
1
1
1
1
1
1
1
1
1
1
1
1
1
1
1
1
1
1
1
1
1
1
1
1
1
1
1
1
1
1
1
1
1
1
1
1
1
1
1
1
1
1
1
1
1
1
1
1
1
1
1
1
1
1
1
1
1
1
1
1
1
1
1
1
1
1
1
1
1
1
1
1
1
1
1
1
1
1
1
1
1
1
1
1
1
1
1
1
1
1
1
1
1
1
1
1
1
1
1
1
1
1
1
1
1
1
1
1
1
1
1
1
1
1
1
1
1
1
1
1
1
1
1
1
1
1
1
1
1
1
1
1
1
1
1
1
1
1
1
1
1
1
1
1
1
1
1
1
1
1
1
1
1
1
1
1
1
1
1
1
1
1
1
1
1
1
1
1
1
1
1
1
1
1
1
1
1
1
1
1
1
1
1
1
1
1
1
1
1
1
1
1
1
1
1
1
1
1
1
1
1
1
1
1
1
1
1
1
1
1
1
1
1
1
1
1
1
1
1
1
1
1
1
1
1
1
1
1
1
1
1
1
1
1
1
1
1
1
1
1
1
1
1
1
1
1
1
1
1
1
1
1
1
1
1
1
1
1
1
1
1
1
1
1
1
1
1
1
1
1
1
1
1
1
1
1
1
1
1
1
1
1
1
1
1
1
1
1
1
1
1
1
1
1
1
1
1
1
1
1
1
1
1
1
1
1
1
1
1
1
1
1
1
1
1
1
1
1
1
1
1
1
1
1
1
1
1
1
1
1
1
1
1
1
1
1
1
1
1
1
1
1
1
1
1
1
1
1
1
1
1
1
1
1
1
1
1
1
1
1
1
1
1
1
1
1
1
1
1
1
1
1
1
1
1
1
1
1
1
1
1
1
1
1
1
1
1
1
1
1
1
1
1
1
1
1
1
1
1
1
1
1
1
1
1
1
1
1
1
1
1
1
1
1
1
1
1
1
1
1
1
1
1
1
1
1
1
1
1
1
1
1
1
1
1
1
1
1
1
1
1
1
1
1
1
1
1
1
1
1
1
1
1
1
1
1
1
1
1
1
1
1
1
1
1
1
1
1
1
1
1
1
1
1
1
1
1
1
1
1
1
1
1
1
1
1
1
1
1
1
1
1
1
1
1
1
1
1
1
1
1
1
1
1
1
1
1
1
1
1
1
1
1
1
1
1
1
1
1
1
1
1
1
1
1
1
1
1
1
1
1
1
1
1
1
1
1
1
1
1
1
1
1
1
1
1
1
1
1
1
1
1
1
1
1
1
1
1
1
1
1
1
1
1
1
1
1
1
1
1
1
1
1
1
1
1
1
1
1
1
1
1
1
1
1
1
1
1
1
1
1
1
1
1
1
1
1
1
1
1
1
1
1
1
1
1
1
1
1
1
1
1
1
1
1
1
1
1
1
1
1
1
1
1
1
1
1
1
1
1
1
1
1
1
1
1
1
1
1
1
1
1
1
1
1
1
1
1
1
1
1
1
1
1
1
1
1
1
1
1
1
1
1
1
1
1
1
1
1
1
1
1
1
1
1
1
1
1
1
1
1
1
1
1
1
1
1
1
1
1
1
1
1
1
1
1
1
1
1
1
1
1
1
1
1
1
1
1
1
1
1
1
1
1
1
1
1
1
1
1
1
1
1
1
1
1
1
1
1
1
1
1
1
1
1
1
1
1
1
1
1
1
1
1
1
1
1
1
1
1
1
1
1
1
1
1
1
1
1
1
1
1
1
1
1
1
1
1
1
1
1
1
1
1
1
1
1
1
1
1
1
1
1
1
1
1
1
1
1
1
1
1
1
1
1
1
1
1
1
1
1
1
1
1
1
1
1
1
1
1
1
1
1
1
1
1
1
1
1
1
1
1
1
1
1
1
1
1
1
1
1
1
1
1
1
1
1
1
1
1
1
1
1
1
1
1
1
1
1
1
1
1
1
1
1
1
1
1
1
1
1
1
1
1
1
1
1
1
1
1
1
1
1
1
1
1
1
1
1
1
1
1
1
1
1
1
1
1
1
1
1
1
1
1
1
1
1
1
1
1
1
1
1
1
1
1
1
1
1
1
1
1
1
1
1
1
1
1
1
1
1
1
1
1
1
1
1
1
1
1
1
1
1
1
1
1
1
1
1
1
1
1
1
1
1
1
1
1
1
1
1
1
1
1
1
1
1
1
1
1
1
1
1
1
1
1
1
1
1
1
1
1
1
1
1
1
1
1
1
1
1
1
1
1
1
1
1
1
1
1
1
1
1
1
1
1
1
1
1
1
1
1
1
1
1
1
1
1
1
1
1
1
1
1
1
1
1
1
1
1
1
1
1
1
1
1
1
1
1
1
1
1
1
1
1
1
1
1
1
1
1
1
1
1
1
1
1
1
1
1
1
1
1
1
1
1
1
1
1
1
1
1
1
1
1
1
1
1
1
1
1
1
1
1
1
1
1
1
1
1
1
1
1
1
1
1
1
1
1
1
1
1
1
1
1
1
1
1
1
1
1
1
1
1
1
1
1
1
1
1
1
1
1
1
1
1
1
1
1
1
1
1
1
1
1
1
1
1
1
1
1
1
1
1
1
1
1
1
1
1
1
1
1
1
1
1
1
1
1
1
1
1
1
1
1
1
1
1
1
1
1
1
1
1
1
1
1
1
1
1
1
1
1
1
1
1
1
1
1
1
1
1
1
1
1
1
1
1
1
1
1
1
1
1
1
1
1
1
1
1
1
1
1
1
1
1
1
1
1
1
1
1
1
1
1
1
1
1
1
1
1
1
1
1
1
1
1
1
1
1
1
1
1
1
1
1
1
1
1
1
1
1
1
1
1
1
1
1
1
1
1
1
1
1
1
1
1
1
1
1
1
1
1
1
1
1
1
1
1
1
1
1
1
1
1
1
1
1
1
1
1
1
1
1
1
1
1
1
1
1
1
1
1
1
1
1
1
1
1
1
1
1
1
1
1
1
1
1
1
1
1
1
1
1
1
1
1
1
1
1
1
1
1
1
1
1
1
1
1
1
1
1
1
1
1
1
1
1
1
1
1
1
1
1
1
1
1
1
1
1
1
1
1
1
1
1
1
1
1
1
1
1
1
1
1
1
1
1
1
1
1
1
1
1
1
1
1
1
1
1
1
1
1
1
1
1
1
1
1
1
1
1
1
1
1
1
1
1
1
1
1
1
1
1
1
1
1
1
1
1
1
1
1
1
1
1
1
1
1
1
1
1
1
1
1
1
1
1
1
1
1
1
1
1
1
1
1
1
1
1
1
1
1
1
1
1
1
1
1
1
1
1
1
1
1
1
1
1
1
1
1
1
1
1
1
1
1
1
1
1
1
1
1
1
1
1
1
1
1
1
1
1
1
1
1
1
1
1
1
1
1
1
1
1
1
1
1
1
1
1
1
1
1
1
1
1
1
1
1
1
1
1
1
1
1
1
1
1
1
1
1
1
1
1
1
1
1
1
1
1
1
1
1
1
1
1
1
1
1
1
1
1
1
1
1
1
1
1
1
1
1
1
1
1
1
1
1
1
1
1
1
1
1
1
1
1
1
1
1
1
1
1
1
1
1
1
1
1
1
1
1
1
1
1
1
1
1
1
1
1
1
1
1
1
1
1
1
1
1
1
1
1
1
1
1
1
1
1
1
1
1
1
1
1
1
1
1
1
1
1
1
1
1
1
1
1
1
1
1
1
1
1
1
1
1
1
1
1
1
1
1
1
1
1
1
1
1
1
1
1
1
1
1
1
1
1
1
1
1
1
1
1
1
1
1
1
1
1
1
1
1
1
1
1
1
1
1
1
1
1
1
1
1
1
1
1
1
1
1
1
1
1
1
1
1
1
1
1
1
1
1
1
1
1
1
1
1
1
1
1
1
1
1
1
1
1
1
1
1
1
1
1
1
1
1
1
1
1
1
1
1
1
1
1
1
1
1
1
1
1
1
1
1
1
1
1
1
1
1
1
1
1
1
1
1
1
1
1
1
1
1
1
1
1
1
1
1
1
1
1
1
1
1
1
1
1
1
1
1
1
1
1
1
1
1
1
1
1
1
1
1
1
1
1
1
1
1
1
1
1
1
1
1
1
1
1
1
1
1
1
1
1
1
1
1
1
1
1
1
1
1
1
1
1
1
1
1
1
1
1
1
1
1
1
1
1
1
1
1
1
1
1
1
1
1
1
1
1
1
1
1
1
1
1
1
1
1
1
1
1
1
1
1
1
1
1
1
1
1
1
1
1
1
1
1
1
1
1
1
1
1
1
1
1
1
1
1
1
1
1
1
1
1
1
1
1
1
1
1
1
1
1
1
1
1
1
1
1
1
1
1
1
1
1
1
1
1
1
1
1
1
1
1
1
1
1
1
1
1
1
1
1
1
1
1
1
1
1
1
1
1
1
1
1
1
1
1
1
1
1
1
1
1
1
1
1
1
1
1
1
1
1
1
1
1
1
1
1
1
1
1
1
1
1
1
1
1
1
1
1
1
1
1
1
1
1
1
1
1
1
1
1
1
1
1
1
1
1
1
1
1
1
1
1
1
1
1
1
1
1
1
1
1
1
1
1
1
1
1
1
1
1
1
1
1
1
1
1
1
1
1
1
1
1
1
1
1
1
1
1
1
1
1
1
1
1
1
1
1
1
1
1
1
1
1
1
1
1
1
1
1
1
1
1
1
1
1
1
1
1
1
1
1
1
1
1
1
1
1
1
1
1
1
1
1
1
1
1
1
1
1
1
1
1
1
1
1
1
1
1
1
1
1
1
1
1
1
1
1
1
1
1
1
1
1
1
1
1
1
1
1
1
1
1
1
1
1
1
1
1
1
1
1
1
1
1
1
1
1
1
1
1
1
1
1
1
1
1
1
1
1
1
1
1
1
1
1
1
1
1
1
1
1
1
1
1
1
1
1
1
1
1
1
1
1
1
1
1
1
1
1
1
1
1
1
1
1
1
1
1
1
1
1
1
1
1
1
1
1
1
1
1
1
1
1
1
1
1
1
1
1
1
1
1
1
1
1
1
1
1
1
1
1
1
1
1
1
1
1
1
1
1
1
1
1
1
1
1
1
1
1
1
1
1
1
1
1
1
1
1
1
1
1
1
1
1
1
1
1
1
1
1
1
1
1
1
1
1
1
1
1
1
1
1
1
1
1
1
1
1
1
1
1
1
1
1
1
1
1
1
1
1
1
1
1
1
1
1
1
1
1
1
1
1
1
1
1
1
1
1
1
1
1
1
1
1
1
1
1
1
1
1
1
1
1
1
1
1
1
1
1
1
1
1
1
1
1
1
1
1
1
1
1
1
1
1
1
1
1
1
1
1
1
1
1
1
1
1
1
1
1
1
1
1
1
1
1
1
1
1
1
1
1
1
1
1
1
1
1
1
1
1
1
1
1
1
1
1
1
1
1
1
1
1
1
1
1
1
1
1
1
1
1
1
1
1
1
1
1
1
1
1
1
1
1
1
1
1
1
1
1
1
1
1
1
1
1
1
1
1
1
1
1
1
1
1
1
1
1
1
1
1
1
1
1
1
1
1
1
1
1
1
1
1
1
1
1
1
1
1
1
1
1
1
1
1
1
1
1
1
1
1
1
1
1
1
1
1
1
1
1
1
1
1
1
1
1
1
1
1
1
1
1
1
1
1
1
1
1
1
1
1
1
1
1
1
1
1
1
1
1
1
1
1
1
1
1
1
1
1
1
1
1
1
1
1
1
1
1
1
1
1
1
1
1
1
1
1
1
1
1
1
1
1
1
1
1
1
1
1
1
1
1
1
1
1
1
1
1
1
1
1
1
1
1
1
1
1
1
1
1
1
1
1
1
1
1
1
1
1
1
1
1
1
1
1
1
1
1
1
1
1
1
1
1
1
1
1
1
1
1
1
1
1
1
1
1
1
1
1
1
1
1
1
1
1
1
1
1
1
1
1
1
1
1
1
1
1
1
1
1
1
1
1
1
1
1
1
1
1
1
1
1
1
1
1
1
1
1
1
1
1
1
1
1
1
1
1
1
1
1
1
1
1
1
1
1
1
1
1
1
1
1
1
1
1
1
1
1
1
1
1
1
1
1
1
1
1
1
1
1
1
1
1
1
1
1
1
1
1
1
1
1
1
1
1
1
1
1
1
1
1
1
1
1
1
1
1
1
1
1
1
1
1
1
1
1
1
1
1
1
1
1
1
1
1
1
1
1
1
1
1
1
1
1
1
1
1
1
1
1
1
1
1
1
1
1
1
1
1
1
1
1
1
1
1
1
1
1
1
1
1
1
1
1
1
1
1
1
1
1
1
1
1
1
1
1
1
1
1
1
1
1
1
1
1
1
1
1
1
1
1
1
1
1
1
1
1
1
1
1
1
1
1
1
1
1
1
1
1
1
1
1
1
1
1
1
1
1
1
1
1
1
1
1
1
1
1
1
1
1
1
1
1
1
1
1
1
1
1
1
1
1
1
1
1
1
1
1
1
1
1
1
1
1
1
1
1
1
1
1
1
1
1
1
1
1
1
1
1
1
1
1
1
1
1
1
1
1
1
1
1
1
1
1
1
1
1
1
1
1
1
1
1
1
1
1
1
1
1
1
1
1
1
1
1
1
1
1
1
1
1
1
1
1
1
1
1
1
1
1
1
1
1
1
1
1
1
1
1
1
1
1
1
1
1
1
1
1
1
1
1
1
1
1
1
1
1
1
1
1
1
1
1
1
1
1
1
1
1
1
1
1
1
1
1
1
1
1
1
1
1
1
1
1
1
1
1
1
1
1
1
1
1
1
1
1
1
1
1
1
1
1
1
1
1
1
1
1
1
1
1
1
1
1
1
1
1
1
1
1
1
1
1
1
1
1
1
1
1
1
1
1
1
1
1
1
1
1
1
1
1
1
1
1
1
1
1
1
1
1
1
1
1
1
1
1
1
1
1
1
1
1
1
1
1
1
1
1
1
1
1
1
1
1
1
1
1
1
1
1
1
1
1
1
1
1
1
1
1
1
1
1
1
1
1
1
1
1
1
1
1
1
1
1
1
1
1
1
1
1
1
1
1
1
1
1
1
1
1
1
1
1
1
1
1
1
1
1
1
1
1
1
1
1
1
1
1
1
1
1
1
1
1
1
1
1
1
1
1
1
1
1
1
1
1
1
1
1
1
1
1
1
1
1
1
1
1
1
1
1
1
1
1
1
1
1
1
1
1
1
1
1
1
1
1
1
1
1
1
1
1
1
1
1
1
1
1
1
1
1
1
1
1
1
1
1
1
1
1
1
1
1
1
1
1
1
1
1
1
1
1
1
1
1
1
1
1
1
1
1
1
1
1
1
1
1
1
1
1
1
1
1
1
1
1
1
1
1
1
1
1
1
1
1
1
1
1
1
1
1
1
1
1
1
1
1
1
1
1
1
1
1
1
1
1
1
1
1
1
1
1
1
1
1
1
1
1
1
1
1
1
1
1
1
1
1
1
1
1
1
1
1
1
1
1
1
1
1
1
1
1
1
1
1
1
1
1
1
1
1
1
1
1
1
1
1
1
1
1
1
1
1
1
1
1
1
1
1
1
1
1
1
1
1
1
1
1
1
1
1
1
1
1
1
1
1
1
1
1
1
1
1
1
1
1
1
1
1
1
1
1
1
1
1
1
1
1
1
1
1
1
1
1
1
1
1
1
1
1
1
1
1
1
1
1
1
1
1
1
1
1
1
1
1
1
1
1
1
1
1
1
1
1
1
1
1
1
1
1
1
1
1
1
1
1
1
1
1
1
1
1
1
1
1
1
1
1
1
1
1
1
1
1
1
1
1
1
1
1
1
1
1
1
1
1
1
1
1
1
1
1
1
1
1
1
1
1
1
1
1
1
1
1
1
1
1
1
1
1
1
1
1
1
1
1
1
1
1
1
1
1
1
1
1
1
1
1
1
1
1
1
1
1
1
1
1
1
1
1
1
1
1
1
1
1
1
1
1
1
1
1
1
1
1
1
1
1
1
1
1
1
1
1
1
1
1
1
1
1
1
1
1
1
1
1
1
1
1
1
1
1
1
1
1
1
1
1
1
1
1
1
1
1
1
1
1
1
1
1
1
1
1
1
1
1
1
1
1
1
1
1
1
1
1
1
1
1
1
1
1
1
1
1
1
1
1
1
1
1
1
1
1
1
1
1
1
1
1
1
1
1
1
1
1
1
1
1
1
1
1
1
1
1
1
1
1
1
1
1
1
1
1
1
1
1
1
1
1
1
1
1
1
1
1
1
1
1
1
1
1
1
1
1
1
1
1
1
1
1
1
1
1
1
1
1
1
1
1
1
1
1
1
1
1
1
1
1
1
1
1
1
1
1
1
1
1
1
1
1
1
1
1
1
1
1
1
1
1
1
1
1
1
1
1
1
1
1
1
1
1
1
1
1
1
1
1
1
1
1
1
1
1
1
1
1
1
1
1
1
1
1
1
1
1
1
1
1
1
1
1
1
1
1
1
1
1
1
1
1
1
1
1
1
1
1
1
1
1
1
1
1
1
1
1
1
1
1
1
1
1
1
1
1
1
1
1
1
1
1
1
1
1
1
1
1
1
1
1
1
1
1
1
1
1
1
1
1
1
1
1
1
1
1
1
1
1
1
1
1
1
1
1
1
1
1
1
1
1
1
1
1
1
1
1
1
1
1
1
1
1
1
1
1
1
1
1
1
1
1
1
1
1
1
1
1
1
1
1
1
1
1
1
1
1
1
1
1
1
1
1
1
1
1
1
1
1
1
1
1
1
1
1
1
1
1
1
1
1
1
1
1
1
1
1
1
1
1
1
1
1
1
1
1
1
1
1
1
1
1
1
1
1
1
1
1
1
1
1
1
1
1
1
1
1
1
1
1
1
1
1
1
1
1
1
1
1
1
1
1
1
1
1
1
1
1
1
1
1
1
1
1
1
1
1
1
1
1
1
1
1
1
1
1
1
1
1
1
1
1
1
1
1
1
1
1
1
1
1
1
1
1
1
1
1
1
1
1
1
1
1
1
1
1
1
1
1
1
1
1
1
1
1
1
1
1
1
1
1
1
1
1
1
1
1
1
1
1
1
1
1
1
1
1
1
1
1
1
1
1
1
1
1
1
1
1
1
1
1
1
1
1
1
1
1
1
1
1
1
1
1
1
1
1
1
1
1
1
1
1
1
1
1
1
1
1
1
1
1
1
1
1
1
1
1
1
1
1
1
1
1
1
1
1
1
1
1
1
1
1
1
1
1
1
1
1
1
1
1
1
1
1
1
1
1
1
1
1
1
1
1
1
1
1
1
1
1
1
1
1
1
1
1
1
1
1
1
1
1
1
1
1
1
1
1
1
1
1
1
1
1
1
1
1
1
1
1
1
1
1
1
1
1
1
1
1
1
1
1
1
1
1
1
1
1
1
1
1
1
1
1
1
1
1
1
1
1
1
1
1
1
1
1
1
1
1
1
1
1
1
1
1
1
1
1
1
1
1
1
1
1
1
1
1
1
1
1
1
1
1
1
1
1
1
1
1
1
1
1
1
1
1
1
1
1
1
1
1
1
1
1
1
1
1
1
1
1
1
1
1
1
1
1
1
1
1
1
1
1
1
1
1
1
1
1
1
1
1
1
1
1
1
1
1
1
1
1
1
1
1
1
1
1
1
1
1
1
1
1
1
1
1
1
1
1
1
1
1
1
1
1
1
1
1
1
1
1
