# vtk DataFile Version 2.0
mesh, Created by Gmsh 4.15.2 
ASCII
DATASET UNSTRUCTURED_GRID
POINTS 1902 double
-5.91073488120188e-17 4.998277129465497e-06 0
1.12e-05 0 0
0 6e-05 0
3e-05 6e-05 0
2.999999999994089e-05 4.998277129465496e-06 0
1.88e-05 0 0
1.486140001796086e-07 4.997543229652936e-06 0
2.972135039159963e-07 4.995341601802094e-06 0
4.457840160617353e-07 4.991672460670015e-06 0
5.943110443565015e-07 4.986536164161828e-06 0
7.427801007815882e-07 4.979933213295839e-06 0
8.911767029731356e-07 4.971864252154653e-06 0
1.039486375634807e-06 4.962330067822357e-06 0
1.187694651949764e-06 4.951331590307731e-06 0
1.335787074991881e-06 4.938869892453545e-06 0
1.483749199135859e-06 4.924946189831898e-06 0
1.631566591466378e-06 4.909561840625647e-06 0
1.77922483318593e-06 4.892718345495932e-06 0
1.9267095210213e-06 4.874417347435783e-06 0
2.074006268628531e-06 4.854660631609863e-06 0
2.221100707996228e-06 4.83345012518033e-06 0
2.367978490847086e-06 4.810787897118855e-06 0
2.514625290037488e-06 4.786676158004803e-06 0
2.66102680095504e-06 4.761117259809609e-06 0
2.807168742913907e-06 4.734113695667343e-06 0
2.953036860547823e-06 4.705668099631533e-06 0
3.09861692520062e-06 4.675783246418214e-06 0
3.243894736314152e-06 4.644462051135285e-06 0
3.388856122813527e-06 4.611707568998132e-06 0
3.533486944489348e-06 4.577522995031631e-06 0
3.677773093377064e-06 4.541911663758482e-06 0
3.821700495133116e-06 4.504877048873939e-06 0
3.965255110407811e-06 4.466422762906979e-06 0
4.108422936214785e-06 4.426552556867908e-06 0
4.251190007296929e-06 4.385270319882487e-06 0
4.39354239748861e-06 4.342580078812545e-06 0
4.535466221074106e-06 4.298485997863201e-06 0
4.676947634142079e-06 4.252992378176658e-06 0
4.817972835935976e-06 4.20610365741265e-06 0
4.958528070200216e-06 4.157824409315577e-06 0
5.098599626522044e-06 4.108159343268351e-06 0
5.238173841668906e-06 4.057113303833035e-06 0
5.37723710092121e-06 4.00469127027827e-06 0
5.515775839400422e-06 3.95089835609357e-06 0
5.653776543392176e-06 3.895739808490548e-06 0
5.791225751664503e-06 3.839221007891058e-06 0
5.928110056780903e-06 3.781347467402381e-06 0
6.064416106408162e-06 3.722124832279438e-06 0
6.200130604618801e-06 3.661558879374121e-06 0
6.335240313188023e-06 3.599655516571812e-06 0
6.469732052885033e-06 3.536420782215084e-06 0
6.603592704758602e-06 3.471860844514702e-06 0
6.736809211416747e-06 3.405982000947933e-06 0
6.869368578300413e-06 3.338790677644281e-06 0
7.00125787495102e-06 3.270293428758634e-06 0
7.132464236271766e-06 3.200496935831955e-06 0
7.262974863782541e-06 3.129408007139518e-06 0
7.392777026868355e-06 3.057033577026819e-06 0
7.52185806402113e-06 2.983380705233153e-06 0
7.650205384074807e-06 2.908456576202957e-06 0
7.777806467433477e-06 2.832268498385047e-06 0
7.904648867292652e-06 2.75482390351969e-06 0
8.030720210853367e-06 2.676130345913677e-06 0
8.15600820052908e-06 2.596195501703456e-06 0
8.280500615145247e-06 2.515027168106349e-06 0
8.404185311131411e-06 2.432633262659985e-06 0
8.527050223705767e-06 2.349021822449986e-06 0
8.649083368051999e-06 2.264201003325991e-06 0
8.770272840488349e-06 2.178179079106092e-06 0
8.890606819628735e-06 2.090964440769773e-06 0
9.010073567535896e-06 2.002565595639414e-06 0
9.128661430866327e-06 1.912991166550452e-06 0
9.246358842007057e-06 1.822249891010242e-06 0
9.363154320203939e-06 1.730350620345803e-06 0
9.479036472681582e-06 1.637302318840389e-06 0
9.593993995754644e-06 1.543114062859076e-06 0
9.708015675930439e-06 1.447795039963419e-06 0
9.821090391002769e-06 1.351354548015244e-06 0
9.933207111136819e-06 1.253801994269702e-06 0
1.004435489994506e-05 1.155146894457637e-06 0
1.015452291555407e-05 1.055398871857351e-06 0
1.026370041166205e-05 9.545676563559636e-07 0
1.037187673858708e-05 8.526630835002622e-07 0
1.047904134430597e-05 7.496950935373167e-07 0
1.058518377548352e-05 6.456737304448581e-07 0
1.069029367849221e-05 5.406091409515467e-07 0
1.079436080042211e-05 4.345115735472123e-07 0
1.089737499008107e-05 3.273913774831315e-07 0
1.099932619898477e-05 2.192590017626121e-07 0
1.110020448233709e-05 1.101249941216194e-07 0
0 5.604231483649441e-05 0
0 5.208462967298881e-05 0
0 4.812694450948323e-05 0
0 4.416925934597764e-05 0
0 4.021157418247205e-05 0
0 3.625388901896647e-05 0
0 3.229620385546088e-05 0
0 2.833851869195529e-05 0
0 2.438083352844968e-05 0
0 2.042314836494406e-05 0
0 1.647288678356742e-05 0
0 1.319789622109801e-05 0
0 1.086323311318043e-05 0
0 9.198206861192132e-06 0
0 8.010749668839606e-06 0
0 7.163883286854329e-06 0
0 6.559918307473631e-06 0
0 6.129184767258597e-06 0
0 5.821995853970756e-06 0
0 5.602916010599164e-06 0
0 5.443516710359878e-06 0
0 5.295103516728415e-06 0
0 5.146690323096959e-06 0
2.625000000000001e-05 6e-05 0
2.250000000000002e-05 6e-05 0
1.875000000000002e-05 6e-05 0
1.500000000000001e-05 6e-05 0
1.125000000000001e-05 6e-05 0
7.500000000000006e-06 6e-05 0
3.750000000000003e-06 6e-05 0
3e-05 5.146690323096585e-06 0
3e-05 5.295103516727675e-06 0
3e-05 5.443516710358765e-06 0
3e-05 5.602916010599523e-06 0
3e-05 5.821995853974291e-06 0
3e-05 6.129184767266361e-06 0
3e-05 6.55991830748697e-06 0
3e-05 7.163883286874976e-06 0
3e-05 8.01074966886984e-06 0
3e-05 9.198206861234814e-06 0
3e-05 1.086323311323933e-05 0
3e-05 1.319789622117751e-05 0
3e-05 1.64728867836723e-05 0
3e-05 2.04231483650429e-05 0
3e-05 2.438083352853861e-05 0
3e-05 2.833851869203432e-05 0
3e-05 3.229620385553004e-05 0
3e-05 3.625388901902575e-05 0
3e-05 4.021157418252145e-05 0
3e-05 4.416925934601717e-05 0
3e-05 4.812694450951287e-05 0
3e-05 5.208462967300859e-05 0
3e-05 5.604231483650429e-05 0
1.889979551766197e-05 1.101249941205894e-07 0
1.900067380101332e-05 2.192590017605708e-07 0
1.910262500991606e-05 3.27391377480111e-07 0
1.9205639199574e-05 4.345115735432143e-07 0
1.930970632150289e-05 5.406091409466034e-07 0
1.941481622451055e-05 6.456737304389865e-07 0
1.952095865568704e-05 7.496950935305371e-07 0
1.962812326140486e-05 8.526630834925898e-07 0
1.97362995883288e-05 9.545676563474221e-07 0
1.984547708443566e-05 1.055398871847963e-06 0
1.995564510004354e-05 1.155146894447417e-06 0
2.006679288885065e-05 1.253801994258686e-06 0
2.017890960898354e-05 1.351354548003447e-06 0
2.029198432405469e-05 1.447795039950861e-06 0
2.040600600422928e-05 1.543114062845771e-06 0
2.052096352730113e-05 1.637302318826365e-06 0
2.063684567977755e-05 1.730350620331087e-06 0
2.075364115797319e-05 1.822249890994857e-06 0
2.087133856911266e-05 1.912991166534418e-06 0
2.098992643244183e-05 2.002565595622763e-06 0
2.11093931803477e-05 2.090964440752514e-06 0
2.122972715948679e-05 2.178179079088257e-06 0
2.135091663192182e-05 2.264201003307603e-06 0
2.147294977626674e-05 2.349021822431072e-06 0
2.159581468883975e-05 2.432633262640566e-06 0
2.171949938482456e-05 2.515027168086442e-06 0
2.184399179943936e-05 2.596195501683097e-06 0
2.19692797891137e-05 2.676130345892889e-06 0
2.209535113267302e-05 2.754823903498497e-06 0
2.22221935325308e-05 2.832268498363477e-06 0
2.234979461588806e-05 2.908456576181034e-06 0
2.247814193594031e-05 2.983380705210893e-06 0
2.260722297309167e-05 3.057033577004266e-06 0
2.273702513617604e-05 3.129408007116692e-06 0
2.286753576368537e-05 3.200496935808878e-06 0
2.299874212500466e-05 3.270293428735337e-06 0
2.313063142165379e-05 3.338790677620783e-06 0
2.326319078853599e-05 3.405982000924265e-06 0
2.339640729519265e-05 3.471860844490892e-06 0
2.353026794706473e-05 3.536420782191161e-06 0
2.366475968676025e-05 3.599655516547799e-06 0
2.379986939532796e-05 3.66155887935004e-06 0
2.393558389353709e-05 3.722124832255324e-06 0
2.407188994316283e-05 3.781347467378263e-06 0
2.420877424827771e-05 3.839221007866962e-06 0
2.434622345654852e-05 3.895739808466499e-06 0
2.448422416053874e-05 3.950898356069601e-06 0
2.462276289901641e-05 4.004691270254401e-06 0
2.476182615826719e-05 4.057113303809305e-06 0
2.490140037341251e-05 4.108159343244783e-06 0
2.50414719297328e-05 4.157824409292197e-06 0
2.51820271639955e-05 4.206103657389487e-06 0
2.532305236578783e-05 4.252992378153737e-06 0
2.546453377885426e-05 4.298485997840555e-06 0
2.560645760243821e-05 4.342580078790202e-06 0
2.574880999262834e-05 4.385270319860474e-06 0
2.589157706370893e-05 4.426552556846256e-06 0
2.603474488951434e-05 4.46642276288571e-06 0
2.617829950478749e-05 4.504877048853088e-06 0
2.632222690654199e-05 4.541911663738075e-06 0
2.646651305542816e-05 4.577522995011699e-06 0
2.661114387710243e-05 4.611707568978703e-06 0
2.675610526360024e-05 4.644462051116386e-06 0
2.690138307471225e-05 4.675783246399877e-06 0
2.704696313936351e-05 4.705668099613784e-06 0
2.719283125699588e-05 4.734113695650212e-06 0
2.733897319895322e-05 4.761117259793124e-06 0
2.748537470986924e-05 4.786676157988994e-06 0
2.763202150905811e-05 4.810787897103744e-06 0
2.777889929190745e-05 4.833450125165952e-06 0
2.792599373127363e-05 4.854660631596246e-06 0
2.807329047887935e-05 4.874417347422954e-06 0
2.822077516671322e-05 4.892718345483921e-06 0
2.836843340843128e-05 4.909561840614483e-06 0
2.851625080076031e-05 4.924946189821607e-06 0
2.866421292490279e-05 4.938869892444157e-06 0
2.881230534794343e-05 4.951331590299273e-06 0
2.896051362425694e-05 4.962330067814859e-06 0
2.910882329691716e-05 4.971864252148143e-06 0
2.925721989910725e-05 4.979933213290343e-06 0
2.94056889555309e-05 4.986536164157376e-06 0
2.955421598382424e-05 4.991672460666634e-06 0
2.970278649596855e-05 4.995341601799812e-06 0
2.985138599970353e-05 4.997543229651779e-06 0
1.134901960784314e-05 0 0
1.149803921568627e-05 0 0
1.164705882352941e-05 0 0
1.179607843137255e-05 0 0
1.194509803921568e-05 0 0
1.209411764705882e-05 0 0
1.224313725490196e-05 0 0
1.239215686274509e-05 0 0
1.254117647058823e-05 0 0
1.269019607843137e-05 0 0
1.283921568627451e-05 0 0
1.298823529411764e-05 0 0
1.313725490196078e-05 0 0
1.328627450980392e-05 0 0
1.343529411764705e-05 0 0
1.358431372549019e-05 0 0
1.373333333333333e-05 0 0
1.388235294117646e-05 0 0
1.40313725490196e-05 0 0
1.418039215686274e-05 0 0
1.432941176470588e-05 0 0
1.447843137254901e-05 0 0
1.462745098039215e-05 0 0
1.477647058823529e-05 0 0
1.492549019607842e-05 0 0
1.507450980392156e-05 0 0
1.52235294117647e-05 0 0
1.537254901960783e-05 0 0
1.552156862745097e-05 0 0
1.567058823529411e-05 0 0
1.581960784313724e-05 0 0
1.596862745098038e-05 0 0
1.611764705882352e-05 0 0
1.626666666666666e-05 0 0
1.641568627450979e-05 0 0
1.656470588235293e-05 0 0
1.671372549019607e-05 0 0
1.686274509803921e-05 0 0
1.701176470588235e-05 0 0
1.716078431372549e-05 0 0
1.730980392156862e-05 0 0
1.745882352941176e-05 0 0
1.76078431372549e-05 0 0
1.775686274509804e-05 0 0
1.790588235294118e-05 0 0
1.805490196078431e-05 0 0
1.820392156862745e-05 0 0
1.835294117647059e-05 0 0
1.850196078431373e-05 0 0
1.865098039215686e-05 0 0
7.651226916412503e-06 3.057306042147846e-06 0
2.236234401018462e-05 3.054800420961324e-06 0
8.784175275927022e-06 2.326143203017154e-06 0
2.121582472404793e-05 2.326143202997903e-06 0
1.499950394503672e-05 1.313091553616426e-07 0
6.600657926480426e-06 3.606046379009292e-06 0
2.340528932947676e-05 3.623152124629529e-06 0
9.733553531134089e-06 1.594200223025671e-06 0
2.02670237164458e-05 1.595954355159489e-06 0
5.646433417706232e-06 4.030897708493791e-06 0
4.64616548141676e-06 4.399678033693369e-06 0
2.43674551050835e-05 4.042831197663716e-06 0
2.535439444196215e-05 4.398265685875984e-06 0
1.365897669036892e-05 1.292845854778215e-07 0
1.634117647058823e-05 1.290547660541506e-07 0
3.781809711564486e-06 4.648039142537637e-06 0
2.620236844006434e-05 4.654365570034147e-06 0
1.737778120896511e-05 1.32110234194658e-07 0
1.262332635427548e-05 1.359568598202205e-07 0
1.039922073186808e-05 9.979631555927374e-07 0
1.959402064773891e-05 9.977395993756845e-07 0
3.052143594055653e-06 4.817005549113128e-06 0
2.316127791958733e-06 4.951621290832058e-06 0
2.695116010081471e-05 4.819026422529548e-06 0
2.769511405415406e-05 4.951631367086068e-06 0
1.083416017896807e-05 5.751035237549715e-07 0
8.28854824671511e-06 2.663424928540961e-06 0
1.719982606997022e-06 5.029015881468062e-06 0
7.135553541291178e-06 3.339975251786663e-06 0
9.266539298919897e-06 1.969558623810872e-06 0
2.073390561375386e-05 1.969549476771078e-06 0
2.287286857139025e-05 3.349432307301381e-06 0
2.183200304661788e-05 2.74196815673162e-06 0
1.917042881413338e-05 5.788872316575987e-07 0
2.826514323685449e-05 5.060166412539787e-06 0
1.574509803921567e-05 1.290547660541506e-07 0
1.798083531574465e-05 1.248368045315252e-07 0
1.201945468218014e-05 1.292845854778622e-07 0
1.425490196078435e-05 1.251130009162817e-07 0
2.757094870748622e-05 1.483539150242491e-05 0
2.409220925372877e-06 1.468534983000105e-05 0
2.887688452516874e-05 5.085182961395664e-06 0
1.12311547472288e-06 5.0851829614049e-06 0
1.007000367339099e-05 1.288090482284512e-06 0
1.992585537493458e-05 1.301170029592378e-06 0
2.876483843665074e-05 1.003071998723707e-05 0
8.919411466660888e-07 9.918386439897171e-06 0
1.693725490196078e-05 1.29054766054154e-07 0
1.306621355363292e-05 1.332978695694305e-07 0
1.157254901960784e-05 1.290547660541506e-07 0
1.842978175953736e-05 1.331746292543589e-07 0
2.937177159221764e-05 7.587316477872412e-06 0
6.236896331726139e-07 7.498983728777977e-06 0
2.932341548755798e-05 5.107359148573424e-06 0
6.740163103974117e-07 5.105545276600764e-06 0
2.847900623269191e-07 6.300359970639065e-06 0
2.960949488088141e-05 6.311394790395278e-06 0
2.663377589545305e-05 4.229078238154399e-05 0
2.665181400252018e-05 3.036326582133054e-05 0
1.34439787604991e-05 5.639289544205556e-05 0
2.984550480688541e-05 5.695632208211043e-06 0
1.469064794047968e-07 5.686742355089695e-06 0
3.436840990159896e-06 2.636534981499332e-05 0
3.42440669450354e-06 3.828040463654501e-05 0
1.421826417248996e-06 5.060046999449308e-06 0
9.497255288566178e-06 1.785537147821198e-06 0
1.104738275767407e-05 3.626118912351844e-07 0
1.061933223298383e-05 7.905172339287399e-07 0
9.025342667281071e-06 2.146465349121236e-06 0
2.757875214911005e-06 4.874389358907872e-06 0
8.552263916734633e-06 2.503784608882652e-06 0
3.344741643182447e-06 4.753625053342967e-06 0
2.017662322912929e-06 4.992437867834045e-06 0
2.049832241065725e-05 1.78418335746852e-06 0
1.937765683437852e-05 7.899666101372539e-07 0
1.896309850220694e-05 3.669559761056017e-07 0
2.665638151952712e-05 4.750169198848268e-06 0
2.739003929928087e-05 4.900684136496756e-06 0
2.096920267717718e-05 2.167038084617807e-06 0
2.145434967046738e-05 2.480934877482967e-06 0
2.796686596940139e-05 4.973127836090707e-06 0
2.858589350906653e-05 5.074066335924715e-06 0
1.768235294117649e-05 1.268558553591259e-07 0
1.231804555666516e-05 1.292133107149794e-07 0
1.544731313553498e-05 1.213540919370402e-07 0
1.336078431372544e-05 1.291967359156461e-07 0
1.455294117647058e-05 1.290547660541506e-07 0
1.60480906372311e-05 1.2722262900453e-07 0
1.395686274509803e-05 1.290547660541506e-07 0
1.664182473028176e-05 1.229021590048154e-07 0
2.657575861358566e-05 2.240199094679075e-05 0
3.411050433908409e-06 4.622399069740301e-05 0
2.962128948555807e-05 5.124301651928588e-06 0
3.799345648296103e-07 5.12527796095279e-06 0
2.063893723681459e-05 5.665343650835029e-05 0
2.987763108816079e-05 5.377415041675808e-06 0
1.219160513968632e-07 5.376505120091696e-06 0
2.661604079807391e-05 5.02697853768687e-05 0
3.089354363632441e-06 5.411064469230688e-05 0
1.874673516764376e-05 1.359248624978805e-07 0
1.126506646950883e-05 1.308272913027208e-07 0
1.11666371528217e-05 2.486754570627542e-07 0
1.119725286793844e-05 3.97899291794135e-07 0
1.108338868561576e-05 5.076264828599334e-07 0
1.122746075540495e-05 5.489091508359126e-07 0
1.111879573896732e-05 6.533378441721618e-07 0
1.126283899859793e-05 6.952789085937397e-07 0
1.114690585512265e-05 8.077863496738499e-07 0
1.128211557392996e-05 8.48760807369818e-07 0
1.118392033642803e-05 9.765005258466831e-07 0
1.137690707940563e-05 1.021197731062446e-06 0
1.118516550703947e-05 1.20976066692224e-06 0
1.150312792301498e-05 1.273408820147263e-06 0
1.127251274034115e-05 1.540657718932925e-06 0
1.168578115072124e-05 1.642337295807477e-06 0
1.128150337327095e-05 1.999194866351116e-06 0
1.190329591619144e-05 2.1286231734953e-06 0
1.147261161091218e-05 2.622644064660958e-06 0
1.223516130619487e-05 2.793018069486135e-06 0
1.147234591723082e-05 3.457588364531806e-06 0
1.252974990074628e-05 3.661352515508352e-06 0
1.171119385870425e-05 4.552655420473814e-06 0
1.301523168954015e-05 4.865914957253762e-06 0
1.173075507621534e-05 6.115654445592508e-06 0
1.365095449257133e-05 6.453472639806637e-06 0
1.146251648492324e-05 7.244167325253954e-07 0
1.246828461793596e-05 8.307014904889216e-06 0
1.008866007481574e-05 7.61782260611532e-06 0
1.189140363153165e-05 1.206965851601316e-06 0
1.504136986787164e-05 8.553455510869151e-06 0
1.270166685382423e-05 1.082377305696714e-05 0
1.315872469776003e-05 2.824738481434284e-06 0
1.06554885584073e-05 4.138848168382211e-06 0
1.083468666730455e-05 2.370897081497813e-06 0
1.662279362308889e-05 6.59194239924991e-06 0
1.79216511925015e-05 8.893435598252362e-06 0
2.01186661888932e-05 7.575205854797571e-06 0
1.096823979810543e-05 1.373489634833389e-06 0
1.862102019054277e-05 5.007513631517243e-06 0
1.134191181555615e-05 4.43630212731724e-07 0
2.059466795792709e-05 9.619709496266992e-06 0
1.899500909558279e-05 1.218978322995654e-05 0
2.168564370304335e-05 8.248312996927567e-06 0
2.280556432872035e-05 9.544572668603234e-06 0
2.402819720382634e-05 8.34791581676353e-06 0
2.118338184379589e-05 5.653374817006647e-06 0
2.355933090753251e-05 6.389887120163769e-06 0
1.102219287411829e-05 9.079286867055974e-07 0
2.496310143920348e-05 9.899840911250136e-06 0
2.615926194996788e-05 8.652646709709426e-06 0
2.384273530311494e-05 1.178180494575848e-05 0
2.526655912211154e-05 6.925219935746511e-06 0
1.162771862830124e-05 9.59915585229241e-07 0
1.205549739473289e-05 9.468119486038148e-07 0
1.229206467603798e-05 1.139434008823221e-06 0
1.241932916079594e-05 8.954221368633449e-07 0
1.264881090119885e-05 1.056348343389149e-06 0
1.277174847338064e-05 8.157580145304114e-07 0
1.297386744748384e-05 9.704030596390493e-07 0
1.308534452635099e-05 7.551155909753989e-07 0
1.326844245124565e-05 8.887692065855786e-07 0
1.336650161077383e-05 6.945892863664557e-07 0
1.354050916417922e-05 8.109532351309736e-07 0
1.349777727673074e-05 1.148249788831993e-06 0
1.383456082589485e-05 1.005109252594291e-06 0
1.29654100780252e-05 1.463718443577219e-06 0
1.361866596730799e-05 6.179620806778444e-07 0
1.289678472645703e-05 5.284458305741413e-07 0
1.218422390438465e-05 6.284648024831213e-07 0
1.16991190439978e-05 7.133336355436052e-07 0
1.374489230900109e-05 1.436181802016534e-06 0
1.416663186833883e-05 1.322805370093097e-06 0
1.418347588039402e-05 9.048812266189048e-07 0
1.450759132923933e-05 1.097475827408511e-06 0
1.450961149733346e-05 1.60265823802222e-06 0
1.495851326221513e-05 1.381673290345601e-06 0
1.494238647027917e-05 1.947036421481232e-06 0
1.541982099964968e-05 1.633718760713578e-06 0
1.544213454666665e-05 2.366057855722526e-06 0
1.602387609631186e-05 2.072967423403688e-06 0
1.607271092144762e-05 2.834507682616575e-06 0
1.678445103908392e-05 2.35975239896051e-06 0
1.688077164869571e-05 1.606750118380243e-06 0
1.746474152770195e-05 1.900227120222418e-06 0
1.756684218019061e-05 1.407754795127101e-06 0
1.804898163734645e-05 1.491505901471644e-06 0
1.805289115282049e-05 1.072888949319797e-06 0
1.861297439561804e-05 1.365889804753602e-06 0
1.856028502163841e-05 1.830907021407188e-06 0
1.890713570774384e-05 1.576370867790298e-06 0
1.900029069625418e-05 1.953136859184067e-06 0
1.863227185391567e-05 2.324700514950999e-06 0
1.906939459719778e-05 2.500166802051666e-06 0
1.843449045356799e-05 8.88614125530776e-07 0
1.932466172251129e-05 1.750620193704984e-06 0
1.548963191055045e-05 1.134219030607155e-06 0
1.461861814130233e-05 7.52128807642455e-07 0
1.709017614371373e-05 9.333797193533077e-07 0
1.763940906355446e-05 8.430526632028478e-07 0
1.518497798945955e-05 3.290125079633263e-06 0
1.923480254680723e-05 1.386123560682688e-06 0
1.430878483871005e-05 6.066617423561536e-07 0
1.315341204837117e-05 4.82207212255824e-07 0
1.870929764235016e-05 3.006170116106672e-06 0
1.933688987387458e-05 3.062802567567453e-06 0
1.974590962111682e-05 2.791019414380274e-06 0
1.993897447272365e-05 3.175926739880012e-06 0
2.028514683267654e-05 2.932663762670345e-06 0
2.045034077019291e-05 3.25445869752703e-06 0
2.074352476363695e-05 3.005361317437466e-06 0
2.087587861820031e-05 3.362548208860644e-06 0
2.060137790824844e-05 3.771223766651064e-06 0
2.10471406446747e-05 3.84745967552627e-06 0
2.113403311135835e-05 3.102547094494553e-06 0
2.018734339046127e-05 2.436069581937063e-06 0
2.062304039033198e-05 2.618624296615944e-06 0
2.101206759302439e-05 2.7660599989876e-06 0
1.345145805446345e-05 4.695218344561989e-07 0
1.886162980963265e-05 1.122126432671496e-06 0
1.696570269294733e-05 3.496367154167873e-06 0
1.255061668534206e-05 5.714080011444478e-07 0
2.077536499697307e-05 4.307513931344389e-06 0
2.138481968343478e-05 4.299922425378692e-06 0
2.171103608659275e-05 3.910881706141825e-06 0
2.194124850431919e-05 4.297649283137525e-06 0
2.218576654854493e-05 4.037742510120997e-06 0
2.240240260524602e-05 4.303120205768827e-06 0
2.26073860204034e-05 4.082970757266404e-06 0
2.275129495408703e-05 4.348347736563505e-06 0
2.380430239240336e-05 3.819442463054194e-06 0
2.262429734531192e-05 4.751724761771684e-06 0
2.303602362514657e-05 4.63525722671288e-06 0
2.320399181831912e-05 4.391561191506811e-06 0
2.342973738685983e-05 4.595804312974519e-06 0
2.246042324512207e-05 3.721914550955136e-06 0
2.262047136660812e-05 3.205974335245505e-06 0
2.358965657983754e-05 4.377230304491975e-06 0
2.33117365740629e-05 5.026622609437587e-06 0
2.376989748140015e-05 4.92541643795912e-06 0
2.478763597444735e-05 4.203892175273807e-06 0
2.20310070889208e-05 3.570695127894734e-06 0
1.621860404212241e-05 1.220347460903855e-06 0
2.363490010655003e-05 5.38685471391711e-06 0
2.411176424926244e-05 5.247019030762174e-06 0
2.421573476830697e-05 4.77348197254827e-06 0
2.451647853734898e-05 5.129097721867647e-06 0
2.458396215240293e-05 4.743578690997928e-06 0
2.445167744576556e-05 5.564983053608724e-06 0
2.484358822272522e-05 5.281221794496302e-06 0
2.580042882450553e-05 4.541307329050127e-06 0
2.38900502476068e-05 4.574790047418258e-06 0
2.409021213945013e-05 3.928829523231487e-06 0
2.489517808043512e-05 5.780908187126972e-06 0
2.537138608239329e-05 5.552443932482863e-06 0
2.533336768364587e-05 5.17308664811257e-06 0
2.569094153299506e-05 5.413028525056741e-06 0
2.567676400175872e-05 5.093404281267209e-06 0
2.570086887245925e-05 5.831134398226264e-06 0
2.600217511889389e-05 5.538637871750069e-06 0
2.61354311200385e-05 5.930229504514113e-06 0
2.659190803693977e-05 5.86574618116942e-06 0
2.648547166000387e-05 6.294162991602787e-06 0
2.699018486570393e-05 6.054089060328733e-06 0
2.699042583308516e-05 6.562412520989328e-06 0
2.743131843872915e-05 6.338111993158585e-06 0
2.750438192866357e-05 6.818971964340737e-06 0
2.79986851925031e-05 6.368299824287712e-06 0
2.794061302676898e-05 5.870336600515794e-06 0
2.844638575464493e-05 6.162869481872863e-06 0
2.835743588367224e-05 5.641605615036682e-06 0
2.685712301698145e-05 5.528112205209864e-06 0
2.749809289425138e-05 5.744839908862368e-06 0
2.645329527639546e-05 6.915330874921477e-06 0
2.820058784122617e-05 7.103462217424938e-06 0
2.499288050226938e-05 4.976262024326035e-06 0
2.644789249669328e-05 5.380324635528223e-06 0
2.609472895535355e-05 5.239702651658234e-06 0
1.504097247305744e-05 9.024803027225201e-07 0
2.012485810137999e-05 4.215661250775614e-06 0
2.1448711670421e-05 3.458872050091914e-06 0
2.747954461079037e-05 7.585772535565839e-06 0
2.818212886599962e-05 8.092821085080027e-06 0
2.311201263865825e-05 5.497190490609545e-06 0
1.437555133179758e-05 2.197068846486935e-06 0
1.957209556872441e-05 2.189266799067253e-06 0
1.765326306955459e-05 2.866301080188043e-06 0
1.394261709224487e-05 7.265101849258166e-07 0
2.893472837567427e-05 7.011018084643762e-06 0
2.431329043377185e-05 6.117581193548657e-06 0
2.302137876506758e-05 4.053838209427764e-06 0
2.313869156925847e-05 3.487573369581901e-06 0
2.282886781750871e-05 3.815961184069325e-06 0
2.035704447488663e-05 4.975089696090537e-06 0
1.859341575098829e-05 1.427963300715825e-07 0
1.850552689957752e-05 2.670711309190795e-07 0
1.834862353169331e-05 2.585001723349392e-07 0
1.841553658858823e-05 3.922973381702688e-07 0
1.826496984215958e-05 3.8360725435055e-07 0
1.857121577790103e-05 4.031625189985091e-07 0
1.834279806561805e-05 5.183383893223723e-07 0
1.818049574684455e-05 5.102279927581975e-07 0
1.81157921608654e-05 3.752879602561775e-07 0
1.802968808259377e-05 4.994366478615412e-07 0
1.79671656019474e-05 3.669970095953588e-07 0
1.787978806298482e-05 4.884380488595379e-07 0
1.796850995429266e-05 6.465776815060316e-07 0
1.781725500027911e-05 3.585288620556288e-07 0
1.772981675463175e-05 4.772157810224301e-07 0
1.766774033405648e-05 3.495333696657654e-07 0
1.758050993899702e-05 4.669384407611813e-07 0
1.75184024934841e-05 3.405866292698836e-07 0
1.743101392021116e-05 4.562843213481157e-07 0
1.82884781189486e-05 6.727779484886107e-07 0
1.736178663908005e-05 2.965090558728386e-07 0
1.727353705414008e-05 4.37328039152885e-07 0
1.734919311199295e-05 5.951855588086549e-07 0
1.718410479787548e-05 5.749697730432257e-07 0
1.711430340409959e-05 4.260309101486902e-07 0
1.702018361051957e-05 5.55366672827569e-07 0
1.695613685855098e-05 4.093141849162011e-07 0
1.68609949635438e-05 5.358274909912331e-07 0
1.67992406943745e-05 3.893979374254287e-07 0
1.669099588464033e-05 5.108094269252051e-07 0
1.674384019722698e-05 6.437795029976626e-07 0
1.658121005799676e-05 6.486968742738471e-07 0
1.651777502289567e-05 4.840119437501245e-07 0
1.640703157868907e-05 6.150806882873946e-07 0
1.63526056916842e-05 4.494720422000485e-07 0
1.623975083518317e-05 5.767658086896548e-07 0
1.61984067286535e-05 4.276692604660952e-07 0
1.607802195862232e-05 5.469487424805749e-07 0
1.614078745408994e-05 7.308219481099418e-07 0
1.594189325944417e-05 6.739327867212381e-07 0
1.59164366221224e-05 4.834863820424284e-07 0
1.576580125700747e-05 6.102193912343861e-07 0
1.572846349241558e-05 4.416196986763408e-07 0
1.559950739299219e-05 5.495135863743576e-07 0
1.556358790401341e-05 3.920255648711486e-07 0
1.543796372139745e-05 4.907441685969163e-07 0
1.666789154559693e-05 8.104514389161808e-07 0
1.645963835450941e-05 3.407563060990909e-07 0
1.58511366157219e-05 3.379822568350262e-07 0
1.547576793145826e-05 6.675329190740184e-07 0
1.530841032980532e-05 5.989572029390293e-07 0
1.528323194231617e-05 4.314312692548185e-07 0
1.515426516733323e-05 5.262124633515095e-07 0
1.513920763998022e-05 3.678655790660661e-07 0
1.500790917548062e-05 4.546931767923628e-07 0
1.526167696961804e-05 2.762068345729221e-07 0
1.578143045535644e-05 8.023887137711796e-07 0
1.724997844390085e-05 7.75419695536654e-07 0
1.599260399551358e-05 3.510069974946388e-07 0
1.703984810863596e-05 2.569553549584346e-07 0
1.662695593216874e-05 3.684944560027776e-07 0
1.630100539078398e-05 2.81271332979569e-07 0
1.501858514421942e-05 6.394043725330255e-07 0
1.487143182044551e-05 5.441283814461025e-07 0
1.486842150579365e-05 3.825633957537973e-07 0
1.473107133355032e-05 4.582492546065428e-07 0
1.473618630931278e-05 3.080950034401542e-07 0
1.46034134928063e-05 3.80445640877871e-07 0
1.130866702803974e-05 2.88275531139257e-07 0
1.144932332955656e-05 3.431010327110838e-07 0
1.147154296982127e-05 5.105424157405142e-07 0
1.15797703074046e-05 3.885881205962842e-07 0
1.262242102483357e-05 2.032343295257127e-06 0
1.86613184267413e-05 2.741606567756851e-07 0
1.871896047880322e-05 4.186786869065149e-07 0
1.862300038696547e-05 5.421134565617751e-07 0
1.877109182797441e-05 5.669916354249082e-07 0
1.867567238546802e-05 6.851025264713091e-07 0
1.882823911070419e-05 7.092202488538631e-07 0
1.873508099323844e-05 8.476617453968256e-07 0
1.848970223132746e-05 6.605498130494219e-07 0
1.890629856755246e-05 5.947756554814994e-07 0
1.898217116025735e-05 7.555379666639176e-07 0
1.540701734273955e-05 3.43403809468292e-07 0
1.611147757169329e-05 2.82707680911381e-07 0
1.460156252350346e-05 5.415277772532943e-07 0
1.447235078003543e-05 4.435732337714438e-07 0
1.447415955369102e-05 2.750134903692999e-07 0
1.433952894674264e-05 3.564699789301879e-07 0
1.568958097505155e-05 2.714125118804872e-07 0
1.098366653524286e-05 1.163407764188753e-06 0
1.076809355487001e-05 1.299948217460021e-06 0
1.07451298659541e-05 1.483263761711273e-06 0
1.054780681214522e-05 1.394025578710886e-06 0
1.055007209803126e-05 1.583598313023561e-06 0
1.039828257646909e-05 1.478856631795512e-06 0
1.038008287925337e-05 1.651836776217244e-06 0
1.040621001143683e-05 1.313364461219602e-06 0
1.024539684170274e-05 1.549736681142109e-06 0
1.022172472802998e-05 1.710619995095552e-06 0
1.009791212633126e-05 1.611668424446e-06 0
1.006475093037113e-05 1.771427981169365e-06 0
1.020497512363533e-05 1.87743934016132e-06 0
1.002548631035951e-05 1.946330267909275e-06 0
1.018501854676402e-05 2.07012283504679e-06 0
9.968788024813136e-06 2.1536661554601e-06 0
1.03800059197722e-05 1.967758039527653e-06 0
1.017717423269048e-05 2.312299558417742e-06 0
9.955068279861107e-06 2.415875098912381e-06 0
1.017764236283524e-05 2.612074908192172e-06 0
9.840044679815458e-06 2.68986510967507e-06 0
9.61137605374687e-06 2.554356914579654e-06 0
9.51805667146703e-06 2.782203266584877e-06 0
9.319542910034973e-06 2.65576485278996e-06 0
9.243194177139045e-06 2.892211409873266e-06 0
9.450214566863435e-06 3.136272719152564e-06 0
9.119062802836413e-06 3.184380408681388e-06 0
9.369921725548664e-06 3.515020749076474e-06 0
9.00674998588706e-06 3.612268933823916e-06 0
9.303169586832403e-06 4.018316154358052e-06 0
8.759418437090931e-06 4.040737970091101e-06 0
8.422349577577367e-06 3.798776644784166e-06 0
8.234450020133719e-06 4.106095423208822e-06 0
7.967673457295908e-06 3.873703356268056e-06 0
7.796912016182611e-06 4.160668362126807e-06 0
8.054444909416235e-06 4.620167322514574e-06 0
7.536342334419481e-06 4.66835408350857e-06 0
7.936890275900458e-06 5.213570930978691e-06 0
7.23716478414952e-06 5.129586500934259e-06 0
9.112529387521037e-06 4.633931857703843e-06 0
7.610172755748312e-06 5.8474737052401e-06 0
6.903582249649251e-06 5.860779231809871e-06 0
7.325459693611393e-06 6.719615649854858e-06 0
6.330930474458742e-06 6.595002301357469e-06 0
6.889871697172531e-06 7.73993068283748e-06 0
5.853774866508098e-06 6.062211171730168e-06 0
5.358732344260715e-06 6.584186730773784e-06 0
4.90258719413704e-06 6.091487296922834e-06 0
4.215557937710274e-06 4.529551348756235e-06 0
4.424957601178578e-06 6.594449105615749e-06 0
4.850400256714751e-06 7.496804266461657e-06 0
3.953640766324856e-06 7.505821250706356e-06 0
4.321323913990793e-06 8.508670567789129e-06 0
4.118753094958836e-06 6.028268151781881e-06 0
6.901366782937586e-06 4.673197577697042e-06 0
6.049446542929709e-06 3.860460949314373e-06 0
5.352966711051806e-06 5.293826767034779e-06 0
5.21259390100901e-06 4.203511139581155e-06 0
7.557359946524379e-06 3.912093513956909e-06 0
4.494973772073362e-06 5.455601653984874e-06 0
8.116172748630957e-06 3.463722988306624e-06 0
7.909450890597901e-06 2.903271703757542e-06 0
9.022954037744992e-06 2.737945063611591e-06 0
7.707317196640684e-06 3.602021758322199e-06 0
7.39731577791243e-06 3.195667943006111e-06 0
1.072397535821505e-05 1.764022090756106e-06 0
9.375651377321997e-06 2.362793942412199e-06 0
8.527663210257107e-06 5.823412435382415e-06 0
9.845180519779478e-06 1.989707280243549e-06 0
9.09963883018272e-06 2.480508321419357e-06 0
1.077798765989903e-05 1.060468090045217e-06 0
1.012765582504375e-05 2.989177809946764e-06 0
1.05342204500943e-05 1.222318634195614e-06 0
9.946735294292385e-06 1.677735875982485e-06 0
9.96988534703056e-06 1.540751724600874e-06 0
6.260981881360981e-06 5.202600436277167e-06 0
9.682225138412416e-06 2.23898137969633e-06 0
8.624614102695647e-06 3.264168331596767e-06 0
7.239629061927479e-06 4.311870381718962e-06 0
1.027254040325975e-05 1.388715214991328e-06 0
1.028769209957073e-05 1.238472586841257e-06 0
3.103100134403338e-06 8.236005731796426e-06 0
2.360934706663426e-06 7.20949004600247e-06 0
3.454539691924015e-06 9.880305506606338e-06 0
5.374035108611063e-06 9.906983271979185e-06 0
3.352951546442016e-06 6.647011761098669e-06 0
2.517576118102079e-06 6.281740398242177e-06 0
1.980843298115391e-06 8.156641190256083e-06 0
9.90109830749518e-06 1.831165414234027e-06 0
9.765197221205422e-06 1.881390625008174e-06 0
9.672898133005121e-06 1.996813190011066e-06 0
4.127144145218815e-06 1.20442444198324e-05 0
6.739756427233035e-06 1.17984590691777e-05 0
1.486513151731784e-05 2.306803538695415e-07 0
2.974383568421888e-05 5.927766518416305e-06 0
2.953651626575622e-05 5.821727411924214e-06 0
2.962066514970209e-05 5.516020295990995e-06 0
2.94182834315202e-05 5.609139865786955e-06 0
2.933167891603798e-05 5.850028328845756e-06 0
2.916825736535051e-05 5.663043476487831e-06 0
2.905460388826579e-05 5.875092227465662e-06 0
2.892638834566419e-05 5.651052913598325e-06 0
2.904093643685551e-05 5.483264389959048e-06 0
2.883931132924074e-05 5.48756263227838e-06 0
2.948072848965478e-05 5.422523094384303e-06 0
2.891180515453538e-05 5.34254435230232e-06 0
2.875007211375759e-05 5.349807952799112e-06 0
2.90637961734087e-05 5.311845711532692e-06 0
2.866845833385282e-05 5.483984311030102e-06 0
2.858963840941873e-05 5.3479150156612e-06 0
2.964159035506214e-05 5.370728304971847e-06 0
2.917060277702204e-05 5.411137684933709e-06 0
2.926407199609236e-05 6.125383101178507e-06 0
2.952352613558221e-05 5.266784810339603e-06 0
2.937304047054174e-05 5.31898072420332e-06 0
2.849672509708227e-05 5.486596003341147e-06 0
2.843053056597031e-05 5.344660857165938e-06 0
2.858837883109263e-05 5.651734483657387e-06 0
2.922726368587858e-05 5.250783035309613e-06 0
2.909429734784432e-05 5.16190593827933e-06 0
2.883194932497568e-05 6.119564428127338e-06 0
2.866429263001215e-05 5.213809652179342e-06 0
2.93347098825884e-05 5.458237902218444e-06 0
2.850943066951008e-05 5.210690085174242e-06 0
2.836010201096628e-05 5.210634056989353e-06 0
2.827911317748449e-05 5.336941866583879e-06 0
2.821022696956889e-05 5.203521683461272e-06 0
2.812903632329996e-05 5.329661912695223e-06 0
2.806020246157948e-05 5.200346078960697e-06 0
2.797917816439059e-05 5.323086616653377e-06 0
2.791018574451564e-05 5.197062580803994e-06 0
2.782931581786619e-05 5.316616648319282e-06 0
2.789771219187682e-05 5.455031711433024e-06 0
2.776045001351397e-05 5.1879735772908e-06 0
2.767949957505266e-05 5.309192607514871e-06 0
2.761064144269015e-05 5.18039053917301e-06 0
2.752967886084125e-05 5.301860576142217e-06 0
2.746052123459478e-05 5.169702092942135e-06 0
2.737874189082866e-05 5.295830607227538e-06 0
2.730791640008008e-05 5.161837837701707e-06 0
2.722517795295711e-05 5.29006165287482e-06 0
2.715493698099606e-05 5.152181872970413e-06 0
2.72982986642826e-05 5.430285389233527e-06 0
2.725505878672357e-05 5.003274055566238e-06 0
2.708729305617118e-05 5.014402473725825e-06 0
2.70026071805707e-05 5.138339042130007e-06 0
2.694051935980401e-05 4.982735239438448e-06 0
2.685350537568297e-05 5.123526468149242e-06 0
2.678296553256991e-05 4.994362899298316e-06 0
2.670346954136613e-05 5.115515403569918e-06 0
2.663251438143915e-05 4.984312017036992e-06 0
2.655289585576191e-05 5.104785455411379e-06 0
2.64851284310446e-05 4.970403673319084e-06 0
2.640263351185994e-05 5.093071365833467e-06 0
2.633766033826167e-05 4.956764212924328e-06 0
2.64241167166521e-05 4.832982085374253e-06 0
2.676818106252376e-05 5.25364302108671e-06 0
2.819764844475663e-05 5.463053053358254e-06 0
2.759837318566174e-05 5.434049697650139e-06 0
2.627344869642359e-05 4.812698026226668e-06 0
2.618791842650862e-05 4.941650896098581e-06 0
2.612401513160315e-05 4.798767048396727e-06 0
2.603826934688029e-05 4.926734438241475e-06 0
2.597610753086072e-05 4.790060801922819e-06 0
2.589075776400039e-05 4.911013939827639e-06 0
2.583618826126479e-05 4.781709004567828e-06 0
2.590499354572153e-05 4.660704614800879e-06 0
2.59664752860946e-05 5.070590301846941e-06 0
2.756495080622487e-05 5.054770913466401e-06 0
2.363477418286142e-07 5.924095439511518e-06 0
4.523749038693101e-07 5.825025661573218e-06 0
3.759892635032045e-07 5.518202762379735e-06 0
5.384445446795936e-07 5.618443332800246e-06 0
6.595535875534749e-07 5.816295411259917e-06 0
8.434647004198174e-07 5.709295647414928e-06 0
9.074709590280846e-07 5.916883955826036e-06 0
1.081598103650784e-06 5.704656072543218e-06 0
1.177409471904821e-06 5.984839750433042e-06 0
1.357559687249035e-06 5.801069348199893e-06 0
1.490486045018787e-06 6.062446550242937e-06 0
1.657063955073245e-06 5.750435656844443e-06 0
1.585937789864138e-06 5.549596485108953e-06 0
1.890594094058306e-06 5.572284190204366e-06 0
1.016087641884808e-06 5.471451444349353e-06 0
5.054060685618639e-07 5.426761118299857e-06 0
9.433068742022436e-07 6.201183972322044e-06 0
1.741361775312508e-06 5.37503156003769e-06 0
1.323249910351799e-06 5.502991181976992e-06 0
1.974633968613927e-06 5.818229148751692e-06 0
2.084352997760561e-06 5.585238265915907e-06 0
3.575849902754743e-07 5.373476945516306e-06 0
7.643811763980997e-07 5.455824589078243e-06 0
4.789915800968366e-07 5.271124086899556e-06 0
6.276645595987953e-07 5.322946265996103e-06 0
2.275018950602614e-06 5.815703827139664e-06 0
2.41989788186166e-06 5.613499539956836e-06 0
2.270017891829843e-06 5.367145338406011e-06 0
2.563577371408756e-06 5.816564741842588e-06 0
2.778049566382024e-06 5.649921897974246e-06 0
2.585115252344274e-06 5.345595362762231e-06 0
2.861272982320307e-06 5.908162935301781e-06 0
3.008656421117939e-06 5.55013607264689e-06 0
2.898222037859585e-06 5.348027478850542e-06 0
3.164141229081321e-06 5.36354832569305e-06 0
3.31219913280505e-06 5.525230672345857e-06 0
3.431980461036364e-06 5.336876046899192e-06 0
3.285261272716732e-06 5.124768619349811e-06 0
3.600956735213136e-06 5.492017854451154e-06 0
3.703760905749528e-06 5.289244847414885e-06 0
3.519979924027742e-06 5.081939699900461e-06 0
3.028423970902074e-06 5.159524171879918e-06 0
3.533037404011986e-06 5.791585942728313e-06 0
3.895667818052218e-06 5.425217708508745e-06 0
3.97382847878656e-06 5.215012325841519e-06 0
3.803932358488851e-06 5.018990869622133e-06 0
1.987220893117428e-06 5.404661388181013e-06 0
1.720085570938387e-05 2.969412833897525e-07 0
1.817835262499998e-06 6.101159968742871e-06 0
1.495461037389953e-06 6.49947803293068e-06 0
1.472249545937236e-05 1.48166150237187e-07 0
1.715748582550461e-05 1.532394815364421e-07 0
2.530682104570898e-05 6.161664244149905e-06 0
2.951121185353083e-05 6.854079167027103e-06 0
5.157393710884961e-07 6.785386921731688e-06 0
1.01158446980904e-05 1.438296871834684e-06 0
1.100170514263302e-05 7.591926180410315e-07 0
1.08852041391592e-05 8.570282200496648e-07 0
2.727863556521094e-05 8.601711621986365e-06 0
2.713646913833248e-05 1.011738418346331e-05 0
1.041073355787242e-05 1.150354257295212e-06 0
1.804374118913984e-05 3.628947472961606e-06 0
2.706980987618795e-05 5.278828183453541e-06 0
2.906671406559715e-05 8.529478365698489e-06 0
1.025042183169433e-06 8.522583750066254e-06 0
1.532003780623284e-05 8.410510739225918e-07 0
2.825150612474643e-05 1.197651889419197e-05 0
2.716850138295839e-05 4.88858176821474e-06 0
1.50019268950741e-05 3.035283388294263e-07 0
1.868011873986118e-06 1.141336511793234e-05 0
2.719434427035928e-05 5.783571619252487e-06 0
2.176503414983416e-05 5.003703985987939e-06 0
2.203799692913451e-05 5.757452799711889e-06 0
1.672937975423907e-05 2.529864949803257e-07 0
2.60386630505157e-05 4.666854281158277e-06 0
1.11896424620907e-06 6.998546287953821e-06 0
9.814108795643333e-06 3.411301494501035e-06 0
1.883512822235274e-05 2.829415807343428e-07 0
2.78360261638965e-05 5.061223110686367e-06 0
2.624060313692493e-05 5.08532716775819e-06 0
2.843420893926482e-05 5.065010820177365e-06 0
1.741168284151767e-05 4.951211941307576e-06 0
1.21612628229567e-05 1.59904211782122e-06 0
1.339086517730893e-05 1.913678491220591e-06 0
1.142377041220129e-05 1.620873342588225e-07 0
2.987267176418203e-05 5.521131077583859e-06 0
1.252459524925894e-07 5.519289793478428e-06 0
8.233163696926861e-06 7.384637073065223e-06 0
7.697049051286007e-06 9.109648787217076e-06 0
9.528586125384956e-06 1.144426496523759e-05 0
8.471119117435343e-06 1.443572833977538e-05 0
2.610725622634653e-06 4.90105261999647e-06 0
2.708057564811928e-06 5.015378582777861e-06 0
2.560407563936895e-06 5.042229125755065e-06 0
2.85203738972781e-06 4.986418437359963e-06 0
2.657942075366636e-06 5.156938826925878e-06 0
2.500204410895387e-06 5.196398358536329e-06 0
2.411241849394155e-06 5.070791340463119e-06 0
2.349776964620492e-06 5.216677247533481e-06 0
2.26057661949966e-06 5.093440016826208e-06 0
5.244956934665171e-07 5.117732492067803e-06 0
5.354202225858629e-06 4.15096082054199e-06 0
5.329513001417617e-06 4.298664254337165e-06 0
4.931006055756183e-06 4.304171794851031e-06 0
5.187492765415802e-06 4.351297788315599e-06 0
5.303196274241195e-06 4.446976756400684e-06 0
5.162366084080067e-06 4.499228952085184e-06 0
5.451363199935384e-06 4.387944926820028e-06 0
5.417220812613182e-06 4.546957975874507e-06 0
5.576892015598238e-06 4.481492512978033e-06 0
5.535796195699313e-06 4.684489482678905e-06 0
5.356254135439046e-06 4.739527375662813e-06 0
5.708986967495072e-06 4.600453605296665e-06 0
5.740938800371359e-06 4.416207667552679e-06 0
5.881903626739556e-06 4.527244997964359e-06 0
5.901147355534989e-06 4.340356205336819e-06 0
6.04950870315258e-06 4.453445425485066e-06 0
6.082747120283919e-06 4.251058587411249e-06 0
5.722862313796329e-06 4.837607342551073e-06 0
6.214416301405563e-06 4.374624730522325e-06 0
6.254337113428574e-06 4.197889186714697e-06 0
6.3264881744731e-06 3.73784634911999e-06 0
5.932568971284182e-06 4.181696419568246e-06 0
6.386814553050725e-06 4.307487141849369e-06 0
6.400435298567203e-06 4.139348401840495e-06 0
6.552014093331507e-06 4.238552946043756e-06 0
6.549216092627439e-06 4.050986944815024e-06 0
6.375847563925442e-06 4.517364662499545e-06 0
6.273348272290621e-06 4.043458138609344e-06 0
6.7181292857447e-06 4.157502522096605e-06 0
6.732439361584587e-06 3.975454495444896e-06 0
6.869962727548867e-06 3.477127807263346e-06 0
6.597212904260439e-06 3.889574445123782e-06 0
6.73966597342591e-06 3.819885491465758e-06 0
6.869779240690189e-06 3.896878293615616e-06 0
6.873046705707846e-06 3.748987296577126e-06 0
7.001505033997164e-06 3.821129395010165e-06 0
7.002737765073588e-06 3.67310777398718e-06 0
7.131609168016528e-06 3.746451580576479e-06 0
7.132840471712767e-06 3.598431688555286e-06 0
7.261639616029883e-06 3.671671460959983e-06 0
7.261485416966943e-06 3.521247407803709e-06 0
7.391384596273389e-06 3.596396342065444e-06 0
7.391434545247305e-06 3.446325932872421e-06 0
7.261306137765395e-06 3.821247711211216e-06 0
6.053438751311161e-06 4.671577056920267e-06 0
5.771057493072201e-06 4.252591839989603e-06 0
6.046823300579749e-06 4.112347480537234e-06 0
6.462161600602927e-06 3.928996788316428e-06 0
5.923685667030344e-06 4.040449189813809e-06 0
7.001903054110955e-06 3.971174553806782e-06 0
5.613730124547459e-06 4.319865874059729e-06 0
6.484181567200293e-06 3.794623444465051e-06 0
5.782070896980976e-06 4.10828656259303e-06 0
7.530365343561345e-06 3.528020641242805e-06 0
7.527246407931666e-06 3.389313578147262e-06 0
5.483977165128843e-06 4.92843947957582e-06 0
5.208271425652045e-06 4.932284279270401e-06 0
5.002109936025937e-06 5.116267916974057e-06 0
4.870164678389666e-06 4.890222283534348e-06 0
5.70447668861956e-06 5.10405311463507e-06 0
6.739287847203856e-06 3.680440085513687e-06 0
5.476309845431818e-06 4.244153939134967e-06 0
5.046026493774065e-06 4.40187694298566e-06 0
5.019571736579825e-06 4.550647088949107e-06 0
5.122638233370906e-06 4.655303862661194e-06 0
4.977398017188437e-06 4.710463001558456e-06 0
4.872575434302471e-06 4.601432244360722e-06 0
7.78017726750944e-06 2.981492856477544e-06 0
7.781321075812644e-06 3.13152910029559e-06 0
7.655549388338256e-06 3.200066429680628e-06 0
7.783342972032051e-06 3.279052639469542e-06 0
7.912143767270912e-06 3.205444024322651e-06 0
7.928661964307636e-06 3.370685112041551e-06 0
8.048371348267606e-06 3.281451886131634e-06 0
8.045434434353161e-06 3.127247282103162e-06 0
8.177565141382656e-06 3.199929387609875e-06 0
8.177974949966703e-06 3.04755431438347e-06 0
8.312118139946405e-06 3.123598512447923e-06 0
8.310032664989689e-06 2.967798099218417e-06 0
8.176819141317816e-06 2.89587416244141e-06 0
8.445497296611159e-06 3.044440781237393e-06 0
8.444642412624077e-06 2.887914721562724e-06 0
8.582045950695067e-06 2.966606531558372e-06 0
8.580597056422419e-06 2.807459176205829e-06 0
8.720371498468462e-06 2.885910326553098e-06 0
8.715453356347154e-06 2.7274490816195e-06 0
8.31729944621315e-06 3.289594277079097e-06 0
8.716795268281952e-06 3.064470686476828e-06 0
8.889454186938328e-06 3.013687114237747e-06 0
7.921488909879916e-06 3.582570078067635e-06 0
8.444002084623777e-06 2.735696310243222e-06 0
8.573603314837837e-06 2.655123655482241e-06 0
8.703104739710762e-06 2.576002580609311e-06 0
8.844825435471157e-06 2.645335117342489e-06 0
8.838417695640261e-06 2.495432083706846e-06 0
8.977182683203179e-06 2.565562322611005e-06 0
8.991902797053189e-06 2.426573978259131e-06 0
9.128479862220932e-06 2.352658351333417e-06 0
8.311041866299583e-06 2.816143010089602e-06 0
8.042676940082723e-06 2.97565341063497e-06 0
8.673369824949202e-06 2.429338320824315e-06 0
8.23737432986583e-07 5.103526014282511e-06 0
7.524865744572333e-07 5.238337590989583e-06 0
9.092578021091003e-07 5.225530640463002e-06 0
1.272741418048082e-06 5.073479774964298e-06 0
1.20807753690174e-06 5.208766284260612e-06 0
1.057828625690924e-06 5.21677457137594e-06 0
1.134700677628609e-06 5.363604150229413e-06 0
1.298858547256432e-06 5.340639330493565e-06 0
7.269121981119896e-06 3.265152985983531e-06 0
4.35933703565303e-06 4.487205985542943e-06 0
4.324142476051959e-06 4.632972532223389e-06 0
4.180210516039895e-06 4.675094880898658e-06 0
4.289407421630058e-06 4.77886043396991e-06 0
4.144970518647711e-06 4.821120965763604e-06 0
4.250747723010702e-06 4.929785618760049e-06 0
4.408212500856068e-06 4.881813593222804e-06 0
4.467532822061833e-06 4.588419536134746e-06 0
4.036141949734449e-06 4.71668812104116e-06 0
4.00123165197777e-06 4.863089179517152e-06 0
4.376960838888828e-06 5.019551085421414e-06 0
4.539894912649492e-06 4.997019592237226e-06 0
4.563886596665247e-06 4.829247216828721e-06 0
4.221212266845544e-06 5.090759050466765e-06 0
3.891516211690146e-06 4.755366538419924e-06 0
3.637191331547259e-06 4.684956947512847e-06 0
3.744852513758641e-06 4.7919766437507e-06 0
3.594203881126454e-06 4.824342051551112e-06 0
1.072811317578709e-05 6.837016732195039e-07 0
8.163784694341339e-06 2.745127799060378e-06 0
2.463517768134836e-06 4.927193072028392e-06 0
1.051324832887297e-05 8.943026379738297e-07 0
1.052904433881785e-05 1.055619450100978e-06 0
1.065990571494615e-05 9.597399602072287e-07 0
3.198591409870514e-06 4.786033790231079e-06 0
3.298514738129351e-06 4.891721859920255e-06 0
3.445795297947354e-06 4.858355810220605e-06 0
3.392868846255004e-06 5.009335255919457e-06 0
3.151873409228617e-06 4.923646076665681e-06 0
2.99860115128858e-06 4.952169231668697e-06 0
9.617244364140674e-06 1.689285402666524e-06 0
8.420949894914351e-06 2.583328126656565e-06 0
2.166820580450663e-06 4.972356463428927e-06 0
2.109169981651694e-06 5.111012321503409e-06 0
1.960451279386976e-06 5.130887110225766e-06 0
3.926780191302216e-06 4.609971849548847e-06 0
9.147580397523474e-06 2.059710811854856e-06 0
9.28529869220316e-06 2.115810027132696e-06 0
9.404867456165208e-06 2.025590686220861e-06 0
9.428200520222614e-06 2.19304081202904e-06 0
9.540667366444489e-06 2.078221156578347e-06 0
7.006366844274583e-06 3.407218198390061e-06 0
6.184824590963133e-06 3.805417936552945e-06 0
8.896349219066202e-06 2.234505810416401e-06 0
2.262460817286002e-07 5.122449854691864e-06 0
1.57098113253429e-06 5.045267632108183e-06 0
1.509364386255527e-06 5.181894973382865e-06 0
1.658569202957725e-06 5.160544495793761e-06 0
1.597837314505312e-06 5.303309797795954e-06 0
1.445625135319595e-06 5.296236260047585e-06 0
1.808836211700465e-06 5.142272422560543e-06 0
4.78850288935644e-06 4.352143060969211e-06 0
4.759333163954053e-06 4.500746425836017e-06 0
4.902606940241777e-06 4.451547947684631e-06 0
4.72805520219278e-06 4.644006740815441e-06 0
4.612350782716304e-06 4.542526681390268e-06 0
1.981435644883447e-05 1.201511003522555e-06 0
1.978405829329985e-05 1.348644642184385e-06 0
1.989641304279272e-05 1.447790037234805e-06 0
1.975317983769085e-05 1.496009403901856e-06 0
1.986757578785446e-05 1.595503914369105e-06 0
1.96400524066632e-05 1.395096090312393e-06 0
1.972437344445795e-05 1.643299483119948e-06 0
1.983800226067188e-05 1.745424564337355e-06 0
1.998345681320412e-05 1.695180829746993e-06 0
1.995428793076523e-05 1.84647124402818e-06 0
2.009975831598939e-05 1.796730540235196e-06 0
2.007038239838929e-05 1.948494556616118e-06 0
2.021762763398731e-05 1.897224058823892e-06 0
2.018735788940282e-05 2.050435978714853e-06 0
2.033538701233331e-05 1.999255165457183e-06 0
2.003882786917306e-05 2.076955053561035e-06 0
1.967824081621773e-05 1.809645128364747e-06 0
2.030513030490738e-05 2.152291344811299e-06 0
2.045401799664868e-05 2.102218747783679e-06 0
2.042270271916123e-05 2.257248330203398e-06 0
2.057377497907458e-05 2.206514678463296e-06 0
2.054737912080898e-05 2.360301101818637e-06 0
2.069388845493222e-05 2.310060774465179e-06 0
2.071746680980839e-05 2.155992267470967e-06 0
2.083245992544006e-05 2.248482748070481e-06 0
2.081125105587276e-05 2.404695549064118e-06 0
2.09489208759041e-05 2.342826811263967e-06 0
2.092782727559484e-05 2.499159782494559e-06 0
2.108903909519817e-05 2.429543633408021e-06 0
2.047985132349514e-05 1.952631510175297e-06 0
2.104542071349129e-05 2.595778253736674e-06 0
2.118671828224989e-05 2.551825555339063e-06 0
2.089771577326042e-05 2.663296828325694e-06 0
2.059745623206093e-05 2.050215062355344e-06 0
2.116146829509178e-05 2.690163220017593e-06 0
2.129751723670701e-05 2.642480920734777e-06 0
2.127889710219786e-05 2.783672908630893e-06 0
2.141382975073251e-05 2.73638573291732e-06 0
2.139392954281224e-05 2.879861865546624e-06 0
2.15316120764032e-05 2.829137808674692e-06 0
2.151014270532718e-05 2.974658853630225e-06 0
2.16475485411606e-05 2.92488193184856e-06 0
2.208273248144942e-05 2.902425176258215e-06 0
2.162709376796759e-05 3.069955349124046e-06 0
2.176793981457164e-05 3.018281790113833e-06 0
2.174509322809652e-05 3.165447460367764e-06 0
2.188936265701886e-05 3.113462435858211e-06 0
2.186991529524731e-05 3.270563915115095e-06 0
2.201524465625241e-05 3.207417722154489e-06 0
2.155653984675406e-05 2.69781065148105e-06 0
2.147727782650843e-05 3.134230503452518e-06 0
2.191409618689124e-05 2.962846229341784e-06 0
2.166109295622375e-05 3.339625035543755e-06 0
2.203051312661798e-05 3.054830393126133e-06 0
2.215257261505889e-05 3.146043355223772e-06 0
2.214166459991065e-05 3.295379068042653e-06 0
2.227670731571638e-05 3.230515074106316e-06 0
2.226619429469411e-05 3.379863450261617e-06 0
2.239902193286728e-05 3.31742438044484e-06 0
2.239120335909473e-05 3.462898325335348e-06 0
2.251957762919913e-05 3.408329556160138e-06 0
2.223235955219571e-05 3.534181605277441e-06 0
2.200680302854121e-05 3.371524154531243e-06 0
2.024407578130681e-05 1.748302953306543e-06 0
2.108510015303392e-05 2.259534580686314e-06 0
2.036157242999576e-05 1.850061571830727e-06 0
2.085238333795566e-05 2.076103223181252e-06 0
2.464736706518065e-05 4.152040800250582e-06 0
2.467266402917033e-05 4.299619163642236e-06 0
2.506700827750387e-05 4.30743170457897e-06 0
2.453214573407966e-05 4.248361293183102e-06 0
2.481115856024193e-05 4.354495574637919e-06 0
2.455762700898938e-05 4.395769981107361e-06 0
2.441589858706747e-05 4.343741663795519e-06 0
2.444287926120459e-05 4.492636389402693e-06 0
2.429795475823948e-05 4.442423299968464e-06 0
2.427117590878719e-05 4.289882378136116e-06 0
2.415328929954542e-05 4.387819517224275e-06 0
2.412556310848882e-05 4.235377514748221e-06 0
2.400752576301388e-05 4.33261555447858e-06 0
2.398069902927472e-05 4.179343442180638e-06 0
2.386005903237768e-05 4.278391536332712e-06 0
2.383504224708721e-05 4.125857808769609e-06 0
2.396171839971316e-05 4.027322987786602e-06 0
2.381782519826166e-05 3.97232647888385e-06 0
2.369408715178282e-05 4.06759354890341e-06 0
2.367628844163314e-05 3.91698370604081e-06 0
2.355543262841326e-05 4.010280015216513e-06 0
2.353418089065023e-05 3.862033957309053e-06 0
2.34143809006523e-05 3.953321181443286e-06 0
2.344587746059138e-05 4.088387708137292e-06 0
2.329360327348688e-05 4.051093166953599e-06 0
2.327649242136777e-05 3.882803669125807e-06 0
2.366597306636597e-05 3.762803359925003e-06 0
2.410324586762553e-05 4.083136425422003e-06 0
2.37150702961663e-05 4.232858844492018e-06 0
2.375468872648055e-05 4.40388114908397e-06 0
2.424789643805789e-05 4.13872714085861e-06 0
2.417743265715173e-05 4.545325072053024e-06 0
2.977442324242628e-05 5.121648145020013e-06 0
2.2495097135169e-05 3.13028122596892e-06 0
2.564380382438932e-05 4.489776557861218e-06 0
2.567369039916719e-05 4.633375175647156e-06 0
2.553288345840233e-05 4.59221312663919e-06 0
2.55656980154773e-05 4.737544749374633e-06 0
2.542353087501249e-05 4.695482352071294e-06 0
2.545979496838771e-05 4.843007390487345e-06 0
2.531283172358302e-05 4.800845335734715e-06 0
2.527543764162051e-05 4.651302606426391e-06 0
2.516456827808365e-05 4.755573805578347e-06 0
2.512637477661091e-05 4.606789688949255e-06 0
2.501525537907662e-05 4.7108714660354e-06 0
2.49784875046715e-05 4.563005167088901e-06 0
2.486412870713752e-05 4.671687544781223e-06 0
2.48357905076714e-05 4.512564546397694e-06 0
2.509236380666484e-05 4.458275525293451e-06 0
2.524154299248166e-05 4.50239200508949e-06 0
2.87305691358563e-05 5.076069987130234e-06 0
2.274788025829001e-05 3.278629625607122e-06 0
2.275582132558296e-05 3.428551699893437e-06 0
2.288056904064973e-05 3.498921086036381e-06 0
2.275202109060802e-05 3.577847915771809e-06 0
2.287161803438539e-05 3.649302416858254e-06 0
2.170248328180702e-05 2.64956659494514e-06 0
1.948527817018225e-05 8.946107134312e-07 0
1.934095870563146e-05 9.351807089102723e-07 0
1.923393900166455e-05 8.299551806207305e-07 0
1.919602016608141e-05 9.752539781342932e-07 0
1.930487063824069e-05 1.080971614068146e-06 0
1.915901320859971e-05 1.1228489479112e-06 0
1.909618310508726e-05 8.703255074341716e-07 0
1.945035489822945e-05 1.039836107226963e-06 0
1.956046286938107e-05 1.143814852557258e-06 0
1.941610671078895e-05 1.185826645922175e-06 0
1.952794587172799e-05 1.290758989281441e-06 0
2.549847124208651e-05 4.444893424316909e-06 0
2.538800846227386e-05 4.547600361638759e-06 0
2.450737136498554e-05 4.098583124352889e-06 0
2.439032385634354e-05 4.193687799664993e-06 0
2.327296870228344e-05 3.555552043743674e-06 0
2.314689498442633e-05 3.637126893947779e-06 0
2.327738602163428e-05 3.712387145568964e-06 0
2.63650289558601e-05 4.687007311358619e-06 0
2.810914855226898e-05 5.00452205582378e-06 0
1.907395695827933e-05 4.693550259178863e-07 0
2.220858532109264e-05 3.00293189456685e-06 0
2.394692199442137e-05 3.875232292098289e-06 0
2.133614651777721e-05 2.396543704531696e-06 0
2.015194709805774e-05 1.498251145102885e-06 0
2.06156141401436e-05 1.878728607347126e-06 0
2.94762268473022e-05 5.118790506735375e-06 0
2.680235909827991e-05 4.783244153029687e-06 0
3.490712536851066e-06 4.718418404442889e-06 0
4.502399123401775e-06 4.443149385572849e-06 0
9.741004023529045e-07 5.094201417917229e-06 0
5.071982928773193e-06 4.254387283692465e-06 0
4.071863210052114e-06 4.570645314490231e-06 0
1.763724582290027e-05 6.079062167602623e-07 0
1.886525982341652e-05 8.441953588374011e-07 0
1.514156237887308e-05 2.173303454425204e-07 0
1.359415573505062e-06 5.193510603766373e-06 0
2.301003950046445e-05 3.568526860840139e-06 0
2.300573046094028e-05 3.721398621781878e-06 0
2.315158783879244e-05 3.787991724938349e-06 0
9.519039578537392e-06 1.934636591063065e-06 0
1.868811129200771e-06 5.010291495836689e-06 0
7.526316365253506e-06 3.124188863868042e-06 0
1.927222415692307e-05 6.84770522880247e-07 0
1.025181936031125e-05 6.101501616573092e-06 0
2.79671686752953e-06 5.128106026572226e-06 0
1.967173440749336e-05 1.247298940736999e-06 0
1.949569172085413e-05 1.438274456707184e-06 0
2.5210598584302e-05 4.353510901978012e-06 0
2.422730120917388e-05 3.988080850584884e-06 0
2.049560092918285e-06 5.251069552578182e-06 0
2.903477158907463e-06 4.844960728724758e-06 0
9.383591360948879e-06 1.877723185007802e-06 0
2.003816469682118e-05 1.399854156573994e-06 0
2.300525703807022e-05 3.418922955019323e-06 0
1.970372517436871e-05 1.100055154064651e-06 0
2.492611322598821e-05 4.257889928305262e-06 0
2.038268579690132e-05 1.692184881220407e-06 0
2.000907016730783e-05 1.546757185251753e-06 0
2.012632651238457e-05 1.647971543296679e-06 0
2.517901048391664e-05 4.907541445131391e-06 0
2.339750158742862e-05 3.802005942755323e-06 0
7.911867395937797e-06 3.054106396265243e-06 0
1.819930886122764e-05 2.52016123687421e-07 0
1.093900611742684e-05 4.699163151837726e-07 0
1.589453885303921e-05 1.235228380380096e-07 0
1.753304992205831e-05 1.263699005731184e-07 0
1.21687913098408e-05 1.294730603900293e-07 0
1.209400661548579e-05 2.590805676179954e-07 0
1.194432964190222e-05 2.587951969335827e-07 0
1.201888147334734e-05 3.872228700654693e-07 0
1.187061234176833e-05 3.871610532517978e-07 0
1.194358022871334e-05 5.184364172342167e-07 0
1.179774479031778e-05 2.565680887336496e-07 0
1.216913791068207e-05 3.831555796956274e-07 0
1.224394154947259e-05 2.579713776794963e-07 0
1.239983735426493e-05 2.619467021791096e-07 0
1.23205383241822e-05 3.839115985946245e-07 0
1.248136448322059e-05 4.061849466814734e-07 0
1.239588593802896e-05 5.179994849993949e-07 0
1.264937625561453e-05 4.206026376070151e-07 0
1.257258357272376e-05 2.781975981099425e-07 0
1.272624287818997e-05 2.863816753409638e-07 0
1.277678030533215e-05 1.402372269381721e-07 0
1.287644087134978e-05 2.657045136220165e-07 0
1.271721921838899e-05 5.701488917619835e-07 0
1.35098294483948e-05 1.292587007965043e-07 0
1.35891413184054e-05 2.561874671522437e-07 0
1.373464824394007e-05 2.582401447188009e-07 0
1.366501501866144e-05 3.798179245033285e-07 0
1.3809732566e-05 3.873217338319232e-07 0
1.410588235294118e-05 1.285397750593081e-07 0
1.403151973174044e-05 2.587395512536751e-07 0
1.559954058533866e-05 1.290213816860928e-07 0
1.528117136326419e-05 1.326595385703522e-07 0
1.649030927102506e-05 1.261675585107897e-07 0
1.187071236873989e-05 1.288750014960733e-07 0
1.321234278181464e-05 1.299275814782969e-07 0
1.328325876132864e-05 2.533955044971768e-07 0
1.38078431372549e-05 1.290547660541608e-07 0
1.440320959881783e-05 1.272729039942474e-07 0
1.783142530602932e-05 1.236774418955374e-07 0
1.68797144878491e-05 2.633039276995739e-07 0
3.361785789506443e-06 2.236462502470126e-05 0
6.886411818638059e-06 2.437757620895289e-05 0
6.884056487079461e-06 2.836791186596078e-05 0
1.034876388278497e-05 2.638583942628767e-05 0
1.033816819100429e-05 3.038438552191004e-05 0
1.380725512935898e-05 2.839541931556812e-05 0
1.379583003332997e-05 3.239535504319432e-05 0
1.381825331767867e-05 2.439565458372667e-05 0
1.727691257310001e-05 2.640548106533215e-05 0
1.728822509028872e-05 2.240549739453632e-05 0
1.033564551974198e-05 3.438541291347594e-05 0
1.378584420235273e-05 3.63955079480965e-05 0
1.725431973139392e-05 3.440549275294673e-05 0
1.724285223112199e-05 3.840551147935259e-05 0
1.377302186293139e-05 4.039555382179602e-05 0
1.723114053000694e-05 4.240551124867183e-05 0
1.37612695551166e-05 4.439555066193006e-05 0
1.721956644486203e-05 4.640549968627848e-05 0
2.071238809439803e-05 3.641549421476326e-05 0
1.374971841678837e-05 4.839553719695614e-05 0
1.031822579236986e-05 4.238564801831545e-05 0
1.382953610883632e-05 2.039570377478854e-05 0
1.720804883500719e-05 5.040548450362215e-05 0
1.725267515816889e-05 1.848619537344888e-05 0
2.057656832038126e-05 3.24150179965318e-05 0
6.818188709973925e-06 2.047837774830022e-05 0
2.054588348312436e-05 4.441505093860581e-05 0
2.059737098322553e-05 2.441489854125768e-05 0
1.422008533879563e-05 1.636535548472396e-05 0
2.418219579333496e-05 3.442546094182088e-05 0
2.382423435186947e-05 3.903381732707958e-05 0
1.375854292991364e-05 5.227902299882952e-05 0
1.036152029486005e-05 5.023150023067875e-05 0
1.709848139896156e-05 5.427566115427651e-05 0
2.050414580585468e-05 5.246499468744202e-05 0
2.429845496850422e-05 5.410635079123916e-05 0
1.033437134666182e-05 1.789961288030923e-05 0
6.885077415442667e-06 3.235099308749085e-05 0
2.053852054118596e-05 2.841481655213254e-05 0
2.416783469358673e-05 2.641860476927596e-05 0
1.035846514991628e-05 2.238601560748553e-05 0
1.724463123997853e-05 3.040544378678038e-05 0
2.057601615352396e-05 2.04282904478781e-05 0
2.049848456635257e-05 1.586702265184369e-05 0
2.422779523427011e-05 1.842517745490388e-05 0
1.032851298492551e-05 3.838560401967949e-05 0
6.881098265570227e-06 4.033230372851267e-05 0
2.047577337390022e-05 4.05163898005831e-05 0
1.032284919671399e-05 4.635996209689612e-05 0
6.858327056698765e-06 4.829317858103483e-05 0
2.048620875639062e-05 4.842323501581012e-05 0
2.403911248384273e-05 4.634183970295137e-05 0
3.427455891776627e-06 3.031736127370809e-05 0
1.619767729929779e-05 1.367094014916006e-07 0
1.247452102854378e-05 1.342190784707058e-07 0
1.172193105440107e-05 1.282956901883813e-07 0
9.152225525744533e-06 2.201260259351289e-06 0
1.343529411764699e-05 2.58112306763732e-07 0
1.419922827205754e-05 2.710691522214904e-07 0
1.410662005389413e-05 3.884371576063388e-07 0
1.314322493550195e-05 2.576849894361251e-07 0
3.441794022425224e-06 3.431244873080798e-05 0
5.504056448227626e-06 4.09275924547025e-06 0
2.195152374984794e-05 2.82030902060729e-06 0
1.960888245889536e-05 1.542396395403782e-06 0
7.554929260555704e-06 3.698184766681858e-06 0
2.495073000716186e-05 4.410827347265672e-06 0
8.038016790747634e-06 2.825146887554611e-06 0
1.388311569670587e-05 2.584273683777133e-07 0
1.395784941405109e-05 3.879219571280952e-07 0
1.403051202312948e-05 5.323865217395732e-07 0
6.882755817101525e-06 3.634119451941866e-05 0
1.056081261418151e-05 2.807540671590163e-06 0
1.473629822917616e-05 6.06295078275166e-07 0
6.312340546404144e-06 3.895205375693359e-06 0
1.912908131524082e-05 7.249742218651555e-07 0
1.484151005965146e-05 7.328519559103119e-07 0
3.440231669689515e-06 4.226557350175751e-05 0
2.19552984616395e-06 5.233255714248254e-06 0
2.251148170396522e-05 3.55110826169733e-06 0
3.553384210111803e-06 1.796686325063972e-05 0
1.905132277394479e-05 1.029238295600273e-06 0
1.827733144371037e-05 1.278197210861286e-07 0
2.469695642875124e-05 4.445657466568261e-06 0
4.10968664923138e-06 4.966913001338265e-06 0
4.183778233616039e-06 5.30335860207155e-06 0
3.94900790891384e-06 5.03397271664433e-06 0
7.774800769983624e-06 3.443542156896021e-06 0
4.435983898783811e-06 4.733036838058967e-06 0
2.458405625989676e-05 4.543469567217903e-06 0
1.097522711374973e-05 6.123161122915454e-07 0
5.267576329959809e-06 4.601136919115113e-06 0
2.471600760463543e-05 4.625005162505942e-06 0
1.589962656372416e-05 4.513742552506061e-06 0
1.903156273114183e-06 5.260765377972952e-06 0
6.871963735825129e-06 4.431010943731993e-05 0
1.165460839825834e-05 2.543964129436063e-07 0
9.227825220666316e-06 5.654453639479832e-05 0
3.372267478403927e-06 5.018390539479881e-05 0
9.785421353754325e-06 1.73134940454965e-06 0
2.881582435384853e-05 5.21251848642822e-06 0
2.039538710550846e-05 2.417310565644542e-06 0
6.709877652230208e-06 4.399102516922753e-06 0
2.651109461445338e-05 4.716661463980242e-06 0
2.352488546210296e-05 3.707213482475072e-06 0
7.029627708796621e-06 5.285343485782512e-05 0
1.387232228006991e-05 5.393229213952337e-07 0
1.371817832035779e-05 5.157138664082886e-07 0
2.772085058180285e-06 5.272902392562719e-06 0
6.308594666466537e-06 4.808945904915415e-06 0
2.30168022339369e-05 3.875569025853064e-06 0
2.315223065905278e-05 3.968204786700442e-06 0
1.812941176470588e-05 1.232274012400353e-07 0
3.860877382204525e-06 4.90190429037236e-06 0
3.702959691153389e-06 4.92604717674024e-06 0
2.560669154181348e-05 4.890112000640969e-06 0
2.549186537103059e-05 5.021247018536493e-06 0
1.41805216278261e-05 3.06228477436583e-06 0
1.679410741042766e-05 1.280412246231477e-07 0
1.477103837503728e-05 9.580494398551097e-07 0
1.555897385326483e-05 8.66826766655068e-07 0
1.551607330488679e-05 2.476740556785519e-07 0
1.135325420486071e-05 5.845554840854531e-07 0
2.98579687970529e-05 5.23172224263644e-06 0
1.863206591588268e-05 1.046376077420212e-06 0
1.422853095570735e-07 5.231877193727823e-06 0
1.097742476352376e-05 1.697151010274009e-06 0
1.292573574870033e-05 1.382535045171059e-07 0
1.962886423393805e-05 3.745589794754213e-06 0
1.848845061008005e-05 5.032923032204687e-07 0
2.74118813615479e-05 5.035867531972592e-06 0
1.067232394659508e-05 1.148739517711882e-06 0
2.804755262763821e-05 5.461696036980626e-06 0
2.812128068621921e-05 5.66186692892075e-06 0
2.184415365549262e-05 3.449970303547359e-06 0
5.548317390173957e-06 5.679243452042398e-05 0
9.246922412582896e-06 2.445740103650594e-06 0
2.835229063379319e-05 5.454571479097181e-06 0
2.078120691173331e-05 2.560200405089116e-06 0
2.066885344032633e-05 2.460153382244565e-06 0
2.17842956468408e-05 2.874897598244097e-06 0
2.896081067748213e-05 5.201460450424882e-06 0
2.21356057128525e-05 3.430328681201535e-06 0
3.032285595375126e-07 5.242631157678952e-06 0
1.163763501001766e-06 5.529462077626749e-06 0
1.516845418412965e-05 7.016210830937366e-07 0
2.969738063019437e-05 5.241170899026538e-06 0
1.056470488850799e-05 3.377543814916155e-06 0
1.804973267623863e-05 2.473436121715491e-07 0
9.840199229924593e-06 1.492693682660726e-06 0
6.947684886978104e-06 4.30324386088236e-06 0
2.423313315155794e-06 5.384976135056166e-06 0
7.655956856407546e-06 3.34231785021893e-06 0
2.610429347609871e-05 5.05606250104547e-06 0
1.88553156623987e-05 4.554868869735096e-07 0
2.575004356814802e-05 4.904590284056358e-06 0
1.178993444972561e-05 5.235055110355258e-07 0
1.185974735808119e-05 6.562644429818166e-07 0
2.661881330238467e-05 5.23934218353717e-06 0
2.669402411693378e-05 5.405397145825771e-06 0
2.691793180562075e-05 5.262137612522534e-06 0
6.175447380647474e-06 3.950081361664721e-06 0
2.774781480563594e-05 5.449230152868658e-06 0
2.781515514387154e-05 5.609399367583535e-06 0
1.418478891076061e-05 5.196003637090164e-07 0
1.410719383517839e-05 6.554423116112702e-07 0
1.280877243880207e-05 4.155944615349039e-07 0
1.298657068281212e-05 4.222832203033198e-07 0
1.090709469014361e-05 1.025592702731446e-06 0
1.028032277485971e-05 1.095936268263387e-06 0
2.12650469630605e-05 2.923968876285647e-06 0
9.951323202722808e-07 5.326222743610452e-06 0
1.748989163129396e-05 5.818270566298164e-07 0
7.217145786513303e-06 4.044214306793974e-06 0
9.283854669788103e-06 2.267722338678205e-06 0
9.533598445410077e-06 2.326400296449556e-06 0
1.92697811114545e-05 1.230180258788402e-06 0
1.911589749993914e-05 1.281474747210135e-06 0
1.173192700265209e-05 3.805190934845932e-07 0
1.086786911364191e-05 7.146457399805811e-07 0
2.134636089901259e-05 3.041085694848092e-06 0
2.130744292090606e-05 3.23621085413735e-06 0
2.656456681849132e-05 4.853020815477061e-06 0
3.666752066943996e-06 5.081993013999361e-06 0
7.402610031844608e-06 3.776999470082017e-06 0
6.601676855888432e-06 3.742942233696088e-06 0
9.963004208438617e-06 1.38971890630809e-06 0
2.142651215965627e-06 5.394500114964408e-06 0
1.812512555374634e-05 6.301369634705967e-07 0
8.875891285762716e-06 2.818061022370183e-06 0
2.58724118239775e-05 5.230142351324155e-06 0
1.790207074909467e-05 2.425267936854545e-07 0
1.778466080500232e-05 6.475688157398092e-07 0
1.789739940523608e-05 8.525876838145776e-07 0
4.586092239646166e-06 4.687123150007621e-06 0
2.646837663316022e-05 5.206816298897462e-06 0
6.888886889430759e-06 4.074652684783934e-06 0
7.12269383608067e-06 3.880843509479723e-06 0
9.836638592278409e-06 4.424951411146745e-06 0
7.463618543820581e-06 4.148944367569176e-06 0
1.603372638352595e-05 9.138711053235043e-07 0
1.5809901627645e-05 1.075723003304977e-06 0
1.627879395377547e-05 9.056261335659502e-07 0
1.657187006313618e-05 1.309271321680784e-06 0
2.474533243001169e-05 4.796816836112092e-06 0
2.43265907299283e-07 5.443550096375087e-06 0
1.740590997848011e-05 1.494614514350848e-05 0
2.75352117800877e-05 4.915811490758358e-06 0
6.738929962751555e-06 3.542889113517292e-06 0
5.632276370994386e-06 4.174759194956902e-06 0
2.39613556656879e-05 1.420368786457776e-05 0
4.674210136397764e-06 4.928012081997299e-06 0
4.703973776448833e-06 5.165781069532557e-06 0
1.301522813301297e-05 2.647949369197633e-07 0
3.545704856479841e-06 4.953289692316198e-06 0
3.412548258410102e-06 5.175916137877021e-06 0
1.445750794231137e-05 5.976875768349941e-07 0
2.975708012444944e-05 5.443938768650806e-06 0
5.783049973358703e-06 3.970482148458827e-06 0
2.743650143808172e-05 5.412557683584606e-06 0
5.361833525847895e-06 1.455003970257892e-05 0
6.454419321762677e-06 3.667735774662775e-06 0
1.461752467871369e-05 2.473789996061462e-07 0
2.167574707326393e-05 2.786377123654198e-06 0
8.577868540479561e-07 5.353752911634546e-06 0
2.012725186377005e-06 6.51828318452164e-06 0
1.694733834430071e-06 6.959355123599688e-06 0
1.709349065712513e-05 7.045339207335009e-07 0
1.742016622224977e-05 1.026736668072653e-06 0
1.815845586605215e-05 8.216645467385857e-07 0
1.98076610747447e-05 1.897415378969016e-06 0
2.26367154769868e-05 3.501839726304261e-06 0
2.261709019916349e-05 3.649931428472618e-06 0
2.570430253477603e-05 4.768265971613365e-06 0
1.074847429831126e-05 8.323211968171817e-07 0
1.645915334591502e-05 7.899973649637552e-07 0
2.432538064190411e-05 4.595682977284739e-06 0
1.322230585294404e-05 3.77042510986725e-07 0
1.337454722127797e-05 3.750389456423643e-07 0
1.938364185985831e-05 1.332395317237492e-06 0
1.690117695448655e-05 7.300773209834627e-07 0
1.726664070011614e-05 1.914773306904516e-07 0
9.777910517695916e-06 2.127539672885317e-06 0
5.915879546193727e-06 3.912768914556283e-06 0
6.879607674240877e-06 3.614183468651817e-06 0
1.947456044764963e-05 1.578934474827221e-06 0
5.992623386774612e-06 4.973699965503915e-06 0
6.680655701139261e-06 5.037532098342705e-06 0
1.994490493487666e-05 1.991169357138839e-06 0
1.985336540131102e-05 2.186510552519843e-06 0
1.202474167750059e-05 7.040374750090904e-07 0
1.560674683797859e-05 1.214430634847746e-05 0
6.477347297115761e-07 5.451636476253205e-06 0
1.775299500668177e-05 2.377065988830944e-07 0
1.596453587500787e-05 2.36426469568311e-07 0
2.76749005110684e-05 1.851171901056695e-05 0
2.853000008589443e-05 5.887839509494307e-06 0
1.433185763292681e-05 2.326865434933716e-07 0
2.94560920653991e-06 5.080593260984408e-06 0
1.209561596518396e-05 5.146130725128125e-07 0
8.457436686939163e-06 3.20257139193278e-06 0
2.15928856600465e-05 3.19905056378753e-06 0
3.087917081101151e-06 5.045775929978032e-06 0
1.437085063370184e-05 4.536881649544422e-06 0
2.01072330875307e-05 2.235242982422416e-06 0
1.777094827689964e-05 1.115754443501441e-06 0
2.671297147743564e-05 4.874887861376516e-06 0
8.565277861044598e-06 3.108451544560424e-06 0
2.631313474040618e-05 5.232202706427741e-06 0
2.446915800967315e-05 4.641112718239092e-06 0
4.831387493506076e-06 4.726325231417303e-06 0
4.708744135457029e-06 4.785501886817542e-06 0
2.223928035125317e-05 3.747779520417884e-06 0
2.876745323647838e-05 5.80085554668426e-06 0
1.656063238612227e-05 2.390208400048509e-07 0
4.420132300087018e-06 5.172011842285731e-06 0
2.356593233210749e-05 4.174827244922189e-06 0
4.888674234200688e-07 6.052633528847017e-06 0
1.485781834120813e-05 1.020311318936702e-07 0
9.621660018583598e-06 1.842203011840354e-06 0
2.263981962250237e-05 3.843217890885158e-06 0
2.273805619623818e-05 3.71438138452767e-06 0
1.630510343353053e-05 7.236583887233312e-07 0
1.904218868359844e-05 6.127997084740027e-07 0
2.532040928953396e-05 4.975123699713093e-06 0
1.375447560834244e-05 7.025952568554114e-07 0
7.013023159067502e-06 3.543669377549446e-06 0
2.920220394346106e-05 5.094369117520168e-06 0
2.157468251613321e-05 2.56436845209973e-06 0
1.088927251062673e-05 1.965774564360881e-06 0
2.769343649609591e-05 5.087197901540523e-06 0
2.490773645463806e-05 4.830322048958183e-06 0
2.478708138770151e-05 4.994878065051908e-06 0
1.809876517548763e-05 2.181713899649559e-06 0
9.012365361987285e-06 2.29171207336213e-06 0
6.60437856854711e-06 4.640621193214597e-06 0
2.47915401494895e-05 6.360030120864302e-06 0
2.422945500651912e-05 6.912035265453082e-06 0
1.04782509206318e-05 2.438053277188175e-06 0
2.705030695532156e-05 4.901168991372764e-06 0
1.760222737114477e-05 2.341274621077848e-07 0
1.880337863193953e-05 9.762758498043927e-07 0
1.33180307227159e-05 5.190342180422278e-07 0
2.263788647349642e-05 3.353913229602864e-06 0
5.797565996591133e-06 8.427690227678882e-06 0
2.166216821075654e-05 3.590287312487313e-06 0
1.954704597667983e-05 1.705945241469848e-06 0
1.94832913461453e-05 1.916468738781137e-06 0
2.875799801526575e-05 5.615037977449696e-06 0
3.242810300146406e-06 5.013780594960521e-06 0
8.855897919653308e-06 3.266237067378222e-06 0
7.146693176770824e-06 3.472300302038956e-06 0
1.016938116690392e-05 1.186468999453459e-06 0
1.076429898294714e-05 5.366027798483746e-05 0
2.589067888448336e-05 6.47083150243494e-06 0
2.900026589433385e-05 5.076548734012571e-06 0
1.587540587517275e-05 1.473507873886417e-06 0
1.639249646075381e-05 1.67376609953592e-06 0
2.764329110435137e-05 5.394887761193156e-05 0
2.368680608443698e-05 4.575424450385568e-06 0
1.162246837642077e-05 5.401509181543213e-07 0
1.304461141168942e-05 5.818850622568142e-07 0
2.074523778955214e-05 2.754777122978986e-06 0
2.054163749418765e-05 2.86777418953778e-06 0
1.152372821516664e-05 2.433527186045586e-07 0
4.160514144576598e-06 5.645504266077745e-06 0
1.05020010085784e-05 1.796570191072537e-06 0
2.712400899109425e-05 5.396197264454284e-06 0
1.291492930062515e-05 7.036260749563026e-07 0
2.220488982783969e-05 4.748828898084034e-06 0
6.960006370342897e-06 1.709648815348356e-05 0
1.438601611303761e-05 7.825566454388292e-07 0
1.71885629287442e-05 1.333174572414886e-06 0
1.35167360301066e-05 3.707006358005583e-07 0
2.318879256253323e-05 5.032124111486227e-05 0
2.113461736276721e-05 2.875348345847907e-06 0
2.745778583547394e-05 4.623972226337882e-05 0
1.746431404931538e-05 7.383546431684853e-07 0
2.914171428866214e-05 6.489264379658589e-06 0
2.859234179628105e-05 6.542413069335866e-06 0
2.310375591763797e-05 4.251957603015277e-05 0
7.277838880288602e-06 3.399454779205281e-06 0
2.1183690602151e-05 3.469333258936946e-06 0
3.197104874397005e-06 5.874320647570295e-06 0
3.084176514118996e-06 6.277234186491655e-06 0
3.682333526776921e-06 6.232200409351306e-06 0
3.781039134532659e-06 6.836293185720781e-06 0
2.701098282738977e-05 3.774842838154492e-05 0
1.902115849531163e-05 1.175670632084965e-06 0
2.756899852464898e-05 3.421744960385043e-05 0
2.236694964232618e-05 3.603576452736632e-06 0
8.595269174664212e-06 4.5188392569452e-06 0
2.013312230387221e-05 3.691000991047358e-06 0
2.599472549853608e-05 1.246820418720224e-05 0
2.322338667020182e-05 3.040743321621834e-05 0
2.31535194216651e-05 4.157932923904068e-06 0
2.747908146193851e-05 2.638064275159404e-05 0
1.928138378994767e-05 2.13494808032654e-06 0
2.32289551356384e-05 2.241779243202128e-05 0
1.514405538057205e-05 9.6259807874901e-08 0
1.687500000000001e-05 5.750769571044751e-05 0
1.749375812712147e-06 5.25818261755119e-06 0
2.583129048879585e-05 5.041948231664461e-06 0
2.86768666994174e-05 7.51801318324389e-06 0
2.623538184264931e-05 5.394946395655565e-06 0
7.408584587172855e-06 3.32591499893165e-06 0
9.750016107766601e-06 3.001764079972061e-06 0
1.93512115353791e-05 1.509622763428962e-06 0
4.492768568246696e-06 5.898749657520237e-06 0
4.897556673386404e-06 5.545631877890633e-06 0
1.47525875622905e-06 5.431994640070691e-06 0
1.915003938494145e-05 1.602608754565297e-06 0
7.531545217397657e-06 3.25970214649113e-06 0
2.594888082519098e-05 4.545731058024258e-06 0
2.142419237317482e-05 2.609144245009849e-06 0
5.816718047324092e-06 7.410039080916104e-06 0
7.649469676664329e-06 3.480570997720434e-06 0
1.746398439924047e-05 2.242924474014936e-07 0
9.215367264010904e-06 6.569246802031991e-06 0
9.446967892902054e-06 5.443611961055579e-06 0
1.996693844337077e-05 5.864501376405721e-06 0
2.949711954859737e-05 6.007260030152015e-06 0
1.406962393847596e-05 1.803038811000305e-06 0
1.38147938445655e-05 2.358972566074872e-06 0
2.911553655939899e-06 6.72640167508925e-06 0
2.78405798421266e-05 4.934818614125065e-06 0
2.57866586301437e-05 4.672841618066534e-06 0
2.684925742001891e-05 4.892091223446897e-06 0
1.641568627450959e-05 2.228180654313028e-07 0
2.251386961763819e-05 3.276801252618037e-06 0
2.395257629155546e-05 5.750542679152955e-06 0
8.323877756207468e-06 3.503074361617928e-06 0
1.423008273137929e-05 4.050614885438813e-07 0
1.320433825617249e-05 1.213581814264044e-06 0
2.245152576588116e-05 5.276357380567893e-06 0
6.030172104972341e-07 5.206797069681207e-06 0
1.254788436855728e-05 1.45428348182196e-06 0
2.241919399658762e-05 3.923683045528334e-06 0
6.055212044155945e-06 3.995381447062584e-06 0
7.166087768124212e-07 5.593016411527924e-06 0
2.419787039209951e-05 5.76002189363253e-05 0
8.16433541162089e-06 3.721323808708878e-06 0
2.592253697209601e-05 7.430963491687358e-06 0
2.671743086959629e-05 7.71285779803711e-06 0
2.51780679873915e-05 7.870774224688064e-06 0
1.224457783627082e-05 4.948926684880199e-07 0
1.235314651257461e-05 6.779220423131981e-07 0
1.310414833052845e-05 3.608025739803542e-07 0
1.078211104214753e-05 9.47991762461597e-07 0
2.109312902978491e-05 4.847920971161641e-06 0
5.836364884757176e-06 5.448146623861936e-06 0
1.079670660003967e-05 9.660034895537827e-06 0
1.101989752863806e-07 5.107880463652402e-06 0
9.848700274981446e-06 1.617660519943199e-06 0
5.061396993556064e-06 4.845453498295162e-06 0
2.989032792856897e-05 5.107355443066673e-06 0
2.198881202812089e-05 3.86590103639281e-06 0
2.178296948623094e-05 1.220109680950111e-05 0
1.181042927001343e-05 1.38521735125818e-05 0
2.040253441873536e-05 2.640759939996895e-06 0
1.230143159059651e-06 5.434174185081681e-06 0
1.034099778143252e-05 1.804774378577851e-06 0
3.842056625791312e-06 5.815714584692811e-06 0
1.851043275848948e-06 5.389318312873359e-06 0
1.959053426908781e-05 4.578477286056349e-06 0
8.670353849600362e-06 5.085400794223655e-06 0
1.858089674976621e-05 7.988902631115229e-07 0
1.581960784313702e-05 2.178436104276943e-07 0
1.537254901960756e-05 2.177080992690578e-07 0
5.867877310094148e-06 4.717679722577817e-06 0
2.28962619921243e-05 5.061145216816922e-06 0
2.551286493436471e-05 5.250642081091175e-06 0
1.321219759078544e-05 6.43380153498755e-07 0
2.155645279762978e-05 6.678785643648438e-06 0
3.157711008813836e-06 5.160952068125754e-06 0
7.3890406339189e-06 3.962403025616705e-06 0
2.339099409190382e-05 4.268893010539272e-06 0
6.195925302978337e-06 4.559527672816359e-06 0
2.283520799269054e-05 4.04052651275067e-06 0
2.727882255296189e-05 4.860100896978612e-06 0
2.093719955856532e-06 9.340145767183441e-06 0
1.184695358957677e-05 8.67036833314065e-07 0
2.132057763837169e-05 2.519742082309858e-06 0
1.563629617801584e-05 6.992962754217999e-07 0
6.527155698601515e-06 4.416717993680403e-06 0
2.006894673956363e-05 2.680270632524689e-06 0
2.095707630734825e-05 2.987707942015486e-06 0
1.106045574609882e-05 1.053840758073965e-06 0
7.364563150099218e-07 5.354679505324492e-06 0
7.751895898947758e-06 3.804251883542391e-06 0
1.893761104681445e-05 1.340897655050312e-06 0
2.799677178656171e-05 5.09941103063497e-06 0
2.140626114967179e-05 3.76279273809383e-06 0
8.897570650112787e-06 2.364569218877745e-06 0
2.939379386582563e-05 5.204192429043609e-06 0
2.513798522357813e-05 5.112539618515878e-06 0
2.238524783416985e-05 3.192170843569725e-06 0
1.222150055433778e-05 8.32015402349299e-07 0
5.366997112350209e-06 5.837581744702359e-06 0
9.434191311760641e-06 2.521209896077812e-06 0
2.772351589876796e-05 5.833711524675858e-06 0
2.927200416592756e-05 5.357494738968129e-06 0
2.294908606799908e-05 7.459142050756423e-06 0
1.439179309030463e-06 5.61200303839594e-06 0
2.730195975517871e-05 5.724130738203709e-05 0
2.40559416094136e-05 4.70253866004386e-06 0
2.693097047948351e-06 5.724599117761352e-05 0
2.027565166393318e-05 2.304456941218231e-06 0
1.018579509477689e-05 1.305478673947266e-06 0
1.257681182528018e-05 7.64501238333762e-07 0
1.841701693953856e-05 6.477793999609854e-06 0
2.511630105855553e-05 5.380040036146916e-06 0
9.045871902911353e-06 2.913966763967967e-06 0
1.894332421737968e-05 9.329499018352775e-07 0
1.898839123315553e-05 3.838250144827259e-06 0
6.518432280339567e-07 6.341306623040891e-06 0
2.976633019898393e-05 5.332995051392288e-06 0
1.987177792379764e-05 2.435269977451768e-06 0
2.738281349046568e-05 5.587279634138262e-06 0
2.336561636132386e-07 5.333608102677969e-06 0
2.441247815006199e-05 4.820164510550159e-06 0
2.975320978600149e-05 5.572685867604481e-06 0
2.425730753386724e-07 5.570206554109421e-06 0
1.060347489517124e-05 2.048897933719222e-06 0
3.242129394372975e-06 7.21653198361127e-06 0
2.708826922702473e-05 4.807251011898793e-06 0
2.122966125152898e-05 2.444759635717311e-06 0
2.402943529401506e-05 4.493681449617061e-06 0
1.357411517134661e-05 4.908751738455035e-07 0
2.91279029958952e-06 5.2145458061859e-06 0
2.823240010495048e-05 5.932136326688023e-06 0
2.796446273527496e-05 5.611666129086747e-06 0
8.636705558426889e-06 3.55109241359916e-06 0
3.033002260279981e-06 5.298607711670617e-06 0
9.155226754959186e-06 2.630309633246489e-06 0
2.119557897239126e-06 6.107023305479607e-06 0
1.434315810431018e-05 4.854677544435255e-07 0
2.697421789455043e-05 5.409361225412712e-06 0
1.831321699334246e-05 1.140635741102176e-06 0
1.627119991548984e-06 5.433526709997192e-06 0
1.72828705406042e-06 5.510556604261952e-06 0
1.964220568876072e-05 1.969419259340828e-06 0
1.098103233962741e-05 2.927242799439375e-06 0
1.652910759994202e-05 1.020586761319976e-06 0
1.223570031859209e-06 6.270793408403598e-06 0
2.634703783347683e-05 5.625323561372185e-06 0
2.702901570370617e-05 7.119069138770898e-06 0
8.188634147550896e-06 3.344807543361557e-06 0
1.048544436793639e-05 5.018077037294839e-06 0
1.51494069941541e-05 6.06154287402637e-06 0
2.40913652472363e-05 4.934926387483553e-06 0
2.052743889514222e-05 2.499429857264117e-06 0
2.226440973381901e-05 3.12263425309711e-06 0
1.345101570991488e-05 3.790234475621325e-06 0
2.739787475527235e-05 5.979293453354181e-06 0
7.302084144475651e-07 6.065660698259178e-06 0
1.518891275209522e-05 1.173679475880882e-06 0
1.273070102256769e-06 5.630036343748559e-06 0
2.346893431287408e-05 5.841208954455417e-06 0
1.347463763718235e-05 5.915347012267818e-07 0
1.336065661944769e-05 1.435082067982078e-06 0
2.966139006228451e-05 5.688639831328884e-06 0
6.381082362671418e-06 4.014126907143217e-06 0
6.166751931731821e-06 4.097334868520142e-06 0
2.813632863317349e-05 5.118614171762602e-06 0
2.922738101836838e-05 5.522752317294215e-06 0
1.705251243611411e-05 1.060624998337643e-07 0
1.482511439320581e-05 2.572514595537957e-06 0
9.708352896632637e-06 3.828998575064388e-06 0
1.019135689579081e-05 3.791262506723408e-06 0
9.650612650741169e-06 2.123334147889991e-06 0
9.562793393194847e-06 2.198353158565978e-06 0
8.055924947927051e-06 6.473577318271612e-06 0
1.485583995510906e-06 7.57097806658983e-06 0
1.724901202931058e-05 9.057146333409601e-08 0
8.717487916161946e-07 5.54584378288155e-06 0
1.908213410095309e-05 1.439778282600768e-06 0
2.390835181269879e-05 4.416671947386116e-06 0
5.203227423595573e-06 4.754741187000937e-06 0
9.824750579419499e-06 2.270242809044511e-06 0
9.741177196110904e-06 2.415953601392918e-06 0
7.223554179941085e-06 4.593074755410695e-06 0
1.683279384061648e-05 1.106241607578405e-06 0
2.769253290943773e-06 5.448084220408946e-06 0
3.826662134903645e-06 5.18366780423434e-06 0
1.947957522910982e-05 2.518912273474162e-06 0
3.55599639189681e-06 5.242997933423683e-06 0
1.823304794276871e-05 2.676641759657036e-06 0
4.066836706804156e-06 5.088231545584504e-06 0
8.469713687176455e-06 3.365038278232813e-06 0
2.684229557932204e-05 5.371730242011516e-06 0
1.084526417536128e-05 1.181332665061206e-06 0
1.035524073496482e-05 2.174967429061217e-06 0
7.059049935792121e-06 4.1410311575972e-06 0
2.505189021959687e-05 4.836114158005876e-06 0
2.428617999649475e-05 5.0030952690319e-06 0
2.666306100319683e-05 5.629435088921295e-06 0
2.821299676032279e-05 9.062660861410401e-06 0
3.290578239428984e-06 5.272851469560657e-06 0
2.273361991710134e-05 6.128574919987627e-06 0
2.461195544190413e-05 4.904320168792678e-06 0
2.772950439345517e-05 6.11174322357549e-06 0
2.608510370028754e-05 4.561754503832055e-06 0
2.184743541397672e-05 3.677547097292805e-06 0
2.269208708862685e-06 5.526843870239831e-06 0
1.895949395367696e-05 4.921926222332388e-07 0
6.356213903264015e-06 5.70292612858734e-06 0
2.300023609616266e-05 4.27124396681095e-06 0
3.32106001437367e-07 5.690452684243977e-06 0
1.424636766683002e-05 7.373854815062903e-07 0
2.589867779682713e-06 5.543106983000164e-06 0
9.762808357905972e-07 6.54920215557753e-06 0
1.607945193594482e-05 4.279583848457385e-07 0
2.762762756977571e-05 5.609751714296472e-06 0
1.06420105498175e-05 1.299135722562802e-06 0
2.710892214658285e-05 5.555902766351461e-06 0
2.690092388996068e-05 5.736142820205546e-06 0
2.14850217252826e-05 3.277139706844603e-06 0
2.087112444536443e-05 2.835440641949045e-06 0

CELLS 3802 14931
2 0 6
2 6 7
2 7 8
2 8 9
2 9 10
2 10 11
2 11 12
2 12 13
2 13 14
2 14 15
2 15 16
2 16 17
2 17 18
2 18 19
2 19 20
2 20 21
2 21 22
2 22 23
2 23 24
2 24 25
2 25 26
2 26 27
2 27 28
2 28 29
2 29 30
2 30 31
2 31 32
2 32 33
2 33 34
2 34 35
2 35 36
2 36 37
2 37 38
2 38 39
2 39 40
2 40 41
2 41 42
2 42 43
2 43 44
2 44 45
2 45 46
2 46 47
2 47 48
2 48 49
2 49 50
2 50 51
2 51 52
2 52 53
2 53 54
2 54 55
2 55 56
2 56 57
2 57 58
2 58 59
2 59 60
2 60 61
2 61 62
2 62 63
2 63 64
2 64 65
2 65 66
2 66 67
2 67 68
2 68 69
2 69 70
2 70 71
2 71 72
2 72 73
2 73 74
2 74 75
2 75 76
2 76 77
2 77 78
2 78 79
2 79 80
2 80 81
2 81 82
2 82 83
2 83 84
2 84 85
2 85 86
2 86 87
2 87 88
2 88 89
2 89 1
2 2 90
2 90 91
2 91 92
2 92 93
2 93 94
2 94 95
2 95 96
2 96 97
2 97 98
2 98 99
2 99 100
2 100 101
2 101 102
2 102 103
2 103 104
2 104 105
2 105 106
2 106 107
2 107 108
2 108 109
2 109 110
2 110 111
2 111 112
2 112 0
2 3 113
2 113 114
2 114 115
2 115 116
2 116 117
2 117 118
2 118 119
2 119 2
2 4 120
2 120 121
2 121 122
2 122 123
2 123 124
2 124 125
2 125 126
2 126 127
2 127 128
2 128 129
2 129 130
2 130 131
2 131 132
2 132 133
2 133 134
2 134 135
2 135 136
2 136 137
2 137 138
2 138 139
2 139 140
2 140 141
2 141 142
2 142 3
2 5 143
2 143 144
2 144 145
2 145 146
2 146 147
2 147 148
2 148 149
2 149 150
2 150 151
2 151 152
2 152 153
2 153 154
2 154 155
2 155 156
2 156 157
2 157 158
2 158 159
2 159 160
2 160 161
2 161 162
2 162 163
2 163 164
2 164 165
2 165 166
2 166 167
2 167 168
2 168 169
2 169 170
2 170 171
2 171 172
2 172 173
2 173 174
2 174 175
2 175 176
2 176 177
2 177 178
2 178 179
2 179 180
2 180 181
2 181 182
2 182 183
2 183 184
2 184 185
2 185 186
2 186 187
2 187 188
2 188 189
2 189 190
2 190 191
2 191 192
2 192 193
2 193 194
2 194 195
2 195 196
2 196 197
2 197 198
2 198 199
2 199 200
2 200 201
2 201 202
2 202 203
2 203 204
2 204 205
2 205 206
2 206 207
2 207 208
2 208 209
2 209 210
2 210 211
2 211 212
2 212 213
2 213 214
2 214 215
2 215 216
2 216 217
2 217 218
2 218 219
2 219 220
2 220 221
2 221 222
2 222 223
2 223 224
2 224 225
2 225 226
2 226 4
2 1 227
2 227 228
2 228 229
2 229 230
2 230 231
2 231 232
2 232 233
2 233 234
2 234 235
2 235 236
2 236 237
2 237 238
2 238 239
2 239 240
2 240 241
2 241 242
2 242 243
2 243 244
2 244 245
2 245 246
2 246 247
2 247 248
2 248 249
2 249 250
2 250 251
2 251 252
2 252 253
2 253 254
2 254 255
2 255 256
2 256 257
2 257 258
2 258 259
2 259 260
2 260 261
2 261 262
2 262 263
2 263 264
2 264 265
2 265 266
2 266 267
2 267 268
2 268 269
2 269 270
2 270 271
2 271 272
2 272 273
2 273 274
2 274 275
2 275 276
2 276 5
3 413 1756 419
3 640 1643 402
3 441 563 449
3 761 762 759
3 757 764 756
3 1111 1587 1572
3 531 1754 530
3 495 1773 464
3 1300 1489 1305
3 1149 1241 1150
3 784 786 311
3 576 650 589
3 464 1773 466
3 1422 1602 1070
3 631 1376 291
3 831 844 832
3 1511 1552 582
3 295 1303 1302
3 936 980 938
3 843 1494 1037
3 1037 1467 843
3 355 1122 1120
3 474 1550 627
3 842 875 849
3 730 1454 1063
3 589 650 470
3 330 1777 778
3 693 1724 692
3 462 1588 463
3 1027 1497 1459
3 981 1397 950
3 1579 1596 780
3 546 1460 775
3 576 1452 650
3 495 1796 1404
3 1050 1598 1053
3 1258 1433 568
3 295 1302 1301
3 977 1397 981
3 385 402 387
3 1490 1730 479
3 749 1602 1422
3 1138 1241 1149
3 1785 1882 423
3 726 1497 1079
3 422 1756 1703
3 1089 1693 1038
3 1124 1160 280
3 763 765 762
3 600 1563 616
3 1296 1377 1301
3 355 1160 1122
3 418 1740 1366
3 599 630 598
3 1563 1865 616
3 1396 1399 473
3 840 1786 841
3 722 1512 1023
3 836 1858 843
3 761 763 762
3 778 1777 774
3 1491 1874 730
3 771 1848 762
3 938 980 942
3 889 1062 732
3 183 1427 182
3 817 1460 546
3 654 1376 631
3 728 748 673
3 1192 1642 513
3 859 925 924
3 249 879 363
3 1218 1258 568
3 906 1477 644
3 402 1445 640
3 461 1588 462
3 467 1694 471
3 1023 1025 722
3 898 1763 743
3 413 419 417
3 563 1429 1393
3 1385 1532 991
3 402 1643 446
3 1366 1740 1533
3 692 1724 691
3 323 1763 898
3 1420 1458 1428
3 429 1764 405
3 862 1816 861
3 441 1608 563
3 857 860 746
3 841 1823 840
3 671 748 733
3 501 1739 502
3 1079 1498 726
3 852 1466 370
3 404 1734 917
3 988 1535 1534
3 354 1530 1453
3 988 1737 987
3 1479 1643 1501
3 1088 1693 1089
3 1453 1530 828
3 987 1737 986
3 485 1646 486
3 311 909 784
3 831 850 844
3 460 1655 461
3 1088 1822 1693
3 1119 1129 307
3 530 1754 532
3 657 1320 363
3 936 991 980
3 566 1890 1761
3 1063 1454 1062
3 503 1720 504
3 1501 1643 641
3 1298 1300 497
3 946 1846 949
3 989 1733 716
3 450 1654 473
3 756 1844 757
3 602 630 599
3 836 1840 838
3 764 770 756
3 854 857 746
3 325 1536 1450
3 539 1837 541
3 953 1845 955
3 819 821 293
3 976 1846 946
3 508 1890 509
3 464 466 465
3 414 660 388
3 842 1746 875
3 955 1845 977
3 466 1694 467
3 1189 1427 183
3 499 1775 500
3 354 1453 803
3 1120 1162 355
3 762 1848 759
3 994 1737 995
3 638 913 639
3 1351 1741 1574
3 778 1610 330
3 642 1719 442
3 1302 1489 1300
3 379 638 416
3 629 1322 324
3 871 1668 1666
3 347 1022 1021
3 510 1759 513
3 1380 1656 1561
3 939 985 940
3 781 783 358
3 1433 1761 568
3 370 929 852
3 544 1813 543
3 439 1608 441
3 878 1894 1827
3 1879 1899 537
3 665 667 663
3 803 1762 354
3 1304 1490 1489
3 458 1640 459
3 1255 1314 625
3 887 888 426
3 1138 1149 1147
3 474 1563 1550
3 1561 1656 494
3 484 1646 485
3 324 1849 629
3 1024 1030 279
3 563 1488 449
3 184 1189 183
3 369 1469 773
3 1304 1536 1490
3 913 1647 639
3 742 1548 746
3 250 879 249
3 994 1861 1737
3 1038 1693 847
3 1379 1497 1027
3 449 1654 450
3 307 1162 1119
3 509 1759 510
3 1226 1796 652
3 389 429 405
3 459 1655 460
3 924 1431 859
3 571 643 575
3 1470 1825 396
3 832 1891 831
3 643 906 644
3 630 902 598
3 479 1644 1490
3 1020 1071 1021
3 437 1755 438
3 590 1564 294
3 410 1612 392
3 409 1470 396
3 144 906 143
3 861 1866 862
3 164 1160 163
3 535 1513 553
3 944 975 951
3 709 1668 713
3 347 1030 1022
3 942 975 944
3 975 982 951
3 1571 1572 1553
3 500 1739 501
3 628 1577 654
3 502 1720 503
3 228 913 227
3 506 1189 184
3 748 1422 733
3 1021 1071 347
3 664 665 663
3 615 653 614
3 1674 1748 695
3 775 777 546
3 802 1898 1650
3 944 951 946
3 955 961 959
3 1255 1682 1314
3 1301 1377 295
3 1756 1882 1785
3 716 987 986
3 88 378 343
3 610 1895 607
3 1305 1489 444
3 1053 1598 1408
3 1703 1756 413
3 1574 1741 407
3 545 1579 780
3 1296 1301 1298
3 1358 1657 374
3 659 1313 312
3 949 957 953
3 1498 1782 726
3 713 1691 709
3 532 1513 535
3 483 1768 484
3 436 1755 437
3 875 1510 849
3 673 748 671
3 742 1856 1549
3 415 1747 1703
3 464 1447 495
3 217 909 216
3 1570 1889 735
3 628 1895 610
3 818 1801 1542
3 1508 1544 282
3 423 1713 565
3 675 728 673
3 275 570 327
3 1428 1636 1420
3 374 1641 1358
3 1147 1463 1386
3 294 1700 590
3 1147 1386 1138
3 281 897 753
3 1459 1817 729
3 1182 1189 506
3 991 1532 980
3 441 449 448
3 296 1062 889
3 504 1761 505
3 1351 1574 1529
3 663 1897 662
3 378 638 379
3 738 1522 696
3 1523 1525 518
3 515 1833 520
3 654 1577 364
3 773 1246 369
3 487 1769 490
3 701 1570 698
3 1186 1759 1187
3 709 1691 707
3 1180 1182 506
3 1381 1580 658
3 1450 1536 1304
3 221 1610 779
3 981 1544 1508
3 705 1889 703
3 1666 1668 1667
3 658 1715 1381
3 1188 1259 1237
3 779 1638 221
3 1253 1515 475
3 982 1541 978
3 665 739 667
3 431 1780 432
3 424 885 384
3 716 986 985
3 746 1818 854
3 293 1238 819
3 1572 1800 561
3 1431 1866 859
3 283 1281 1237
3 280 1809 1124
3 1122 1160 1124
3 821 903 293
3 1482 1879 552
3 1533 1740 427
3 570 643 571
3 518 1524 1523
3 608 1605 1525
3 482 1768 483
3 412 1793 413
3 1265 1812 1431
3 718 1772 694
3 452 1442 554
3 1119 1162 1120
3 428 1727 1620
3 902 1441 1322
3 1019 1772 723
3 1125 1245 1129
3 352 1477 906
3 1733 1781 716
3 474 1865 1563
3 1354 1356 336
3 1655 1865 474
3 283 1427 1281
3 1265 1431 924
3 582 1552 1516
3 1386 1463 309
3 358 1213 781
3 1063 1731 730
3 541 1884 543
3 760 1596 761
3 423 1841 1713
3 486 1769 487
3 506 1242 1180
3 652 1796 1254
3 1046 1411 1052
3 1145 1697 1611
3 659 1444 1313
3 988 1593 995
3 543 1662 550
3 739 740 667
3 907 1613 301
3 834 1858 836
3 786 1847 311
3 1424 1742 491
3 985 989 716
3 1002 1003 720
3 1260 1602 750
3 1129 1245 307
3 695 1748 697
3 1541 1566 978
3 621 653 615
3 377 378 89
3 470 1552 589
3 475 1588 1551
3 376 570 276
3 301 1708 907
3 1188 1434 1259
3 1611 1697 356
3 1237 1281 1188
3 497 1299 1298
3 612 618 610
3 404 1264 400
3 662 1897 661
3 838 1786 840
3 707 1781 706
3 1459 1497 726
3 604 617 602
3 694 1772 693
3 856 1401 927
3 683 1782 682
3 489 1775 499
3 1187 1759 1678
3 611 612 610
3 728 749 748
3 722 1817 684
3 638 639 416
3 850 1466 852
3 894 1839 554
3 1253 1660 1495
3 490 1658 1493
3 783 909 358
3 987 1692 1535
3 843 1467 836
3 426 888 425
3 533 1513 532
3 1180 1242 1179
3 89 378 88
3 509 510 508
3 1322 1441 324
3 378 379 343
3 454 1839 472
3 666 668 665
3 729 1817 1025
3 1020 1028 303
3 1352 1670 1353
3 276 570 275
3 461 462 460
3 300 1622 806
3 352 906 144
3 1352 1672 1670
3 67 1030 66
3 405 1764 430
3 182 1427 283
3 528 1190 1179
3 538 1637 536
3 1062 1454 732
3 643 644 575
3 1298 1301 1300
3 1621 1875 1806
3 554 1468 894
3 1617 1776 1083
3 609 610 607
3 925 1474 927
3 430 1780 431
3 668 739 665
3 706 1781 705
3 363 1545 657
3 435 1651 436
3 1409 1867 874
3 1502 1557 1058
3 1474 1887 856
3 806 1710 300
3 421 1727 425
3 1524 1639 472
3 570 571 327
3 1587 1800 1572
3 303 1071 1020
3 759 1848 757
3 1801 1898 802
3 1022 1030 1024
3 684 1817 683
3 530 1794 531
3 326 913 228
3 463 1821 462
3 654 1895 628
3 425 1727 426
3 858 1866 861
3 682 1782 681
3 1703 1747 569
3 1535 1692 719
3 591 876 590
3 456 1640 458
3 627 1551 474
3 522 1615 525
3 550 1662 564
3 280 1160 164
3 163 1160 355
3 497 1729 1299
3 1179 1242 528
3 657 1580 1320
3 696 1522 694
3 840 1823 842
3 1624 1796 495
3 773 1469 770
3 652 1398 1226
3 532 1754 533
3 691 1815 690
3 1026 1776 1617
3 594 876 591
3 1463 1546 309
3 420 1785 421
3 237 1303 236
3 1037 1743 1467
3 1213 1423 781
3 533 1685 1513
3 850 852 844
3 1080 1260 750
3 434 1651 435
3 568 1761 1603
3 604 631 617
3 419 1785 420
3 780 1596 760
3 641 1647 1419
3 603 604 602
3 236 1303 295
3 661 1874 414
3 1259 1434 1433
3 77 1509 1472
3 765 767 762
3 1 377 89
3 459 460 458
3 442 912 642
3 764 773 770
3 5 376 276
3 942 944 943
3 987 1535 988
3 655 1396 473
3 402 446 429
3 879 1545 363
3 744 1627 917
3 281 1255 897
3 400 1831 398
3 861 1816 863
3 1531 1567 990
3 227 913 377
3 162 1162 161
3 632 1468 554
3 1374 1663 334
3 216 909 311
3 358 909 217
3 944 946 945
3 143 906 376
3 859 1474 925
3 439 1842 443
3 1126 1130 493
3 473 1539 655
3 1595 1673 511
3 1125 1161 350
3 960 1567 1531
3 491 1800 1587
3 1367 1533 316
3 772 1704 333
3 364 1376 654
3 334 1659 1374
3 1165 1389 1276
3 316 1578 1367
3 502 503 501
3 946 949 948
3 1024 1026 1025
3 701 1889 1570
3 613 614 612
3 843 1858 1547
3 866 1632 1067
3 444 1651 1305
3 546 1456 817
3 457 1416 476
3 774 1784 778
3 447 1705 912
3 622 623 621
3 309 1546 1219
3 982 1532 286
3 606 631 604
3 757 782 764
3 433 1792 434
3 505 1890 508
3 949 953 952
3 504 505 503
3 1561 1625 1560
3 1428 1458 375
3 1560 1625 479
3 350 1245 1125
3 500 501 499
3 1521 1702 699
3 612 659 618
3 620 621 615
3 1366 1529 418
3 983 1699 723
3 286 1532 1385
3 763 766 765
3 605 606 604
3 953 955 954
3 751 898 743
3 669 670 668
3 734 884 670
3 1603 1604 568
3 714 1864 698
3 1094 1594 1517
3 639 1647 641
3 1299 1729 1728
3 438 1842 439
3 1573 1764 1480
3 411 1793 412
3 986 1861 940
3 818 1896 1801
3 888 1676 425
3 670 884 668
3 543 1884 544
3 730 1874 1454
3 955 959 958
3 318 1423 1213
3 1084 1466 1448
3 601 602 599
3 1323 1403 1348
3 746 1707 742
3 844 1575 832
3 757 1848 782
3 675 1565 728
3 826 1696 903
3 660 1874 1491
3 527 1788 515
3 317 898 751
3 1393 1488 563
3 750 1602 749
3 1167 1389 1210
3 947 1752 1569
3 554 1399 632
3 526 1696 826
3 432 1792 433
3 876 1564 590
3 481 1868 482
3 1783 1837 548
3 633 634 624
3 544 1814 1456
3 517 1465 1157
3 1069 1585 1581
3 1018 1795 686
3 819 1238 815
3 484 485 483
3 525 1615 551
3 1211 1389 1165
3 289 1232 1212
3 279 1776 1024
3 288 1234 1193
3 1547 1858 851
3 1446 1469 1195
3 1009 1059 1028
3 723 1410 1019
3 629 1849 880
3 482 483 481
3 1436 1437 1056
3 1504 1665 490
3 284 1422 1070
3 450 1442 452
3 1352 1677 335
3 653 1444 614
3 510 1642 515
3 1417 1746 1684
3 614 659 612
3 784 909 783
3 537 1899 539
3 486 487 485
3 279 1030 67
3 66 1030 347
3 1142 1149 1144
3 291 1711 631
3 386 424 384
3 886 1557 1502
3 608 1525 1523
3 1165 1268 1211
3 1357 1358 371
3 528 1269 1190
3 390 414 388
3 1046 1052 1051
3 1212 1232 1204
3 1193 1234 1172
3 414 1449 662
3 335 1672 1352
3 734 1509 884
3 722 1795 1512
3 744 917 752
3 413 417 412
3 951 982 978
3 1356 1357 371
3 1696 1885 903
3 912 1843 447
3 860 1667 746
3 1543 1653 1403
3 1210 1415 1406
3 715 1721 1566
3 596 629 594
3 938 942 941
3 543 1813 545
3 716 1692 987
3 496 1416 457
3 1028 1059 303
3 742 1549 1548
3 667 732 663
3 955 977 961
3 826 1709 526
3 1466 1802 1448
3 1159 1277 1161
3 947 985 939
3 1029 1282 721
3 1116 1119 1118
3 692 694 693
3 902 1322 598
3 1422 1736 733
3 634 897 624
3 961 962 959
3 286 1541 982
3 928 1073 1072
3 1572 1824 1553
3 776 783 769
3 414 1874 660
3 919 1741 1359
3 1067 1538 866
3 723 1388 983
3 681 1863 680
3 1526 1865 459
3 161 1162 307
3 355 1162 162
3 402 429 387
3 690 692 691
3 1019 1410 1002
3 1303 1304 1302
3 1116 1129 1119
3 513 1642 510
3 394 410 392
3 1004 1282 1029
3 884 1509 320
3 595 596 594
3 1210 1406 1167
3 942 980 975
3 927 1401 928
3 723 1772 1388
3 1013 1021 1015
3 1630 1680 471
3 1362 1681 367
3 996 1093 993
3 703 1889 701
3 1210 1389 1208
3 466 467 465
3 1684 1746 846
3 1446 1799 1469
3 1092 1093 996
3 449 450 448
3 928 1072 299
3 769 783 781
3 719 1598 1535
3 551 1778 525
3 1149 1150 1144
3 667 889 732
3 613 615 614
3 951 976 946
3 1241 1835 1150
3 1211 1268 1212
3 1020 1021 1013
3 1161 1277 350
3 1190 1269 1193
3 623 625 621
3 1264 1831 400
3 1761 1890 505
3 367 1679 1362
3 635 636 634
3 443 1608 439
3 1114 1129 1116
3 1188 1281 1185
3 597 598 596
3 1406 1415 1412
3 769 781 766
3 1095 1249 287
3 596 1322 629
3 1568 1629 471
3 384 885 382
3 395 642 408
3 646 651 648
3 720 1019 1002
3 931 991 936
3 930 991 931
3 1472 1509 734
3 842 849 848
3 479 1755 1644
3 1174 1193 1172
3 1206 1212 1204
3 1125 1129 1114
3 497 1792 1729
3 832 1722 833
3 1178 1179 1176
3 1011 1020 1013
3 1276 1389 1167
3 546 1813 1456
3 614 1444 659
3 1581 1585 870
3 926 928 299
3 424 886 885
3 367 1681 1367
3 411 1416 910
3 828 1530 301
3 1506 1537 1437
3 827 1476 553
3 566 1761 1433
3 671 733 670
3 633 635 634
3 1054 1436 1056
3 996 1094 1092
3 292 1075 1054
3 415 1793 910
3 1179 1190 1176
3 669 671 670
3 1011 1028 1020
3 1757 1816 870
3 682 684 683
3 703 706 705
3 1054 1056 292
3 1009 1390 1059
3 1486 1814 544
3 387 429 389
3 753 897 634
3 1110 1125 1114
3 1047 1249 1095
3 740 889 667
3 622 624 623
3 1383 1536 325
3 1159 1279 285
3 1004 1029 1006
3 525 1794 529
3 511 1720 1595
3 1237 1259 1236
3 843 1547 1494
3 618 628 610
3 620 622 621
3 728 750 749
3 801 803 799
3 927 1474 856
3 950 1544 981
3 1367 1578 367
3 1176 1190 1174
3 1208 1211 1206
3 617 630 602
3 452 1839 454
3 593 594 591
3 873 1408 872
3 1008 1028 1011
3 1110 1161 1125
3 1356 1683 336
3 1566 1721 978
3 1025 1026 729
3 639 640 416
3 975 1532 982
3 398 409 396
3 376 643 570
3 904 1894 878
3 379 380 343
3 680 682 681
3 624 897 623
3 377 638 378
3 666 669 668
3 1429 1608 1430
3 706 709 707
3 301 1613 828
3 1009 1028 1008
3 662 664 663
3 518 1640 1639
3 1866 1893 859
3 1227 1229 1224
3 823 903 821
3 826 903 823
3 1066 1248 1057
3 644 645 575
3 758 759 757
3 1230 1266 1101
3 984 1699 983
3 668 884 739
3 419 420 417
3 779 1610 778
3 1108 1161 1110
3 1140 1147 1142
3 993 1093 992
3 1038 1256 1089
3 571 572 327
3 1204 1232 1201
3 1172 1234 1169
3 299 1060 926
3 532 535 534
3 414 662 661
3 731 1470 905
3 335 1677 1362
3 1006 1009 1008
3 515 1642 527
3 1159 1161 1108
3 554 1839 452
3 598 1322 596
3 852 853 844
3 1506 1869 869
3 726 1782 1459
3 767 771 762
3 764 774 773
3 1054 1075 1048
3 741 747 742
3 1029 1390 1009
3 1116 1118 1117
3 1106 1159 1108
3 1212 1268 289
3 1193 1269 288
3 1399 1442 473
3 1092 1095 287
3 1301 1302 1300
3 317 1543 1403
3 1244 1279 1278
3 606 654 631
3 1013 1015 1014
3 768 769 766
3 775 776 769
3 690 1815 688
3 462 1821 464
3 1228 1275 1266
3 1238 1426 815
3 1362 1679 335
3 656 657 637
3 536 1637 534
3 1454 1874 661
3 611 613 612
3 1106 1279 1159
3 1114 1116 1115
3 623 1255 625
3 742 1807 741
3 1425 1473 714
3 977 981 961
3 962 963 959
3 1033 1250 1036
3 1221 1227 1224
3 1088 1684 846
3 1177 1178 1176
3 1209 1210 1208
3 992 1093 932
3 1011 1013 1012
3 1236 1259 1258
3 285 1277 1159
3 333 1661 772
3 760 761 759
3 107 829 332
3 753 1601 281
3 923 1271 1069
3 926 1060 922
3 897 1255 623
3 1148 1900 1584
3 1278 1279 1104
3 1187 1188 1185
3 664 666 665
3 1110 1114 1113
3 472 1839 894
3 1207 1208 1206
3 1175 1176 1174
3 1008 1011 1010
3 932 1251 992
3 1075 1252 1048
3 662 1449 725
3 1090 1261 1074
3 885 1413 382
3 766 1423 765
3 629 876 594
3 1104 1279 1106
3 1228 1266 1230
3 1703 1793 415
3 1025 1817 722
3 1199 1232 1231
3 1166 1234 1233
3 1108 1110 1109
3 493 1128 1126
3 962 964 963
3 1403 1653 1348
3 1231 1232 289
3 1233 1234 288
3 1205 1206 1204
3 1173 1174 1172
3 1006 1008 1007
3 1024 1776 1026
3 1119 1120 1118
3 1100 1278 1104
3 776 784 783
3 1236 1258 1257
3 858 861 860
3 1106 1108 1107
3 1142 1144 1143
3 630 1597 902
3 902 1597 366
3 535 1828 536
3 1004 1006 1005
3 1001 1282 1004
3 1021 1022 1015
3 1104 1106 1105
3 1517 1594 1052
3 1101 1267 1230
3 951 978 976
3 1035 1256 1038
3 1057 1248 1055
3 922 1060 920
3 1266 1275 1096
3 1166 1233 1163
3 1199 1231 1197
3 1150 1151 1144
3 814 815 812
3 1369 1418 1400
3 1034 1256 1035
3 625 653 621
3 334 1663 1353
3 635 637 636
3 636 753 634
3 738 1864 1473
3 579 580 578
3 1201 1232 1199
3 1169 1234 1166
3 651 652 648
3 459 1865 1655
3 928 1401 1073
3 1178 1180 1179
3 577 578 574
3 1091 1093 1092
3 1061 1063 1062
3 1220 1227 1221
3 1235 1237 1236
3 1076 1379 345
3 1216 1257 1218
3 1094 1517 1095
3 733 734 670
3 1094 1095 1092
3 1157 1673 1595
3 605 607 606
3 312 1750 659
3 597 599 598
3 553 1476 908
3 801 804 803
3 1069 1271 298
3 1190 1193 1174
3 1211 1212 1206
3 430 431 405
3 1158 1465 517
3 1026 1027 729
3 992 1251 933
3 1048 1252 1042
3 639 641 640
3 376 906 643
3 1074 1417 1090
3 379 381 380
3 377 913 638
3 930 1385 991
3 1419 1501 641
3 874 1437 1436
3 1216 1274 1257
3 577 579 578
3 644 646 645
3 1270 1417 1074
3 1400 1418 368
3 1147 1149 1142
3 571 573 572
3 553 1687 535
3 609 611 610
3 1006 1029 1009
3 1171 1172 1169
3 995 996 993
3 1203 1204 1201
3 1001 1004 1003
3 1100 1104 1103
3 721 1390 1029
3 578 1283 574
3 767 778 771
3 764 782 774
3 606 1895 654
3 1359 1363 1348
3 721 1282 997
3 1257 1258 1218
3 1087 1088 1086
3 1068 1069 298
3 1229 1499 1224
3 656 658 657
3 1353 1670 334
3 109 915 338
3 403 404 400
3 1089 1256 1086
3 859 1893 1474
3 1244 1278 1273
3 1260 1272 342
3 1360 1394 1384
3 629 880 876
3 908 1591 553
3 863 1881 864
3 800 801 799
3 1085 1087 1086
3 962 990 964
3 964 965 963
3 472 1639 454
3 1120 1121 1118
3 1239 1774 357
3 1040 1249 1047
3 1036 1250 319
3 1042 1252 708
3 348 1248 1066
3 341 1256 1034
3 1031 1250 1033
3 933 1251 717
3 304 1261 1090
3 1064 1068 298
3 776 785 784
3 1475 1699 984
3 549 1637 538
3 997 998 277
3 1061 1062 296
3 1091 1092 287
3 1072 1073 349
3 1235 1236 567
3 1220 1221 351
3 1022 1023 1015
3 960 1609 1567
3 1150 1152 1151
3 814 819 815
3 636 879 753
3 749 1422 748
3 579 581 580
3 1178 1181 1180
3 698 1570 714
3 1295 1297 1294
3 438 439 437
3 1348 1363 1324
3 1140 1142 1141
3 801 805 804
3 804 896 803
3 1099 1387 1101
3 285 1279 1244
3 379 416 381
3 381 382 380
3 1074 1261 349
3 999 1262 277
3 1222 1263 351
3 1257 1274 567
3 537 539 538
3 59 997 277
3 1055 1248 29
3 74 1070 342
3 82 1061 296
3 37 1091 287
3 84 1058 344
3 920 1060 22
3 70 1076 345
3 68 1083 279
3 19 1072 349
3 53 1081 960
3 1163 1233 190
3 1096 1275 152
3 165 1243 280
3 180 1235 567
3 223 1246 330
3 149 1220 351
3 176 1214 512
3 1244 1273 155
3 174 1196 278
3 1197 1231 197
3 159 1245 350
3 218 1213 358
3 573 574 572
3 571 575 573
3 803 1453 799
3 374 1657 1374
3 767 779 778
3 380 1284 343
3 1088 1089 1086
3 1300 1305 497
3 60 997 59
3 83 1061 82
3 75 1070 74
3 30 1055 29
3 38 1091 37
3 85 1058 84
3 63 1059 62
3 23 920 22
3 69 1083 68
3 7 1084 6
3 71 1076 70
3 54 1081 53
3 20 1072 19
3 191 1163 190
3 166 1243 165
3 224 1246 223
3 181 1235 180
3 153 1096 152
3 198 1197 197
3 150 1220 149
3 177 1214 176
3 175 1196 174
3 156 1244 155
3 169 1219 168
3 219 1213 218
3 160 1245 159
3 698 1864 696
3 921 1265 924
3 747 1856 742
3 1101 1266 1097
3 781 1423 766
3 410 1825 1395
3 124 337 123
3 109 338 108
3 964 966 965
3 1120 1122 1121
3 785 786 784
3 1073 1074 349
3 998 999 277
3 1236 1257 567
3 1221 1222 351
3 1022 1024 1023
3 1152 1153 1151
3 814 820 819
3 833 1722 834
3 581 583 580
3 1181 1182 1180
3 805 806 804
3 1330 1363 1344
3 1098 1278 1100
3 997 1282 998
3 966 967 965
3 1122 1123 1121
3 785 787 786
3 1344 1363 1359
3 998 1000 999
3 1073 1270 1074
3 1221 1223 1222
3 1024 1025 1023
3 1152 1154 1153
3 820 821 819
3 1041 1411 1043
3 581 584 583
3 1181 1183 1182
3 875 1417 1270
3 1326 1363 1330
3 805 807 806
3 966 968 967
3 1122 1124 1123
3 787 788 786
3 998 1001 1000
3 1221 1224 1223
3 1223 1226 1222
3 1154 1155 1153
3 820 822 821
3 1347 1364 1361
3 584 585 583
3 490 1769 1658
3 1183 1184 1182
3 807 808 806
3 1287 1295 1288
3 1361 1364 1331
3 1327 1360 1325
3 968 969 967
3 1124 1126 1123
3 787 789 788
3 1154 1156 1155
3 822 823 821
3 584 586 585
3 1183 1185 1184
3 1184 1189 1182
3 1078 1272 1260
3 1331 1364 1328
3 807 809 808
3 1335 1364 1347
3 968 970 969
3 1124 1127 1126
3 789 790 788
3 1156 1402 1155
3 822 824 823
3 586 587 585
3 1329 1364 1335
3 809 810 808
3 970 971 969
3 1127 1130 1126
3 789 791 790
3 824 825 823
3 586 588 587
3 809 811 810
3 1343 1368 1337
3 1343 1369 1368
3 970 972 971
3 1127 1131 1130
3 791 793 790
3 825 826 823
3 588 590 587
3 1332 1365 1350
3 1337 1368 1334
3 811 812 810
3 972 983 971
3 1131 1132 1130
3 793 907 790
3 791 794 793
3 588 591 590
3 1338 1370 1349
3 1336 1370 1338
3 972 984 983
3 1131 1133 1132
3 794 795 793
3 1133 1134 1132
3 794 796 795
3 1341 1370 1336
3 1133 1135 1134
3 796 797 795
3 1355 1371 1342
3 1355 1372 1371
3 1133 1145 1135
3 1135 1136 1134
3 797 828 795
3 1342 1371 1339
3 1345 1373 1357
3 1135 1137 1136
3 1340 1373 1345
3 1345 1357 1356
3 1345 1356 1354
3 1354 1355 1342
3 1349 1374 1373
3 1345 1354 1342
3 1340 1345 1342
3 1349 1373 1340
3 1338 1349 1340
3 1340 1342 1339
3 1339 1371 1343
3 1353 1370 1341
3 1338 1340 1339
3 1339 1343 1337
3 1352 1353 1341
3 1366 1367 1365
3 1338 1339 1337
3 1347 1352 1341
3 1336 1338 1337
3 1344 1359 1351
3 1335 1347 1341
3 1346 1366 1365
3 1350 1362 1361
3 1336 1337 1334
3 1346 1365 1332
3 1344 1351 1346
3 1335 1341 1336
3 1344 1346 1332
3 1350 1361 1331
3 1335 1336 1334
3 1330 1344 1332
3 1329 1335 1334
3 1334 1368 1333
3 1332 1350 1331
3 1049 1054 1048
3 1329 1334 1333
3 1330 1332 1331
3 1333 1360 1327
3 935 993 992
3 1044 1049 1048
3 927 928 926
3 1330 1331 1328
3 1329 1333 1327
3 1328 1364 1329
3 1044 1048 1042
3 935 992 933
3 925 927 926
3 1185 1281 1184
3 1326 1330 1328
3 1328 1329 1327
3 1043 1044 1042
3 934 935 933
3 931 936 934
3 1035 1038 1037
3 552 1879 1828
3 1078 1260 1080
3 925 926 922
3 1291 1293 1289
3 1326 1328 1327
3 1066 1067 1065
3 931 934 933
3 1041 1043 1042
3 1047 1411 1041
3 1035 1037 1036
3 436 437 435
3 1228 1230 1229
3 1078 1080 1079
3 1168 1169 1166
3 1200 1201 1199
3 1099 1101 1097
3 1098 1100 1099
3 924 925 922
3 1216 1218 1217
3 1421 1428 375
3 1296 1298 1297
3 1290 1291 1289
3 1288 1294 1290
3 1308 1310 1309
3 1324 1363 1326
3 1326 1327 1325
3 1031 1033 1032
3 348 1066 1065
3 1035 1036 319
3 931 933 717
3 1040 1047 1041
3 1041 1042 708
3 1086 1256 341
3 1065 1068 1064
3 304 1090 1087
3 998 1282 1001
3 921 924 922
3 923 1265 921
3 1078 1079 1077
3 1164 1168 1166
3 1216 1217 1215
3 1098 1099 1097
3 1198 1200 1199
3 1228 1229 1227
3 1296 1297 1295
3 1308 1309 1307
3 1288 1290 1289
3 1384 1394 340
3 1324 1326 1325
3 237 1450 1303
3 896 1762 803
3 1273 1278 1098
3 1031 1032 331
3 304 1087 1085
3 348 1065 1064
3 1034 1035 319
3 1040 1041 708
3 930 931 717
3 1085 1086 341
3 393 911 642
3 574 1283 572
3 1059 1390 62
3 306 1272 1078
3 346 1271 923
3 308 1274 1216
3 321 1273 1098
3 516 1276 1167
3 297 1275 1228
3 1263 1398 310
3 1056 1057 1055
3 346 923 921
3 921 922 920
3 306 1078 1077
3 1198 1199 1197
3 321 1098 1097
3 308 1216 1215
3 516 1167 1164
3 1097 1266 1096
3 297 1228 1227
3 1164 1166 1163
3 360 1296 1295
3 834 836 835
3 1288 1289 314
3 290 1308 1307
3 1288 1295 1294
3 340 1394 1369
3 368 1418 1372
3 1324 1325 339
3 1323 1348 1324
3 568 1604 1218
3 123 914 122
3 434 435 433
3 360 1295 1287
3 572 1405 327
3 1208 1389 1211
3 1081 1609 960
3 1293 1316 1289
3 227 377 1
3 1239 1847 1774
3 683 1817 1459
3 258 1285 257
3 269 1286 268
3 262 1315 261
3 233 1287 232
3 248 1320 247
3 254 1314 253
3 240 1317 239
3 231 1316 230
3 244 1319 243
3 263 366 262
3 265 324 264
3 270 359 269
3 275 327 274
3 272 313 271
3 232 314 231
3 239 325 238
3 241 362 240
3 243 290 242
3 245 365 244
3 247 315 246
3 249 363 248
3 234 360 233
3 255 361 254
3 257 312 256
3 261 291 260
3 268 294 267
3 256 1313 255
3 259 364 258
3 271 1321 270
3 229 326 228
3 236 295 235
3 242 1306 241
3 246 1311 245
3 252 281 251
3 900 901 422
3 985 986 940
3 1360 1375 1325
3 889 1492 296
3 432 433 431
3 346 921 920
3 306 1077 1076
3 292 1056 1055
3 932 1093 1091
3 344 1063 1061
3 308 1215 1214
3 321 1097 1096
3 297 1227 1220
3 526 1198 1197
3 283 1237 1235
3 516 1164 1163
3 1391 1392 1310
3 631 1711 617
3 1226 1398 1222
3 478 1488 1487
3 1137 1140 1139
3 87 1284 86
3 68 279 67
3 66 347 65
3 19 349 18
3 53 960 52
3 41 717 40
3 70 345 69
3 72 306 71
3 9 929 8
3 34 708 33
3 25 1271 24
3 49 950 48
3 65 1071 64
3 59 277 58
3 18 1261 17
3 56 1039 55
3 26 298 25
3 31 292 30
3 35 1040 34
3 64 303 63
3 8 370 7
3 17 304 16
3 11 1031 10
3 73 1272 72
3 28 348 27
3 61 721 60
3 76 284 75
3 12 1250 11
3 14 1034 13
3 21 299 20
3 37 287 36
3 16 1085 15
3 29 1248 28
3 82 296 81
3 57 724 56
3 33 1252 32
3 10 331 9
3 74 342 73
3 15 341 14
3 24 346 23
3 36 1249 35
3 55 305 54
3 48 1082 47
3 84 344 83
3 44 286 43
3 39 932 38
3 51 282 50
3 47 715 46
3 32 1075 31
3 40 1251 39
3 22 1060 21
3 88 343 87
3 27 1064 26
3 86 302 85
3 13 319 12
3 58 1262 57
3 42 930 41
3 79 320 78
3 214 357 213
3 178 308 177
3 206 1247 205
3 155 1273 154
3 212 301 211
3 154 321 153
3 216 311 215
3 143 376 5
3 197 1231 196
3 210 354 209
3 185 506 184
3 167 356 166
3 159 350 158
3 226 1195 225
3 196 289 195
3 149 351 148
3 176 512 175
3 199 526 198
3 152 1275 151
3 187 528 186
3 170 309 169
3 186 1242 185
3 202 293 201
3 151 297 150
3 172 1138 171
3 203 1238 202
3 207 300 206
3 158 1277 157
3 174 278 173
3 192 516 191
3 194 1165 193
3 180 567 179
3 193 1276 192
3 173 1241 172
3 148 1263 147
3 147 310 146
3 223 330 222
3 145 352 144
3 220 318 219
3 163 355 162
3 161 307 160
3 188 1269 187
3 189 288 188
3 146 1240 145
3 165 280 164
3 225 369 224
3 215 1239 214
3 182 283 181
3 157 285 156
3 179 1274 178
3 190 1233 189
3 218 358 217
3 195 1268 194
3 205 353 204
3 1381 1382 1312
3 1311 1312 365
3 1287 1288 314
3 362 1318 1317
3 290 1307 1306
3 469 1868 481
3 10 1031 331
3 950 1082 48
3 57 1262 724
3 343 1284 87
3 39 1251 932
3 304 1085 16
3 35 1249 1040
3 708 1252 33
3 348 1064 27
3 298 1271 25
3 17 1261 304
3 724 1039 56
3 331 929 9
3 13 1034 319
3 34 1040 708
3 41 930 717
3 341 1034 14
3 342 1272 73
3 64 1071 303
3 8 929 370
3 21 1060 299
3 319 1250 12
3 31 1075 292
3 72 1272 306
3 347 1071 65
3 26 1064 298
3 55 1039 305
3 32 1252 1075
3 349 1261 18
3 24 1271 346
3 287 1249 36
3 15 1085 341
3 717 1251 40
3 86 1284 302
3 28 1248 348
3 47 1082 715
3 277 1262 58
3 11 1250 1031
3 351 1263 148
3 288 1269 188
3 196 1231 289
3 225 1195 369
3 311 1239 215
3 178 1274 308
3 289 1268 195
3 157 1277 285
3 310 1240 146
3 202 1238 293
3 528 1242 186
3 278 1241 173
3 192 1276 516
3 300 1247 206
3 1165 1276 193
3 185 1242 506
3 205 1247 353
3 172 1241 1138
3 145 1240 352
3 350 1277 158
3 214 1239 357
3 189 1233 288
3 154 1273 321
3 194 1268 1165
3 187 1269 528
3 567 1274 179
3 151 1275 297
3 147 1263 310
3 813 814 812
3 99 1323 98
3 134 367 133
3 111 373 110
3 97 1375 96
3 98 339 97
3 93 368 92
3 95 340 94
3 91 375 90
3 122 372 121
3 136 335 135
3 139 334 138
3 141 374 140
3 260 1376 259
3 1742 1768 491
3 1077 1379 1076
3 798 799 797
3 1374 1659 374
3 235 1377 234
3 346 920 23
3 721 997 60
3 292 1055 30
3 303 1059 63
3 299 1072 20
3 284 1070 75
3 344 1061 83
3 302 1058 85
3 305 1081 54
3 306 1076 71
3 370 1084 7
3 932 1091 38
3 345 1083 69
3 321 1096 153
3 516 1163 191
3 297 1220 150
3 283 1235 181
3 309 1219 169
3 308 1214 177
3 512 1196 175
3 307 1245 160
3 318 1213 219
3 526 1197 198
3 356 1243 166
3 369 1246 224
3 285 1244 156
3 595 597 596
3 1308 1391 1310
3 230 1378 229
3 1333 1394 1360
3 1369 1394 1368
3 736 1863 1498
3 359 1286 269
3 268 1286 294
3 364 1285 258
3 257 1285 312
3 261 1315 291
3 366 1315 262
3 360 1287 233
3 361 1314 254
3 363 1320 248
3 247 1320 315
3 232 1287 314
3 239 1317 325
3 243 1319 290
3 314 1316 231
3 365 1319 244
3 362 1317 240
3 313 1321 271
3 255 1313 361
3 270 1321 359
3 241 1306 362
3 245 1311 365
3 312 1313 256
3 290 1306 242
3 315 1311 246
3 1289 1316 314
3 290 1319 1308
3 1167 1406 1164
3 1140 1463 1147
3 42 1385 930
3 286 1385 43
3 362 1380 1318
3 1307 1380 1306
3 1311 1381 1312
3 1318 1383 1317
3 170 1386 309
3 1138 1386 171
3 1293 1378 1316
3 122 914 372
3 291 1376 260
3 259 1376 364
3 1178 1191 1181
3 61 1390 721
3 295 1377 235
3 234 1377 360
3 522 525 524
3 864 1881 865
3 1316 1378 230
3 229 1378 326
3 655 656 637
3 1323 1324 339
3 360 1377 1296
3 1312 1392 1391
3 865 1869 867
3 686 1795 684
3 836 838 837
3 1372 1428 1421
3 421 425 420
3 96 1384 95
3 43 1385 42
3 171 1386 170
3 1343 1418 1369
3 1372 1418 1371
3 539 541 540
3 1551 1660 475
3 1306 1380 362
3 315 1381 1311
3 1317 1383 325
3 110 915 109
3 62 1390 61
3 856 1887 1510
3 1312 1391 365
3 1325 1375 339
3 754 1844 337
3 1382 1392 1312
3 339 1375 97
3 1800 1868 561
3 900 1717 901
3 98 1323 339
3 100 1403 99
3 1360 1384 1375
3 1359 1653 919
3 1319 1391 1308
3 365 1391 1319
3 1372 1421 368
3 1222 1398 1263
3 1369 1400 340
3 1411 1517 1052
3 659 1750 618
3 1697 1765 356
3 868 1867 872
3 1375 1384 96
3 95 1384 340
3 1368 1394 1333
3 366 1441 902
3 711 1669 709
3 1281 1427 1184
3 1359 1741 1351
3 99 1403 1323
3 382 1413 380
3 327 1405 274
3 950 1397 1082
3 603 605 604
3 529 1794 530
3 1632 1757 1585
3 464 465 462
3 770 1540 756
3 428 1620 1619
3 990 1508 282
3 1073 1401 1270
3 336 1636 1354
3 1633 1815 737
3 646 648 647
3 1283 1405 572
3 874 1436 1409
3 890 1797 415
3 353 1426 204
3 203 1426 1238
3 340 1400 94
3 93 1400 368
3 1043 1411 1046
3 838 840 839
3 652 1254 648
3 94 1400 93
3 1164 1406 1168
3 747 1763 893
3 569 1732 422
3 867 1869 868
3 337 914 123
3 1104 1105 1103
3 763 768 766
3 282 1531 990
3 380 1413 1284
3 274 1405 273
3 874 1867 1506
3 1037 1494 1036
3 545 1662 543
3 771 1784 782
3 1284 1413 302
3 1156 1554 1402
3 487 1665 489
3 880 1849 266
3 1137 1139 1136
3 618 1577 628
3 1106 1107 1105
3 311 1847 1239
3 406 1832 411
3 320 1791 884
3 1102 1387 1099
3 1004 1005 1003
3 576 577 574
3 368 1421 92
3 91 1421 375
3 1371 1418 1343
3 831 1528 850
3 1218 1604 1217
3 869 1537 1506
3 811 813 812
3 1456 1813 544
3 1484 1846 1721
3 1357 1657 1358
3 1006 1007 1005
3 1067 1537 869
3 1404 1671 495
3 580 1471 578
3 541 543 542
3 696 1864 738
3 757 1844 755
3 272 1435 313
3 995 1593 996
3 872 1867 873
3 797 1453 828
3 573 576 574
3 1108 1109 1107
3 1203 1205 1204
3 1171 1173 1172
3 796 798 797
3 1259 1433 1258
3 801 891 805
3 1401 1510 1270
3 92 1421 91
3 680 1863 678
3 1481 1482 552
3 121 1446 120
3 1298 1299 1297
3 1224 1499 1225
3 383 384 382
3 936 937 934
3 1513 1685 827
3 1100 1102 1099
3 1515 1516 475
3 112 1448 111
3 381 383 382
3 1438 1478 533
3 1290 1292 1291
3 263 1441 366
3 324 1441 264
3 1378 1419 326
3 1224 1225 1223
3 1223 1404 1226
3 1001 1002 1000
3 934 1414 935
3 1043 1045 1044
3 917 1734 918
3 646 1477 651
3 1254 1796 1624
3 356 1765 1243
3 1081 1634 1609
3 593 595 594
3 1293 1419 1378
3 1008 1010 1007
3 1157 1595 517
3 411 412 406
3 1205 1207 1206
3 1173 1175 1174
3 1184 1427 1189
3 1200 1202 1201
3 1192 1860 527
3 1168 1170 1169
3 580 1514 1471
3 1493 1503 490
3 204 1426 203
3 849 1887 854
3 536 1828 537
3 1355 1428 1372
3 658 1580 657
3 1783 1884 1837
3 1044 1407 1049
3 935 994 993
3 442 1843 912
3 77 1472 76
3 694 1522 718
3 1310 1430 1309
3 1110 1113 1109
3 1230 1562 1229
3 1101 1387 1267
3 556 1900 1148
3 814 908 820
3 1267 1562 1230
3 1405 1435 273
3 126 333 125
3 107 332 106
3 454 1639 456
3 565 1620 423
3 1049 1436 1054
3 855 1887 1474
3 556 1775 1665
3 1658 1769 493
3 1079 1497 1077
3 1521 1831 1702
3 1056 1437 1057
3 855 1893 857
3 1382 1393 1392
3 563 1608 1429
3 1292 1479 1291
3 1066 1537 1067
3 1043 1046 1045
3 1219 1546 1145
3 125 754 124
3 325 1450 238
3 1002 1410 1000
3 1652 1717 900
3 1175 1177 1176
3 1100 1103 1102
3 1011 1012 1010
3 490 1665 487
3 1207 1209 1208
3 936 938 937
3 115 371 114
3 117 336 116
3 118 1420 117
3 1715 1819 1487
3 709 1669 1668
3 1200 1438 1202
3 718 1507 1388
3 1156 1626 1554
3 1382 1487 1393
3 1283 1435 1405
3 601 603 602
3 635 655 637
3 305 1634 1081
3 1229 1562 1499
3 373 915 110
3 467 1680 469
3 1001 1003 1002
3 1379 1617 345
3 105 883 329
3 1033 1547 1032
3 305 1664 1634
3 1069 1581 923
3 1406 1412 1168
3 765 1464 767
3 1114 1115 1113
3 273 1435 272
3 475 1660 1253
3 957 1484 1397
3 1397 1484 1082
3 1728 1729 445
3 812 1505 810
3 78 1509 77
3 996 1593 1094
3 1409 1436 1049
3 1140 1141 1139
3 737 1590 1017
3 1170 1171 1169
3 1202 1203 1201
3 296 1492 81
3 1402 1555 511
3 1303 1450 1304
3 1392 1429 1310
3 1437 1537 1057
3 517 1457 1158
3 1473 1864 714
3 1177 1191 1178
3 799 1453 797
3 1491 1770 660
3 1013 1014 1012
3 510 515 514
3 208 1762 896
3 1039 1664 305
3 994 995 993
3 1407 1409 1049
3 1304 1489 1302
3 264 1441 263
3 884 1791 739
3 238 1450 237
3 471 1680 467
3 640 1445 416
3 1145 1611 1219
3 798 800 799
3 1313 1444 361
3 929 1718 852
3 627 1660 1551
3 856 1510 1401
3 1305 1792 497
3 1144 1158 1143
3 995 1737 988
3 962 1508 990
3 681 1782 1498
3 1620 1727 421
3 1116 1117 1115
3 553 1513 827
3 1569 1733 989
3 768 775 769
3 1489 1490 444
3 318 1464 1423
3 1027 1459 729
3 657 1545 637
3 688 1633 686
3 424 1770 1491
3 854 1887 855
3 1070 1602 342
3 1410 1475 1000
3 1214 1626 512
3 1145 1546 1135
3 1293 1501 1419
3 883 1894 904
3 416 1445 381
3 473 1442 450
3 301 1530 211
3 210 1530 354
3 1027 1617 1379
3 1346 1529 1366
3 51 1531 282
3 960 1531 52
3 846 1822 1088
3 813 908 814
3 128 328 127
3 105 329 104
3 733 1736 734
3 1058 1557 344
3 937 1414 934
3 1047 1517 1411
3 740 1492 889
3 44 1541 286
3 1039 1688 1664
3 1225 1404 1223
3 883 904 329
3 49 1544 950
3 282 1544 50
3 372 1446 121
3 1746 1823 846
3 853 1718 1032
3 830 1891 832
3 716 1781 1692
3 1412 1415 523
3 108 829 107
3 111 1448 373
3 1380 1561 1318
3 552 1518 1481
3 1479 1501 1291
3 1599 1759 1186
3 1431 1812 862
3 1168 1412 1170
3 724 1688 1039
3 1137 1463 1140
3 935 1414 994
3 1045 1407 1044
3 1417 1684 1090
3 857 1893 858
3 1219 1611 168
3 907 1708 357
3 741 1807 711
3 632 633 624
3 686 1633 1018
3 515 520 519
3 357 1774 907
3 824 1478 825
3 1408 1598 719
3 719 1648 1408
3 661 1897 1454
3 564 882 328
3 618 1750 1577
3 715 1566 46
3 1036 1494 1033
3 990 1567 964
3 1142 1143 1141
3 127 882 126
3 917 918 752
3 222 1610 221
3 302 1502 1058
3 863 1816 1757
3 724 1695 1688
3 878 1549 904
3 1429 1430 1310
3 1018 1633 1017
3 398 1831 409
3 1209 1415 1210
3 828 1613 795
3 793 1613 907
3 866 1757 1632
3 1629 1630 471
3 1087 1684 1088
3 103 323 102
3 130 322 129
3 1262 1695 724
3 534 1637 881
3 1393 1429 1392
3 221 1638 220
3 1015 1512 1014
3 353 1505 1426
3 1488 1892 449
3 800 891 801
3 1067 1632 1065
3 1459 1782 683
3 636 1545 879
3 767 1464 779
3 1290 1582 1292
3 167 1611 356
3 1626 1712 512
3 1747 1797 1451
3 315 1580 1381
3 1187 1434 1188
3 1374 1657 1373
3 281 1601 251
3 806 1622 804
3 470 1821 1552
3 1381 1715 1382
3 1353 1663 1370
3 1349 1663 1374
3 1474 1893 855
3 1516 1552 463
3 415 1797 1747
3 1032 1718 331
3 6 1735 0
3 0 1735 112
3 1362 1677 1361
3 1347 1677 1352
3 903 1885 293
3 1294 1582 1290
3 1350 1681 1362
3 1367 1681 1365
3 1621 1806 410
3 873 1867 1409
3 117 1420 336
3 79 1635 320
3 1195 1469 369
3 394 1825 410
3 1307 1656 1380
3 1181 1599 1183
3 1447 1749 649
3 101 317 100
3 132 316 131
3 103 893 323
3 1133 1697 1145
3 961 1508 962
3 981 1508 961
3 405 911 391
3 755 1844 754
3 583 1514 580
3 1118 1462 1117
3 1435 1471 313
3 370 1466 1084
3 1023 1512 1015
3 578 1471 1283
3 281 1682 1255
3 1495 1660 592
3 1388 1772 718
3 780 1662 545
3 645 1452 575
3 4 1738 226
3 120 1738 4
3 424 1491 886
3 773 1777 1246
3 646 647 645
3 1454 1897 732
3 1000 1475 999
3 129 892 128
3 310 1606 1240
3 1183 1186 1185
3 644 1477 646
3 866 1881 1757
3 1471 1514 313
3 775 1460 776
3 209 1762 208
3 199 1696 526
3 1433 1434 566
3 1505 1589 810
3 1423 1464 765
3 76 1472 284
3 907 1774 790
3 1314 1682 253
3 252 1682 281
3 357 1708 213
3 212 1708 301
3 250 1601 879
3 119 1458 118
3 1299 1728 1297
3 141 1641 374
3 425 1676 427
3 847 1743 1038
3 911 1719 642
3 899 1801 548
3 573 1452 576
3 374 1659 140
3 139 1659 334
3 575 1452 573
3 334 1670 138
3 136 1672 335
3 266 1849 265
3 1077 1497 1379
3 335 1679 135
3 293 1885 201
3 106 883 105
3 134 1679 367
3 1082 1484 715
3 885 1502 1413
3 367 1578 133
3 1124 1809 1127
3 886 1502 885
3 207 1808 300
3 782 1848 771
3 1408 1871 1053
3 917 1627 704
3 660 1770 388
3 1270 1510 875
3 1121 1462 1118
3 294 1857 267
3 476 1586 1440
3 944 945 943
3 942 943 941
3 1217 1555 1554
3 395 408 397
3 1426 1505 815
3 505 508 507
3 266 1857 880
3 820 1476 822
3 1355 1636 1428
3 776 1460 785
3 810 1589 808
3 1198 1556 1200
3 617 1597 630
3 81 1492 80
3 946 948 945
3 562 890 496
3 1413 1502 302
3 1057 1537 1066
3 734 1736 1472
3 815 1505 812
3 693 1772 1019
3 648 1254 649
3 1095 1517 1047
3 1606 1888 1240
3 118 1458 1420
3 1291 1501 1293
3 1151 1158 1144
3 863 864 861
3 1137 1546 1463
3 1123 1461 1121
3 101 898 317
3 316 895 131
3 890 1870 480
3 583 1576 1514
3 1510 1887 849
3 381 1445 383
3 471 1690 1568
3 949 952 948
3 133 1578 132
3 988 1594 1593
3 1083 1776 279
3 1283 1471 1435
3 1305 1651 434
3 1737 1861 986
3 512 1712 1196
3 980 1532 975
3 104 893 103
3 1555 1604 1603
3 678 1862 675
3 371 1683 1356
3 953 954 952
3 829 1600 332
3 740 1635 1492
3 1191 1599 1181
3 785 817 787
3 1430 1811 1309
3 947 1569 989
3 918 1734 407
3 955 958 954
3 805 1483 807
3 407 1741 918
3 585 1576 583
3 1294 1728 1582
3 320 1509 78
3 124 754 337
3 958 1519 1473
3 1444 1751 361
3 1194 1559 521
3 977 1845 1397
3 1126 1128 1123
3 1026 1617 1027
3 401 1832 406
3 1712 1779 1196
3 102 898 101
3 131 895 130
3 430 1764 1573
3 842 1823 1746
3 1589 1710 808
3 487 489 488
3 642 912 408
3 3 1787 142
3 723 1699 1410
3 1186 1187 1185
3 450 452 451
3 869 1538 1067
3 90 1789 2
3 870 1816 1812
3 653 1751 1444
3 1525 1826 518
3 1079 1854 1498
3 1196 1779 278
3 672 673 671
3 1498 1863 681
3 916 1701 404
3 607 1895 606
3 868 1869 1506
3 313 1514 1321
3 1607 1778 1280
3 1551 1588 461
3 1200 1556 1438
3 588 592 591
3 1153 1465 1151
3 452 454 453
3 914 1540 372
3 113 1787 3
3 1757 1881 863
3 211 1530 210
3 1408 1648 872
3 787 1455 789
3 695 696 694
3 1620 1785 423
3 52 1531 51
3 2 1789 119
3 454 456 455
3 619 620 615
3 494 1842 1625
3 684 1795 722
3 865 867 864
3 1358 1723 371
3 1721 1846 976
3 777 1579 546
3 456 458 457
3 637 1545 636
3 1410 1699 1475
3 45 1541 44
3 411 1832 1416
3 467 469 468
3 1490 1644 444
3 391 911 393
3 1554 1555 1402
3 872 1745 867
3 333 754 125
3 1198 1709 1556
3 984 1695 1475
3 1475 1695 999
3 489 499 498
3 1155 1157 1153
3 882 1661 333
3 50 1544 49
3 908 1476 820
3 585 1623 1576
3 1512 1795 1018
3 592 593 591
3 1398 1606 310
3 1135 1546 1137
3 822 827 824
3 1148 1628 556
3 1779 1835 278
3 1432 1618 1570
3 617 1711 1597
3 842 848 840
3 868 872 867
3 873 1871 1408
3 641 1643 640
3 1351 1529 1346
3 887 1880 888
3 422 1732 900
3 1492 1635 80
3 650 1749 470
3 1514 1576 1321
3 1217 1554 1215
3 559 1882 1717
3 1217 1604 1555
3 45 1566 1541
3 586 1495 588
3 326 1647 913
3 807 816 809
3 774 1777 773
3 685 686 684
3 622 632 624
3 1506 1867 868
3 697 698 696
3 874 1506 1437
3 587 1623 585
3 373 1528 915
3 853 1575 844
3 344 1557 1063
3 393 642 395
3 728 1565 750
3 789 792 791
3 626 1524 1443
3 1348 1653 1359
3 338 1891 829
3 880 1564 876
3 1420 1636 336
3 1112 1630 1629
3 1297 1728 1294
3 852 1718 853
3 633 1396 635
3 899 1898 1801
3 469 481 480
3 1467 1743 847
3 532 534 530
3 353 1589 1505
3 956 1618 1432
3 755 758 757
3 278 1835 1241
3 446 1643 1479
3 964 1567 966
3 372 1799 1446
3 957 1846 1484
3 1678 1759 509
3 1318 1560 1383
3 1639 1640 456
3 1756 1785 419
3 1448 1802 373
3 46 1566 45
3 1052 1534 1051
3 949 1846 957
3 959 1519 958
3 115 1683 371
3 336 1683 116
3 891 1483 805
3 1014 1512 1018
3 687 688 686
3 648 649 647
3 751 1543 317
3 460 1616 562
3 1564 1857 294
3 983 1388 971
3 700 701 698
3 957 1845 953
3 710 711 709
3 1183 1599 1186
3 652 1606 1398
3 584 1253 586
3 422 1703 569
3 1321 1576 359
3 940 1414 937
3 1080 1854 1079
3 371 1723 114
3 808 1710 806
3 518 1639 1524
3 1554 1626 1215
3 923 1581 1265
3 635 1396 655
3 971 1507 969
3 392 1612 1449
3 1068 1585 1069
3 494 1625 1561
3 1567 1609 966
3 364 1577 1285
3 849 854 848
3 342 1602 1260
3 1593 1594 1094
3 587 1700 1623
3 689 690 688
3 1053 1407 1045
3 1134 1493 1132
3 791 1485 794
3 910 1793 411
3 1667 1668 745
3 1503 1504 490
3 1320 1580 315
3 318 1638 1464
3 674 675 673
3 1714 1872 1815
3 870 1812 1581
3 1247 1589 353
3 651 1888 1606
3 1693 1822 841
3 879 1601 753
3 300 1808 1622
3 669 672 671
3 832 833 830
3 1068 1632 1585
3 439 441 440
3 415 910 890
3 969 973 967
3 651 1606 652
3 896 1808 208
3 1641 1787 1358
3 1487 1819 478
3 855 857 854
3 702 703 701
3 483 1451 481
3 590 1700 587
3 390 1449 414
3 251 1601 250
3 809 1481 811
3 758 760 759
3 705 1781 1733
3 966 1609 968
3 366 1597 1315
3 1440 1706 560
3 1576 1623 359
3 890 910 496
3 892 1686 328
3 901 1882 1756
3 441 448 447
3 1705 1706 912
3 795 1613 793
3 389 405 391
3 581 1515 584
3 739 1791 740
3 526 1709 1198
3 126 882 333
3 535 536 534
3 677 678 675
3 712 741 711
3 168 1611 167
3 608 609 607
3 858 860 857
3 1556 1709 825
3 1017 1633 737
3 613 619 615
3 328 882 127
3 1538 1881 866
3 330 1610 222
3 1438 1556 1478
3 1609 1634 968
3 655 1539 656
3 388 1770 386
3 967 1520 965
3 522 524 520
3 804 1622 896
3 1292 1582 1573
3 1644 1755 436
3 679 680 678
3 1247 1710 1589
3 564 1686 550
3 345 1617 1083
3 383 1445 402
3 1416 1586 476
3 1136 1503 1134
3 1555 1603 511
3 893 1763 323
3 520 1878 522
3 537 538 536
3 894 1443 472
3 794 818 796
3 1478 1556 825
3 1215 1626 1214
3 1065 1632 1068
3 968 1634 970
3 864 1666 861
3 1354 1636 1355
3 579 582 581
3 1461 1462 1121
3 688 1815 1633
3 965 979 963
3 1052 1594 1534
3 80 1635 79
3 359 1623 1286
3 1628 1886 500
3 1547 1771 1032
3 829 1891 830
3 834 835 833
3 1496 1520 973
3 142 1641 141
3 915 1805 338
3 392 1449 390
3 1634 1664 970
3 1635 1791 320
3 1366 1533 1367
3 1397 1845 957
3 434 1792 1305
3 1494 1547 1033
3 220 1638 318
3 697 1748 727
3 1373 1657 1357
3 1309 1656 1307
3 533 1439 1438
3 1443 1524 472
3 1603 1761 504
3 1539 1819 656
3 1597 1711 1315
3 479 1730 1560
3 539 540 538
3 1577 1750 1285
3 1038 1743 1037
3 1370 1663 1349
3 1480 1764 446
3 836 837 835
3 710 1627 712
3 561 1824 1572
3 970 1664 972
3 577 1511 579
3 1358 1787 1723
3 1314 1751 625
3 140 1659 139
3 582 1516 1515
3 735 1733 1569
3 600 601 599
3 785 1460 817
3 1491 1731 886
3 1156 1712 1626
3 1361 1677 1347
3 592 1660 627
3 1664 1688 972
3 138 1670 137
3 1470 1852 905
3 963 1519 959
3 1365 1681 1350
3 322 892 129
3 1806 1875 676
3 750 1853 1080
3 1090 1684 1087
3 137 1672 136
3 761 1631 763
3 999 1695 1262
3 1623 1700 1286
3 838 839 837
3 329 1856 893
3 253 1682 252
3 972 1688 984
3 1688 1695 984
3 561 1868 1680
3 560 1850 1440
3 656 1819 658
3 135 1679 134
3 625 1751 653
3 895 1676 888
3 869 1869 1538
3 1534 1594 988
3 1032 1771 853
3 918 1741 919
3 541 542 540
3 1499 1500 1225
3 979 1520 1496
3 1128 1461 1123
3 128 892 328
3 525 529 524
3 1670 1672 137
3 427 1676 1533
3 1717 1753 559
3 1464 1638 779
3 1131 1697 1133
3 675 1862 1565
3 1158 1457 1143
3 527 1642 1192
3 1419 1647 326
3 510 514 508
3 597 600 599
3 1575 1722 832
3 200 1696 199
3 1139 1146 1136
3 284 1736 1422
3 825 1709 826
3 1402 1673 1155
3 460 562 458
3 576 589 577
3 544 1783 1486
3 300 1710 1247
3 1154 1712 1156
3 978 1721 976
3 1716 1843 442
3 213 1708 212
3 531 1607 1439
3 1382 1715 1487
3 543 550 542
3 830 1600 829
3 1286 1700 294
3 383 385 384
3 732 1897 663
3 446 1764 429
3 1151 1465 1158
3 1665 1775 489
3 421 1785 1620
3 513 1759 1599
3 1801 1896 548
3 331 1718 929
3 1811 1842 494
3 822 1476 827
3 1132 1658 1130
3 1315 1711 291
3 1714 1830 1016
3 1131 1765 1697
3 317 1403 100
3 1533 1676 316
3 811 1518 813
3 1084 1735 6
3 1240 1888 352
3 116 1683 115
3 1046 1050 1045
3 1292 1480 1479
3 782 1784 774
3 817 1455 787
3 399 1586 401
3 1487 1488 1393
3 1446 1738 120
3 385 386 384
3 938 939 937
3 1103 1112 1102
3 1438 1439 1202
3 112 1735 1448
3 1499 1562 477
3 1154 1779 1712
3 1447 1821 470
3 493 1901 1128
3 1387 1568 1267
3 886 1731 1557
3 1007 1016 1005
3 620 1468 622
3 605 608 607
3 1432 1570 735
3 1592 1803 1559
3 939 940 937
3 1203 1280 1205
3 1171 1194 1173
3 1498 1854 736
3 1318 1561 1560
3 1109 1111 1107
3 200 1885 1696
3 564 1661 882
3 132 1578 316
3 1050 1053 1045
3 718 1758 1507
3 337 1804 914
3 796 1542 798
3 1246 1777 330
3 1569 1752 974
3 1701 1855 727
3 871 1745 1668
3 1507 1758 973
3 1130 1658 493
3 1243 1809 280
3 1449 1612 725
3 1046 1051 1050
3 1105 1553 1103
3 719 1692 1691
3 1209 1527 1415
3 515 519 514
3 1645 1901 486
3 375 1789 90
3 1127 1765 1131
3 226 1738 1195
3 938 941 939
3 840 877 839
3 1409 1871 873
3 511 1673 1402
3 658 1819 1715
3 778 1784 771
3 790 1774 788
3 501 900 499
3 1170 1559 1171
3 798 802 800
3 1714 1724 720
3 383 402 385
3 1152 1779 1154
3 647 650 645
3 1579 1813 546
3 632 1399 633
3 1285 1750 312
3 361 1751 1314
3 1157 1465 1153
3 807 1483 816
3 523 1592 1412
3 562 1870 890
3 505 507 503
3 593 1550 595
3 649 1624 1447
3 530 881 529
3 354 1762 209
3 1146 1504 1503
3 755 1704 758
3 1774 1847 788
3 867 1745 871
3 1152 1835 1779
3 114 1723 113
3 1552 1821 463
3 1254 1624 649
3 1504 1900 556
3 1225 1671 1404
3 958 1473 1425
3 1014 1018 1017
3 1107 1571 1105
3 1150 1835 1152
3 588 1495 592
3 1177 1192 1191
3 1014 1017 1012
3 387 388 386
3 208 1808 207
3 443 1811 1430
3 788 1847 786
3 1477 1888 651
3 1661 1662 780
3 727 1702 1701
3 471 1694 1690
3 650 1452 645
3 389 390 388
3 1548 1818 746
3 875 1746 1417
3 487 488 485
3 768 777 775
3 1143 1148 1141
3 531 1778 1607
3 1117 1424 1115
3 789 1455 792
3 445 1780 1573
3 1432 1569 974
3 267 1857 266
3 391 392 390
3 518 1826 1526
3 265 1849 324
3 633 1399 1396
3 450 451 448
3 316 1676 895
3 201 1885 200
3 851 1858 1722
3 417 418 412
3 601 1558 603
3 692 695 694
3 1404 1796 1226
3 1656 1811 494
3 850 1802 1466
3 666 1744 669
3 1570 1618 714
3 1478 1685 533
3 393 394 392
3 478 1892 1488
3 554 1442 1399
3 714 1618 1425
3 824 1685 1478
3 467 468 465
3 386 1770 424
3 1798 1894 883
3 905 1689 731
3 595 1563 597
3 1434 1678 566
3 395 396 394
3 664 1649 666
3 1010 1583 1007
3 609 626 611
3 1469 1799 770
3 1412 1592 1170
3 682 685 684
3 918 919 752
3 916 1855 1701
3 404 1701 1264
3 881 1637 428
3 328 1686 564
3 888 1880 322
3 397 398 396
3 1207 1614 1209
3 1484 1721 715
3 662 725 664
3 1202 1607 1203
3 1113 1587 1109
3 1187 1678 1434
3 1195 1738 1446
3 706 710 709
3 524 1713 520
3 1448 1735 1084
3 452 453 451
3 1430 1608 443
3 489 498 488
3 887 1726 557
3 454 455 453
3 558 1686 892
3 730 1731 1491
3 426 1726 887
3 1253 1495 586
3 399 400 398
3 456 457 455
3 1582 1728 445
3 1141 1584 1139
3 910 1416 496
3 458 496 457
3 1102 1629 1387
3 569 1747 555
3 482 1868 1800
3 1528 1802 850
3 672 674 673
3 1837 1884 541
3 695 697 696
3 763 1631 768
3 592 627 593
3 1012 1590 1010
3 412 1574 406
3 1616 1870 562
3 469 480 468
3 853 1771 1575
3 1575 1771 851
3 679 1395 731
3 1003 1830 720
3 611 1766 613
3 772 780 760
3 719 1691 1648
3 401 403 400
3 439 440 437
3 548 1837 899
3 1155 1673 1157
3 1586 1836 1440
3 1788 1833 515
3 1432 1760 956
3 431 911 405
3 403 1734 404
3 435 442 433
3 893 1856 747
3 697 700 698
3 792 1485 791
3 622 1468 632
3 712 744 743
3 1479 1480 446
3 470 1749 1447
3 770 1799 1540
3 685 687 686
3 619 894 620
3 974 1760 1432
3 947 989 985
3 458 562 496
3 428 1619 881
3 702 916 704
3 492 1462 1461
3 816 1481 809
3 672 676 674
3 406 407 403
3 521 1788 1194
3 1551 1655 474
3 556 1665 1504
3 677 1621 679
3 720 1830 1714
3 689 1521 699
3 687 689 688
3 973 1758 1496
3 425 427 420
3 619 1443 894
3 1388 1507 971
3 499 1732 498
3 700 702 701
3 1702 1748 699
3 408 1706 1440
3 813 1591 908
3 1267 1690 1562
3 352 1888 1477
3 710 712 711
3 1115 1790 1113
3 861 1666 860
3 689 699 690
3 483 1675 1451
3 744 752 751
3 1472 1736 284
3 685 905 687
3 712 1627 744
3 674 677 675
3 847 1840 1467
3 441 447 440
3 697 727 700
3 702 704 703
3 407 1734 403
3 480 1797 890
3 448 1705 447
3 1595 1720 502
3 827 1685 824
3 462 1616 460
3 1191 1192 513
3 677 679 678
3 1729 1792 432
3 712 743 741
3 710 1698 1627
3 969 1507 973
3 464 1821 1447
3 584 1515 1253
3 457 476 455
3 481 1797 480
3 1591 1687 553
3 679 731 680
3 498 555 488
3 453 560 451
3 410 1806 1612
3 550 558 557
3 877 878 839
3 514 1753 508
3 1493 1658 1132
3 477 1500 1499
3 904 1856 329
3 1573 1780 430
3 735 1569 1432
3 979 1876 1519
3 396 1825 394
3 945 974 943
3 413 1793 1703
3 871 1666 864
3 1383 1730 1536
3 754 1704 755
3 877 1548 878
3 463 1588 1516
3 952 956 948
3 1173 1810 1175
3 608 1523 609
3 1529 1574 418
3 958 1425 954
3 851 1722 1575
3 1395 1621 410
3 520 1713 519
3 919 1543 752
3 486 1646 1645
3 973 1520 967
3 1134 1503 1493
3 777 1596 1579
3 1644 1651 444
3 867 871 864
3 600 616 601
3 1292 1573 1480
3 519 559 514
3 333 1704 754
3 1581 1812 1265
3 848 877 840
3 1788 1810 1194
3 513 1599 1191
3 794 1485 818
3 1573 1582 445
3 534 881 530
3 603 1605 605
3 691 1724 1714
3 401 406 403
3 1559 1803 521
3 833 1600 830
3 550 557 542
3 877 1818 1548
3 529 565 524
3 758 772 760
3 540 549 538
3 507 1717 1652
3 837 845 835
3 1473 1876 738
3 508 1753 507
3 478 1819 1539
3 901 1756 422
3 912 1706 408
3 1560 1730 1383
3 880 1857 1564
3 1458 1789 375
3 1714 1815 691
3 1536 1730 1490
3 817 1456 1455
3 385 387 386
3 1827 1894 845
3 1625 1842 438
3 941 947 939
3 498 569 555
3 387 389 388
3 800 1650 891
3 389 391 390
3 679 1621 1395
3 582 1515 581
3 391 393 392
3 399 401 400
3 1519 1876 1473
3 119 1789 1458
3 393 395 394
3 677 1875 1621
3 558 887 557
3 1667 1707 746
3 395 397 396
3 1648 1745 872
3 1205 1877 1207
3 397 399 398
3 916 917 704
3 744 751 743
3 1717 1882 901
3 1395 1470 731
3 752 1543 751
3 919 1653 1543
3 772 1661 780
3 561 1680 1630
3 484 1768 1742
3 1646 1742 492
3 965 1520 979
3 1783 1896 1486
3 1051 1598 1050
3 1803 1883 522
3 1005 1830 1003
3 669 1744 672
3 702 1855 916
3 1481 1518 811
3 1557 1731 1063
3 1496 1876 979
3 338 829 108
3 1603 1720 511
3 1812 1816 862
3 1143 1457 1148
3 1534 1535 1051
3 1778 1794 525
3 1415 1527 523
3 851 1771 1547
3 865 1881 1538
3 579 1511 582
3 1309 1811 1656
3 501 1652 900
3 418 1574 412
3 689 1851 1521
3 451 1705 448
3 894 1468 620
3 373 1802 1528
3 1540 1799 372
3 1440 1850 476
3 1128 1901 1645
3 1175 1860 1177
3 1595 1739 517
3 1815 1872 737
3 332 1798 883
3 1146 1503 1136
3 549 1725 1637
3 1768 1800 491
3 676 1744 1649
3 1447 1624 495
3 979 1519 963
3 500 1775 1628
3 1548 1549 878
3 1625 1755 479
3 741 1763 747
3 1540 1804 756
3 1725 1726 426
3 548 1896 1783
3 589 1511 577
3 740 1791 1635
3 699 1674 690
3 1612 1806 725
3 555 1747 1451
3 792 1486 1485
3 818 1542 796
3 816 1482 1481
3 858 1893 1866
3 1395 1825 1470
3 465 1616 462
3 1387 1629 1568
3 1467 1840 836
3 613 1766 619
3 551 1877 1280
3 1538 1869 865
3 409 1852 1470
3 503 1652 501
3 1128 1645 1461
3 1457 1628 1148
3 1596 1631 761
3 1586 1832 401
3 900 1732 499
3 473 1654 1539
3 1649 1806 676
3 1692 1781 707
3 1693 1786 847
3 862 1866 1431
3 725 1806 1649
3 1668 1745 713
3 1451 1797 481
3 758 1704 772
3 1112 1824 1630
3 704 1698 703
3 1526 1640 518
3 1565 1853 750
3 891 1820 1483
3 899 1837 539
3 1669 1807 745
3 1585 1757 870
3 720 1724 1019
3 1516 1588 475
3 485 1675 483
3 831 1805 1528
3 672 1744 676
3 332 883 106
3 743 1763 741
3 1523 1524 626
3 841 1786 1693
3 731 1689 680
3 426 1727 1725
3 685 1689 905
3 690 1674 692
3 1500 1671 1225
3 1103 1553 1112
3 881 1619 529
3 619 1766 1443
3 1407 1871 1409
3 1424 1834 1742
3 322 895 888
3 609 1523 626
3 1539 1654 478
3 1171 1559 1194
3 491 1790 1424
3 476 1850 455
3 1666 1667 860
3 1462 1834 1117
3 589 1552 1511
3 1680 1868 469
3 1649 1744 666
3 1439 1754 531
3 1414 1861 994
3 1496 1522 738
3 597 1563 600
3 680 1689 682
3 627 1550 593
3 1630 1824 561
3 777 1631 1596
3 703 1698 706
3 504 1720 1603
3 406 1574 407
3 565 1713 524
3 329 893 104
3 798 1542 802
3 549 1726 1725
3 1627 1698 704
3 502 1739 1595
3 1111 1571 1107
3 1203 1607 1280
3 1105 1571 1553
3 1019 1724 693
3 1549 1856 904
3 560 1705 451
3 626 1766 611
3 1550 1563 595
3 1851 1852 1521
3 142 1787 1641
3 699 1748 1674
3 956 1767 1618
3 1482 1873 547
3 616 1558 601
3 1619 1620 565
3 1139 1584 1146
3 323 898 102
3 130 895 322
3 1443 1766 626
3 1007 1583 1016
3 1209 1614 1527
3 1691 1692 707
3 1280 1778 551
3 559 1753 514
3 1618 1767 1425
3 1496 1758 1522
3 1729 1780 445
3 725 1649 664
3 550 1686 558
3 1109 1587 1111
3 417 1740 418
3 555 1675 488
3 1111 1572 1571
3 437 1716 435
3 443 1842 1811
3 461 1655 1551
3 509 1890 1678
3 459 1640 1526
3 533 1754 1439
3 1170 1592 1559
3 399 1836 1586
3 433 1719 431
3 420 1740 417
3 1518 1591 813
3 1117 1834 1424
3 1568 1690 1267
3 1439 1607 1202
3 846 1823 1822
3 1702 1831 1264
3 1016 1830 1005
3 1148 1584 1141
3 1558 1605 603
3 1194 1810 1173
3 1017 1590 1012
3 1668 1669 745
3 547 1879 1482
3 605 1605 608
3 1701 1702 1264
3 498 1732 569
3 507 1753 1717
3 549 1829 1726
3 1786 1840 847
3 1733 1889 705
3 1280 1877 1205
3 1112 1629 1102
3 727 1748 1702
3 1461 1645 492
3 1671 1773 495
3 943 1752 941
3 1645 1646 492
3 468 1616 465
3 1528 1805 915
3 1500 1773 1671
3 1622 1808 896
3 1424 1790 1115
3 768 1631 777
3 948 1760 945
3 1010 1590 1583
3 1841 1882 559
3 408 1836 397
3 1853 1854 1080
3 1725 1727 428
3 507 1652 503
3 527 1810 1788
3 914 1804 1540
3 954 1767 952
3 878 1827 839
3 517 1886 1457
3 1177 1860 1192
3 1522 1758 718
3 409 1831 1521
3 1678 1890 566
3 1113 1790 1587
3 1565 1862 736
3 1614 1615 1527
3 802 1650 800
3 1535 1598 1051
3 1742 1834 492
3 397 1836 399
3 1207 1877 1614
3 1690 1694 477
3 1583 1590 737
3 488 1675 485
3 1650 1820 891
3 529 1619 565
3 435 1716 442
3 1822 1823 841
3 1521 1852 409
3 692 1674 695
3 736 1854 1853
3 1862 1863 736
3 649 1749 647
3 431 1719 911
3 1739 1886 517
3 1525 1605 1558
3 545 1813 1579
3 522 1878 1803
3 1765 1809 1243
3 432 1780 1729
3 337 1844 1804
3 1451 1675 555
3 682 1689 685
3 322 1880 892
3 1723 1787 113
3 1828 1879 537
3 522 1883 1615
3 706 1698 710
3 466 1859 1694
3 1542 1801 802
3 941 1752 947
3 1810 1860 1175
3 1687 1828 535
3 1440 1836 408
3 1722 1858 834
3 1562 1690 477
3 557 1829 542
3 736 1853 1565
3 551 1615 1614
3 564 1662 1661
3 523 1883 1803
3 1416 1832 1586
3 1127 1809 1765
3 552 1687 1591
3 1146 1900 1504
3 1769 1901 493
3 440 1716 437
3 854 1818 848
3 1016 1872 1714
3 547 1899 1879
3 845 1838 835
3 442 1719 433
3 735 1889 1733
3 427 1740 420
3 1455 1814 792
3 647 1749 650
3 552 1828 1687
3 1587 1790 491
3 1805 1891 338
3 1726 1829 557
3 745 1807 1707
3 1804 1844 756
3 945 1760 974
3 484 1742 1646
3 974 1752 943
3 560 1706 1705
3 956 1760 948
3 1425 1767 954
3 835 1838 833
3 845 1894 1798
3 952 1767 956
3 839 1827 837
3 1553 1824 1112
3 1833 1878 520
3 436 1651 1644
3 542 1829 540
3 477 1859 1500
3 1483 1873 816
3 523 1803 1592
3 521 1878 1833
3 539 1899 899
3 531 1794 1778
3 500 1886 1739
3 905 1852 1851
3 552 1591 1518
3 1600 1798 332
3 831 1891 1805
3 1628 1775 556
3 816 1873 1482
3 905 1851 687
3 727 1855 700
3 1456 1814 1455
3 676 1875 674
3 940 1861 1414
3 438 1755 1625
3 848 1818 877
3 492 1834 1462
3 792 1814 1486
3 423 1882 1841
3 745 1707 1667
3 453 1850 560
3 1053 1871 1407
3 837 1827 845
3 540 1829 549
3 455 1850 453
3 449 1892 1654
3 833 1838 1600
3 1707 1807 742
3 700 1855 702
3 687 1851 689
3 519 1841 559
3 892 1880 558
3 447 1843 440
3 674 1875 677
3 521 1833 1788
3 1648 1691 713
3 480 1870 468
3 737 1872 1583
3 1485 1896 818
3 1457 1886 1628
3 544 1884 1783
3 1654 1892 478
3 1637 1725 428
3 558 1880 887
3 1713 1841 519
3 1583 1872 1016
3 1527 1883 523
3 1486 1896 1485
3 1694 1859 477
3 616 1826 1558
3 1584 1900 1146
3 1500 1859 1773
3 1650 1898 1820
3 738 1876 1496
3 713 1745 1648
3 711 1807 1669
3 1820 1873 1483
3 616 1865 1826
3 482 1800 1768
3 1615 1883 1527
3 1600 1838 1798
3 1614 1877 551
3 468 1870 1616
3 440 1843 1716
3 1558 1826 1525
3 1803 1878 521
3 1798 1838 845
3 838 1840 1786
3 678 1863 1862
3 1898 1899 547
3 527 1860 1810
3 486 1901 1769
3 899 1899 1898
3 1820 1898 547
3 547 1873 1820
3 1826 1865 1526
3 1773 1859 466
3 404 917 916

CELL_TYPES 3802
3
3
3
3
3
3
3
3
3
3
3
3
3
3
3
3
3
3
3
3
3
3
3
3
3
3
3
3
3
3
3
3
3
3
3
3
3
3
3
3
3
3
3
3
3
3
3
3
3
3
3
3
3
3
3
3
3
3
3
3
3
3
3
3
3
3
3
3
3
3
3
3
3
3
3
3
3
3
3
3
3
3
3
3
3
3
3
3
3
3
3
3
3
3
3
3
3
3
3
3
3
3
3
3
3
3
3
3
3
3
3
3
3
3
3
3
3
3
3
3
3
3
3
3
3
3
3
3
3
3
3
3
3
3
3
3
3
3
3
3
3
3
3
3
3
3
3
3
3
3
3
3
3
3
3
3
3
3
3
3
3
3
3
3
3
3
3
3
3
3
3
3
3
3
3
3
3
3
3
3
3
3
3
3
3
3
3
3
3
3
3
3
3
3
3
3
3
3
3
3
3
3
3
3
3
3
3
3
3
3
3
3
3
3
3
3
3
3
3
3
3
3
3
3
3
3
3
3
3
3
3
3
3
3
3
3
3
3
3
3
3
3
3
3
3
3
3
3
3
3
3
3
3
3
3
3
3
3
3
3
3
3
3
3
3
3
3
3
3
3
3
3
3
3
3
3
3
5
5
5
5
5
5
5
5
5
5
5
5
5
5
5
5
5
5
5
5
5
5
5
5
5
5
5
5
5
5
5
5
5
5
5
5
5
5
5
5
5
5
5
5
5
5
5
5
5
5
5
5
5
5
5
5
5
5
5
5
5
5
5
5
5
5
5
5
5
5
5
5
5
5
5
5
5
5
5
5
5
5
5
5
5
5
5
5
5
5
5
5
5
5
5
5
5
5
5
5
5
5
5
5
5
5
5
5
5
5
5
5
5
5
5
5
5
5
5
5
5
5
5
5
5
5
5
5
5
5
5
5
5
5
5
5
5
5
5
5
5
5
5
5
5
5
5
5
5
5
5
5
5
5
5
5
5
5
5
5
5
5
5
5
5
5
5
5
5
5
5
5
5
5
5
5
5
5
5
5
5
5
5
5
5
5
5
5
5
5
5
5
5
5
5
5
5
5
5
5
5
5
5
5
5
5
5
5
5
5
5
5
5
5
5
5
5
5
5
5
5
5
5
5
5
5
5
5
5
5
5
5
5
5
5
5
5
5
5
5
5
5
5
5
5
5
5
5
5
5
5
5
5
5
5
5
5
5
5
5
5
5
5
5
5
5
5
5
5
5
5
5
5
5
5
5
5
5
5
5
5
5
5
5
5
5
5
5
5
5
5
5
5
5
5
5
5
5
5
5
5
5
5
5
5
5
5
5
5
5
5
5
5
5
5
5
5
5
5
5
5
5
5
5
5
5
5
5
5
5
5
5
5
5
5
5
5
5
5
5
5
5
5
5
5
5
5
5
5
5
5
5
5
5
5
5
5
5
5
5
5
5
5
5
5
5
5
5
5
5
5
5
5
5
5
5
5
5
5
5
5
5
5
5
5
5
5
5
5
5
5
5
5
5
5
5
5
5
5
5
5
5
5
5
5
5
5
5
5
5
5
5
5
5
5
5
5
5
5
5
5
5
5
5
5
5
5
5
5
5
5
5
5
5
5
5
5
5
5
5
5
5
5
5
5
5
5
5
5
5
5
5
5
5
5
5
5
5
5
5
5
5
5
5
5
5
5
5
5
5
5
5
5
5
5
5
5
5
5
5
5
5
5
5
5
5
5
5
5
5
5
5
5
5
5
5
5
5
5
5
5
5
5
5
5
5
5
5
5
5
5
5
5
5
5
5
5
5
5
5
5
5
5
5
5
5
5
5
5
5
5
5
5
5
5
5
5
5
5
5
5
5
5
5
5
5
5
5
5
5
5
5
5
5
5
5
5
5
5
5
5
5
5
5
5
5
5
5
5
5
5
5
5
5
5
5
5
5
5
5
5
5
5
5
5
5
5
5
5
5
5
5
5
5
5
5
5
5
5
5
5
5
5
5
5
5
5
5
5
5
5
5
5
5
5
5
5
5
5
5
5
5
5
5
5
5
5
5
5
5
5
5
5
5
5
5
5
5
5
5
5
5
5
5
5
5
5
5
5
5
5
5
5
5
5
5
5
5
5
5
5
5
5
5
5
5
5
5
5
5
5
5
5
5
5
5
5
5
5
5
5
5
5
5
5
5
5
5
5
5
5
5
5
5
5
5
5
5
5
5
5
5
5
5
5
5
5
5
5
5
5
5
5
5
5
5
5
5
5
5
5
5
5
5
5
5
5
5
5
5
5
5
5
5
5
5
5
5
5
5
5
5
5
5
5
5
5
5
5
5
5
5
5
5
5
5
5
5
5
5
5
5
5
5
5
5
5
5
5
5
5
5
5
5
5
5
5
5
5
5
5
5
5
5
5
5
5
5
5
5
5
5
5
5
5
5
5
5
5
5
5
5
5
5
5
5
5
5
5
5
5
5
5
5
5
5
5
5
5
5
5
5
5
5
5
5
5
5
5
5
5
5
5
5
5
5
5
5
5
5
5
5
5
5
5
5
5
5
5
5
5
5
5
5
5
5
5
5
5
5
5
5
5
5
5
5
5
5
5
5
5
5
5
5
5
5
5
5
5
5
5
5
5
5
5
5
5
5
5
5
5
5
5
5
5
5
5
5
5
5
5
5
5
5
5
5
5
5
5
5
5
5
5
5
5
5
5
5
5
5
5
5
5
5
5
5
5
5
5
5
5
5
5
5
5
5
5
5
5
5
5
5
5
5
5
5
5
5
5
5
5
5
5
5
5
5
5
5
5
5
5
5
5
5
5
5
5
5
5
5
5
5
5
5
5
5
5
5
5
5
5
5
5
5
5
5
5
5
5
5
5
5
5
5
5
5
5
5
5
5
5
5
5
5
5
5
5
5
5
5
5
5
5
5
5
5
5
5
5
5
5
5
5
5
5
5
5
5
5
5
5
5
5
5
5
5
5
5
5
5
5
5
5
5
5
5
5
5
5
5
5
5
5
5
5
5
5
5
5
5
5
5
5
5
5
5
5
5
5
5
5
5
5
5
5
5
5
5
5
5
5
5
5
5
5
5
5
5
5
5
5
5
5
5
5
5
5
5
5
5
5
5
5
5
5
5
5
5
5
5
5
5
5
5
5
5
5
5
5
5
5
5
5
5
5
5
5
5
5
5
5
5
5
5
5
5
5
5
5
5
5
5
5
5
5
5
5
5
5
5
5
5
5
5
5
5
5
5
5
5
5
5
5
5
5
5
5
5
5
5
5
5
5
5
5
5
5
5
5
5
5
5
5
5
5
5
5
5
5
5
5
5
5
5
5
5
5
5
5
5
5
5
5
5
5
5
5
5
5
5
5
5
5
5
5
5
5
5
5
5
5
5
5
5
5
5
5
5
5
5
5
5
5
5
5
5
5
5
5
5
5
5
5
5
5
5
5
5
5
5
5
5
5
5
5
5
5
5
5
5
5
5
5
5
5
5
5
5
5
5
5
5
5
5
5
5
5
5
5
5
5
5
5
5
5
5
5
5
5
5
5
5
5
5
5
5
5
5
5
5
5
5
5
5
5
5
5
5
5
5
5
5
5
5
5
5
5
5
5
5
5
5
5
5
5
5
5
5
5
5
5
5
5
5
5
5
5
5
5
5
5
5
5
5
5
5
5
5
5
5
5
5
5
5
5
5
5
5
5
5
5
5
5
5
5
5
5
5
5
5
5
5
5
5
5
5
5
5
5
5
5
5
5
5
5
5
5
5
5
5
5
5
5
5
5
5
5
5
5
5
5
5
5
5
5
5
5
5
5
5
5
5
5
5
5
5
5
5
5
5
5
5
5
5
5
5
5
5
5
5
5
5
5
5
5
5
5
5
5
5
5
5
5
5
5
5
5
5
5
5
5
5
5
5
5
5
5
5
5
5
5
5
5
5
5
5
5
5
5
5
5
5
5
5
5
5
5
5
5
5
5
5
5
5
5
5
5
5
5
5
5
5
5
5
5
5
5
5
5
5
5
5
5
5
5
5
5
5
5
5
5
5
5
5
5
5
5
5
5
5
5
5
5
5
5
5
5
5
5
5
5
5
5
5
5
5
5
5
5
5
5
5
5
5
5
5
5
5
5
5
5
5
5
5
5
5
5
5
5
5
5
5
5
5
5
5
5
5
5
5
5
5
5
5
5
5
5
5
5
5
5
5
5
5
5
5
5
5
5
5
5
5
5
5
5
5
5
5
5
5
5
5
5
5
5
5
5
5
5
5
5
5
5
5
5
5
5
5
5
5
5
5
5
5
5
5
5
5
5
5
5
5
5
5
5
5
5
5
5
5
5
5
5
5
5
5
5
5
5
5
5
5
5
5
5
5
5
5
5
5
5
5
5
5
5
5
5
5
5
5
5
5
5
5
5
5
5
5
5
5
5
5
5
5
5
5
5
5
5
5
5
5
5
5
5
5
5
5
5
5
5
5
5
5
5
5
5
5
5
5
5
5
5
5
5
5
5
5
5
5
5
5
5
5
5
5
5
5
5
5
5
5
5
5
5
5
5
5
5
5
5
5
5
5
5
5
5
5
5
5
5
5
5
5
5
5
5
5
5
5
5
5
5
5
5
5
5
5
5
5
5
5
5
5
5
5
5
5
5
5
5
5
5
5
5
5
5
5
5
5
5
5
5
5
5
5
5
5
5
5
5
5
5
5
5
5
5
5
5
5
5
5
5
5
5
5
5
5
5
5
5
5
5
5
5
5
5
5
5
5
5
5
5
5
5
5
5
5
5
5
5
5
5
5
5
5
5
5
5
5
5
5
5
5
5
5
5
5
5
5
5
5
5
5
5
5
5
5
5
5
5
5
5
5
5
5
5
5
5
5
5
5
5
5
5
5
5
5
5
5
5
5
5
5
5
5
5
5
5
5
5
5
5
5
5
5
5
5
5
5
5
5
5
5
5
5
5
5
5
5
5
5
5
5
5
5
5
5
5
5
5
5
5
5
5
5
5
5
5
5
5
5
5
5
5
5
5
5
5
5
5
5
5
5
5
5
5
5
5
5
5
5
5
5
5
5
5
5
5
5
5
5
5
5
5
5
5
5
5
5
5
5
5
5
5
5
5
5
5
5
5
5
5
5
5
5
5
5
5
5
5
5
5
5
5
5
5
5
5
5
5
5
5
5
5
5
5
5
5
5
5
5
5
5
5
5
5
5
5
5
5
5
5
5
5
5
5
5
5
5
5
5
5
5
5
5
5
5
5
5
5
5
5
5
5
5
5
5
5
5
5
5
5
5
5
5
5
5
5
5
5
5
5
5
5
5
5
5
5
5
5
5
5
5
5
5
5
5
5
5
5
5
5
5
5
5
5
5
5
5
5
5
5
5
5
5
5
5
5
5
5
5
5
5
5
5
5
5
5
5
5
5
5
5
5
5
5
5
5
5
5
5
5
5
5
5
5
5
5
5
5
5
5
5
5
5
5
5
5
5
5
5
5
5
5
5
5
5
5
5
5
5
5
5
5
5
5
5
5
5
5
5
5
5
5
5
5
5
5
5
5
5
5
5
5
5
5
5
5
5
5
5
5
5
5
5
5
5
5
5
5
5
5
5
5
5
5
5
5
5
5
5
5
5
5
5
5
5
5
5
5
5
5
5
5
5
5
5
5
5
5
5
5
5
5
5
5
5
5
5
5
5
5
5
5
5
5
5
5
5
5
5
5
5
5
5
5
5
5
5
5
5
5
5
5
5
5
5
5
5
5
5
5
5
5
5
5
5
5
5
5
5
5
5
5
5
5
5
5
5
5
5
5
5
5
5
5
5
5
5
5
5
5
5
5
5
5
5
5
5
5
5
5
5
5
5
5
5
5
5
5
5
5
5
5
5
5
5
5
5
5
5
5
5
5
5
5
5
5
5
5
5
5
5
5
5
5
5
5
5
5
5
5
5
5
5
5
5
5
5
5
5
5
5
5
5
5
5
5
5
5
5
5
5
5
5
5
5
5
5
5
5
5
5
5
5
5
5
5
5
5
5
5
5
5
5
5
5
5
5
5
5
5
5
5
5
5
5
5
5
5
5
5
5
5
5
5
5
5
5
5
5
5
5
5
5
5
5
5
5
5
5
5
5
5
5
5
5
5
5
5
5
5
5
5
5
5
5
5
5
5
5
5
5
5
5
5
5
5
5
5
5
5
5
5
5
5
5
5
5
5
5
5
5
5
5
5
5
5
5
5
5
5
5
5
5
5
5
5
5
5
5
5
5
5
5
5
5
5
5
5
5
5
5
5
5
5
5
5
5
5
5
5
5
5
5
5
5
5
5
5
5
5
5
5
5
5
5
5
5
5
5
5
5
5
5
5
5
5
5
5
5
5
5
5
5
5
5
5
5
5
5
5
5
5
5
5
5
5
5
5
5
5
5
5
5
5
5
5
5
5
5
5
5
5
5
5
5
5
5
5
5
5
5
5
5
5
5
5
5
5
5
5
5
5
5
5
5
5
5
5
5
5
5
5
5
5
5
5
5
5
5
5
5
5
5
5
5
5
5
5
5
5
5
5
5
5
5
5
5
5
5
5
5
5
5
5
5
5
5
5
5
5
5
5
5
5
5
5
5
5
5
5
5
5
5
5
5
5
5
5
5
5
5
5
5
5
5
5
5
5
5
5
5
5
5
5
5
5
5
5
5
5
5
5
5
5
5
5
5
5
5
5
5
5
5
5
5
5
5
5
5
5
5
5
5
5
5
5
5
5
5
5
5
5
5
5
5
5
5
5
5
5
5
5
5
5
5
5
5
5
5
5
5
5
5
5
5
5
5
5
5
5
5
5
5
5
5
5
5
5
5
5
5
5
5
5
5
5
5
5
5
5
5
5
5
5
5
5
5
5
5
5
5
5
5
5
5
5
5
5
5
5
5
5
5
5
5
5
5
5
5
5
5
5
5
5
5
5
5
5
5
5
5
5
5
5
5
5
5
5
5
5
5
5
5
5
5
5
5
5
5
5
5
5
5
5
5
5
5
5
5
5
5
5
5
5
5
5
5
5
5
5
5
5
5
5
5
5
5
5
5
5
5
5
5
5
5
5
5
5
5
5
5
5
5
5
5
5
5
5
5
5
5
5
5
5
5
5
5
5
5
5
5
5
5
5
5
5
5
5
5
5
5
5
5
5
5
5
5
5
5
5
5
5
5
5
5
5
5
5
5
5
5
5
5
5
5
5
5
5
5
5
5
5
5
5
5
5
5
5
5
5
5
5
5
5
5
5
5
5
5
5
5
5
5
5
5
5
5
5
5
5
5
5
5
5
5
5
5
5
5
5
5
5
5
5
5
5
5
5
5
5
5
5
5
5
5
5
5
5
5
5
5
5
5
5
5
5
5
5
5
5
5
5
5
5
5
5
5
5
5
5
5
5
5
5
5
5
5
5
5
5
5
5
5
5
5
5
5
5
5
5
5
5
5
5
5
5
5
5
5
5
5
5
5
5
5
5
5
5
5
5
5
5
5
5
5
5
5
5
5
5
5
5
5
5
5
5
5
5
5
5
5
5
5
5
5
5
5
5
5
5
5
5
5
5
5
5
5
5
5
5
5
5
5
5
5
5
5
5
5
5
5
5
5
5
5
5
5
5
5
5
5
5
5
5
5
5
5
5
5
5
5
5
5
5
5
5
5
5
5
5
5
5
5
5
5
5
5
5
5
5
5
5
5
5
5
5
5
5
5
5
5
5
5
5
5
5
5
5
5
5
5
5
5
5
5
5
5
5
5
5
5
5
5
5
5
5
5
5
5
5
5
5
5
5
5
5
5
5
5
5
5
5
5
5
5
5
5
5
5
5
5
5
5
5
5
5
5
5
5
5
5
5
5
5
5
5
5
5
5
5
5
5
5
5
5
5
5
5
5
5
5
5
5
5
5
5
5
5
5
5
5
5
5
5
5
5
5
5
5
5
5
5
5
5
5
5
5
5
5
5
5
5
5
5
5
5
5
5
5
5
5
5
5
5
5
5
5
5
5
5
5
5
5
5
5
5
5
5
5
5
5
5
5
5
5
5
5
5
5
5
5
5
5
5
5
5
5
5
5
5
5
5
5
5
5
5
5
5
5
5
5
5
5
5
5
5
5
5
5
5
5
5
5
5
5
5
5
5
5
5
5
5
5
5
5
5
5
5
5
5
5
5
5
5
5
5
5
5
5
5
5
5
5
5
5
5
5
5
5
5
5
5
5
5
5
5
5
5
5
5
5
5
5
5
5
5
5
5
5
5
5
5
5
5
5
5
5
5
5
5
5
5
5
5
5
5
5
5
5
5
5
5
5
5
5
5
5
5
5
5
5
5
5
5
5
5
5
5
5
5
5
5
5
5
5
5
5
5
5
5
5
5
5
5
5
5
5
5
5
5
5
5
5
5
5
5
5
5
5
5
5
5
5
5
5
5
5
5
5
5
5
5
5
5
5
5
5
5
5
5
5
5
5
5
5
5
5
5
5
5
5
5
5
5
5
5
5
5
5
5
5
5
5
5
5
5
5
5
5
5
5
5
5
5
5
5
5
5
5
5
5
5
5
5
5
5
5
5
5
5
5
5

CELL_DATA 3802
SCALARS CellEntityIds int 1
LOOKUP_TABLE default
6
6
6
6
6
6
6
6
6
6
6
6
6
6
6
6
6
6
6
6
6
6
6
6
6
6
6
6
6
6
6
6
6
6
6
6
6
6
6
6
6
6
6
6
6
6
6
6
6
6
6
6
6
6
6
6
6
6
6
6
6
6
6
6
6
6
6
6
6
6
6
6
6
6
6
6
6
6
6
6
6
6
6
6
6
3
3
3
3
3
3
3
3
3
3
3
3
3
3
3
3
3
3
3
3
3
3
3
3
5
5
5
5
5
5
5
5
4
4
4
4
4
4
4
4
4
4
4
4
4
4
4
4
4
4
4
4
4
4
4
4
6
6
6
6
6
6
6
6
6
6
6
6
6
6
6
6
6
6
6
6
6
6
6
6
6
6
6
6
6
6
6
6
6
6
6
6
6
6
6
6
6
6
6
6
6
6
6
6
6
6
6
6
6
6
6
6
6
6
6
6
6
6
6
6
6
6
6
6
6
6
6
6
6
6
6
6
6
6
6
6
6
6
6
6
6
2
2
2
2
2
2
2
2
2
2
2
2
2
2
2
2
2
2
2
2
2
2
2
2
2
2
2
2
2
2
2
2
2
2
2
2
2
2
2
2
2
2
2
2
2
2
2
2
2
2
2
1
1
1
1
1
1
1
1
1
1
1
1
1
1
1
1
1
1
1
1
1
1
1
1
1
1
1
1
1
1
1
1
1
1
1
1
1
1
1
1
1
1
1
1
1
1
1
1
1
1
1
1
1
1
1
1
1
1
1
1
1
1
1
1
1
1
1
1
1
1
1
1
1
1
1
1
1
1
1
1
1
1
1
1
1
1
1
1
1
1
1
1
1
1
1
1
1
1
1
1
1
1
1
1
1
1
1
1
1
1
1
1
1
1
1
1
1
1
1
1
1
1
1
1
1
1
1
1
1
1
1
1
1
1
1
1
1
1
1
1
1
1
1
1
1
1
1
1
1
1
1
1
1
1
1
1
1
1
1
1
1
1
1
1
1
1
1
1
1
1
1
1
1
1
1
1
1
1
1
1
1
1
1
1
1
1
1
1
1
1
1
1
1
1
1
1
1
1
1
1
1
1
1
1
1
1
1
1
1
1
1
1
1
1
1
1
1
1
1
1
1
1
1
1
1
1
1
1
1
1
1
1
1
1
1
1
1
1
1
1
1
1
1
1
1
1
1
1
1
1
1
1
1
1
1
1
1
1
1
1
1
1
1
1
1
1
1
1
1
1
1
1
1
1
1
1
1
1
1
1
1
1
1
1
1
1
1
1
1
1
1
1
1
1
1
1
1
1
1
1
1
1
1
1
1
1
1
1
1
1
1
1
1
1
1
1
1
1
1
1
1
1
1
1
1
1
1
1
1
1
1
1
1
1
1
1
1
1
1
1
1
1
1
1
1
1
1
1
1
1
1
1
1
1
1
1
1
1
1
1
1
1
1
1
1
1
1
1
1
1
1
1
1
1
1
1
1
1
1
1
1
1
1
1
1
1
1
1
1
1
1
1
1
1
1
1
1
1
1
1
1
1
1
1
1
1
1
1
1
1
1
1
1
1
1
1
1
1
1
1
1
1
1
1
1
1
1
1
1
1
1
1
1
1
1
1
1
1
1
1
1
1
1
1
1
1
1
1
1
1
1
1
1
1
1
1
1
1
1
1
1
1
1
1
1
1
1
1
1
1
1
1
1
1
1
1
1
1
1
1
1
1
1
1
1
1
1
1
1
1
1
1
1
1
1
1
1
1
1
1
1
1
1
1
1
1
1
1
1
1
1
1
1
1
1
1
1
1
1
1
1
1
1
1
1
1
1
1
1
1
1
1
1
1
1
1
1
1
1
1
1
1
1
1
1
1
1
1
1
1
1
1
1
1
1
1
1
1
1
1
1
1
1
1
1
1
1
1
1
1
1
1
1
1
1
1
1
1
1
1
1
1
1
1
1
1
1
1
1
1
1
1
1
1
1
1
1
1
1
1
1
1
1
1
1
1
1
1
1
1
1
1
1
1
1
1
1
1
1
1
1
1
1
1
1
1
1
1
1
1
1
1
1
1
1
1
1
1
1
1
1
1
1
1
1
1
1
1
1
1
1
1
1
1
1
1
1
1
1
1
1
1
1
1
1
1
1
1
1
1
1
1
1
1
1
1
1
1
1
1
1
1
1
1
1
1
1
1
1
1
1
1
1
1
1
1
1
1
1
1
1
1
1
1
1
1
1
1
1
1
1
1
1
1
1
1
1
1
1
1
1
1
1
1
1
1
1
1
1
1
1
1
1
1
1
1
1
1
1
1
1
1
1
1
1
1
1
1
1
1
1
1
1
1
1
1
1
1
1
1
1
1
1
1
1
1
1
1
1
1
1
1
1
1
1
1
1
1
1
1
1
1
1
1
1
1
1
1
1
1
1
1
1
1
1
1
1
1
1
1
1
1
1
1
1
1
1
1
1
1
1
1
1
1
1
1
1
1
1
1
1
1
1
1
1
1
1
1
1
1
1
1
1
1
1
1
1
1
1
1
1
1
1
1
1
1
1
1
1
1
1
1
1
1
1
1
1
1
1
1
1
1
1
1
1
1
1
1
1
1
1
1
1
1
1
1
1
1
1
1
1
1
1
1
1
1
1
1
1
1
1
1
1
1
1
1
1
1
1
1
1
1
1
1
1
1
1
1
1
1
1
1
1
1
1
1
1
1
1
1
1
1
1
1
1
1
1
1
1
1
1
1
1
1
1
1
1
1
1
1
1
1
1
1
1
1
1
1
1
1
1
1
1
1
1
1
1
1
1
1
1
1
1
1
1
1
1
1
1
1
1
1
1
1
1
1
1
1
1
1
1
1
1
1
1
1
1
1
1
1
1
1
1
1
1
1
1
1
1
1
1
1
1
1
1
1
1
1
1
1
1
1
1
1
1
1
1
1
1
1
1
1
1
1
1
1
1
1
1
1
1
1
1
1
1
1
1
1
1
1
1
1
1
1
1
1
1
1
1
1
1
1
1
1
1
1
1
1
1
1
1
1
1
1
1
1
1
1
1
1
1
1
1
1
1
1
1
1
1
1
1
1
1
1
1
1
1
1
1
1
1
1
1
1
1
1
1
1
1
1
1
1
1
1
1
1
1
1
1
1
1
1
1
1
1
1
1
1
1
1
1
1
1
1
1
1
1
1
1
1
1
1
1
1
1
1
1
1
1
1
1
1
1
1
1
1
1
1
1
1
1
1
1
1
1
1
1
1
1
1
1
1
1
1
1
1
1
1
1
1
1
1
1
1
1
1
1
1
1
1
1
1
1
1
1
1
1
1
1
1
1
1
1
1
1
1
1
1
1
1
1
1
1
1
1
1
1
1
1
1
1
1
1
1
1
1
1
1
1
1
1
1
1
1
1
1
1
1
1
1
1
1
1
1
1
1
1
1
1
1
1
1
1
1
1
1
1
1
1
1
1
1
1
1
1
1
1
1
1
1
1
1
1
1
1
1
1
1
1
1
1
1
1
1
1
1
1
1
1
1
1
1
1
1
1
1
1
1
1
1
1
1
1
1
1
1
1
1
1
1
1
1
1
1
1
1
1
1
1
1
1
1
1
1
1
1
1
1
1
1
1
1
1
1
1
1
1
1
1
1
1
1
1
1
1
1
1
1
1
1
1
1
1
1
1
1
1
1
1
1
1
1
1
1
1
1
1
1
1
1
1
1
1
1
1
1
1
1
1
1
1
1
1
1
1
1
1
1
1
1
1
1
1
1
1
1
1
1
1
1
1
1
1
1
1
1
1
1
1
1
1
1
1
1
1
1
1
1
1
1
1
1
1
1
1
1
1
1
1
1
1
1
1
1
1
1
1
1
1
1
1
1
1
1
1
1
1
1
1
1
1
1
1
1
1
1
1
1
1
1
1
1
1
1
1
1
1
1
1
1
1
1
1
1
1
1
1
1
1
1
1
1
1
1
1
1
1
1
1
1
1
1
1
1
1
1
1
1
1
1
1
1
1
1
1
1
1
1
1
1
1
1
1
1
1
1
1
1
1
1
1
1
1
1
1
1
1
1
1
1
1
1
1
1
1
1
1
1
1
1
1
1
1
1
1
1
1
1
1
1
1
1
1
1
1
1
1
1
1
1
1
1
1
1
1
1
1
1
1
1
1
1
1
1
1
1
1
1
1
1
1
1
1
1
1
1
1
1
1
1
1
1
1
1
1
1
1
1
1
1
1
1
1
1
1
1
1
1
1
1
1
1
1
1
1
1
1
1
1
1
1
1
1
1
1
1
1
1
1
1
1
1
1
1
1
1
1
1
1
1
1
1
1
1
1
1
1
1
1
1
1
1
1
1
1
1
1
1
1
1
1
1
1
1
1
1
1
1
1
1
1
1
1
1
1
1
1
1
1
1
1
1
1
1
1
1
1
1
1
1
1
1
1
1
1
1
1
1
1
1
1
1
1
1
1
1
1
1
1
1
1
1
1
1
1
1
1
1
1
1
1
1
1
1
1
1
1
1
1
1
1
1
1
1
1
1
1
1
1
1
1
1
1
1
1
1
1
1
1
1
1
1
1
1
1
1
1
1
1
1
1
1
1
1
1
1
1
1
1
1
1
1
1
1
1
1
1
1
1
1
1
1
1
1
1
1
1
1
1
1
1
1
1
1
1
1
1
1
1
1
1
1
1
1
1
1
1
1
1
1
1
1
1
1
1
1
1
1
1
1
1
1
1
1
1
1
1
1
1
1
1
1
1
1
1
1
1
1
1
1
1
1
1
1
1
1
1
1
1
1
1
1
1
1
1
1
1
1
1
1
1
1
1
1
1
1
1
1
1
1
1
1
1
1
1
1
1
1
1
1
1
1
1
1
1
1
1
1
1
1
1
1
1
1
1
1
1
1
1
1
1
1
1
1
1
1
1
1
1
1
1
1
1
1
1
1
1
1
1
1
1
1
1
1
1
1
1
1
1
1
1
1
1
1
1
1
1
1
1
1
1
1
1
1
1
1
1
1
1
1
1
1
1
1
1
1
1
1
1
1
1
1
1
1
1
1
1
1
1
1
1
1
1
1
1
1
1
1
1
1
1
1
1
1
1
1
1
1
1
1
1
1
1
1
1
1
1
1
1
1
1
1
1
1
1
1
1
1
1
1
1
1
1
1
1
1
1
1
1
1
1
1
1
1
1
1
1
1
1
1
1
1
1
1
1
1
1
1
1
1
1
1
1
1
1
1
1
1
1
1
1
1
1
1
1
1
1
1
1
1
1
1
1
1
1
1
1
1
1
1
1
1
1
1
1
1
1
1
1
1
1
1
1
1
1
1
1
1
1
1
1
1
1
1
1
1
1
1
1
1
1
1
1
1
1
1
1
1
1
1
1
1
1
1
1
1
1
1
1
1
1
1
1
1
1
1
1
1
1
1
1
1
1
1
1
1
1
1
1
1
1
1
1
1
1
1
1
1
1
1
1
1
1
1
1
1
1
1
1
1
1
1
1
1
1
1
1
1
1
1
1
1
1
1
1
1
1
1
1
1
1
1
1
1
1
1
1
1
1
1
1
1
1
1
1
1
1
1
1
1
1
1
1
1
1
1
1
1
1
1
1
1
1
1
1
1
1
1
1
1
1
1
1
1
1
1
1
1
1
1
1
1
1
1
1
1
1
1
1
1
1
1
1
1
1
1
1
1
1
1
1
1
1
1
1
1
1
1
1
1
1
1
1
1
1
1
1
1
1
1
1
1
1
1
1
1
1
1
1
1
1
1
1
1
1
1
1
1
1
1
1
1
1
1
1
1
1
1
1
1
1
1
1
1
1
1
1
1
1
1
1
1
1
1
1
1
1
1
1
1
1
1
1
1
1
1
1
1
1
1
1
1
1
1
1
1
1
1
1
1
1
1
1
1
1
1
1
1
1
1
1
1
1
1
1
1
1
1
1
1
1
1
1
1
1
1
1
1
1
1
1
1
1
1
1
1
1
1
1
1
1
1
1
1
1
1
1
1
1
1
1
1
1
1
1
1
1
1
1
1
1
1
1
1
1
1
1
1
1
1
1
1
1
1
1
1
1
1
1
1
1
1
1
1
1
1
1
1
1
1
1
1
1
1
1
1
1
1
1
1
1
1
1
1
1
1
1
1
1
1
1
1
1
1
1
1
1
1
1
1
1
1
1
1
1
1
1
1
1
1
1
1
1
1
1
1
1
1
1
1
1
1
1
1
1
1
1
1
1
1
1
1
1
1
1
1
1
1
1
1
1
1
1
1
1
1
1
1
1
1
1
1
1
1
1
1
1
1
1
1
1
1
1
1
1
1
1
1
1
1
1
1
1
1
1
1
1
1
1
1
1
1
1
1
1
1
1
1
1
1
1
1
1
1
1
1
1
1
1
1
1
1
1
1
1
1
1
1
1
1
1
1
1
1
1
1
1
1
1
1
1
1
1
1
1
1
1
1
1
1
1
1
1
1
1
1
1
1
1
1
1
1
1
1
1
1
1
1
1
1
1
1
1
1
1
1
1
1
1
1
1
1
1
1
1
1
1
1
1
1
1
1
1
1
1
1
1
1
1
1
1
1
1
1
1
1
1
1
1
1
1
1
1
1
1
1
1
1
1
1
1
1
1
1
1
1
1
1
1
1
1
1
1
1
1
1
1
1
1
1
1
1
1
1
1
1
1
1
1
1
1
1
1
1
1
1
1
1
1
1
1
1
1
1
1
1
1
1
1
1
1
1
1
1
1
1
1
1
1
1
1
1
1
1
1
1
1
1
1
1
1
1
1
1
1
1
1
1
1
1
1
1
1
1
1
1
1
1
1
1
1
1
1
1
1
1
1
1
1
1
1
1
1
1
1
1
1
1
1
1
1
1
1
1
1
1
1
1
1
1
1
1
1
1
1
1
1
1
1
1
1
1
1
1
1
1
1
1
1
1
1
1
1
1
1
1
1
1
1
1
1
1
1
1
1
1
1
1
1
1
1
1
1
1
1
1
1
1
1
1
1
1
1
1
1
1
1
1
1
1
1
1
1
1
1
1
1
1
1
1
1
1
1
1
1
1
1
1
1
1
1
1
1
1
1
1
1
1
1
1
1
1
1
1
1
1
1
1
1
1
1
1
1
1
1
1
1
1
1
1
1
1
1
1
1
1
1
1
1
1
1
1
1
1
1
1
1
1
1
1
1
1
1
1
1
1
1
1
1
1
1
1
1
1
1
1
1
1
1
1
1
1
1
1
1
1
1
1
1
1
1
1
1
1
1
1
1
1
1
1
1
1
1
1
1
1
1
1
1
1
1
1
1
1
1
1
1
1
1
1
1
1
1
1
1
1
1
1
1
1
1
1
1
1
1
1
1
1
1
1
1
1
1
1
1
1
1
1
1
1
1
1
1
1
1
1
1
1
1
1
1
1
1
1
1
1
1
1
1
1
1
1
1
1
1
1
1
1
1
1
1
1
1
1
1
1
1
1
1
1
1
1
1
1
1
1
1
1
1
1
1
1
1
1
1
1
1
1
1
1
1
1
1
1
1
1
1
1
1
1
1
1
1
1
1
1
1
1
1
1
1
1
1
1
1
1
1
1
1
1
1
1
1
1
1
1
1
1
1
1
1
1
1
1
1
1
1
1
1
1
1
1
1
1
1
1
1
1
1
1
1
1
1
1
1
1
1
1
1
1
1
1
1
1
1
1
1
1
1
1
1
1
1
1
1
1
1
1
1
1
1
1
1
1
1
1
1
1
1
1
1
1
1
1
1
1
1
1
1
1
1
1
1
1
1
1
1
1
1
1
1
1
1
1
1
1
1
1
1
1
1
1
1
1
1
1
1
1
1
1
1
1
1
1
1
1
1
1
1
1
1
1
1
1
1
1
1
1
1
1
1
1
1
1
1
1
1
1
1
1
1
1
1
1
1
1
1
1
1
1
1
1
1
1
1
1
1
1
1
1
1
1
1
1
1
1
1
1
1
1
1
1
1
1
1
1
1
1
1
1
1
1
1
1
1
1
1
1
1
1
1
1
1
1
1
1
1
1
1
1
1
1
1
1
1
1
1
1
1
1
1
1
1
1
1
1
1
1
1
1
1
1
1
1
1
1
1
1
1
1
1
1
1
1
1
1
1
1
1
1
1
1
1
1
1
1
1
1
1
1
1
1
1
1
1
1
1
1
1
1
1
1
1
1
1
1
1
1
1
1
1
1
1
1
1
1
1
1
1
1
1
1
1
1
1
1
1
1
1
1
1
1
1
1
1
1
1
1
1
1
1
1
1
1
1
1
1
1
1
1
1
1
1
1
1
1
1
1
1
1
1
1
1
1
1
1
1
1
1
1
1
1
1
1
1
1
1
1
1
1
1
1
1
1
1
1
1
1
1
1
1
1
1
1
1
1
1
1
1
1
1
1
1
1
1
1
1
1
1
1
1
1
1
1
1
1
1
1
1
1
1
1
1
1
1
1
1
1
1
1
1
1
1
1
1
1
1
1
1
1
1
1
1
1
1
1
1
1
1
1
1
1
1
1
1
1
1
1
1
1
1
1
1
1
1
1
1
1
1
1
1
1
1
1
1
1
1
1
1
1
1
1
1
1
1
